2025-06-18 09:14:17.954 [main] INFO  hit.cs.sciencefms.ScienceFmsApplication - Starting ScienceFmsApplication using Java 17.0.10 with PID 5540 (D:\Codes\SchoolProject\Java\SoftwareProjection\scienceSystem\BackEnd\scienceFMS\target\classes started by DELL in D:\Codes\SchoolProject\Java\SoftwareProjection\scienceSystem\BackEnd)
2025-06-18 09:14:17.960 [main] DEBUG hit.cs.sciencefms.ScienceFmsApplication - Running with Spring Boot v3.0.2, Spring v6.0.4
2025-06-18 09:14:17.961 [main] INFO  hit.cs.sciencefms.ScienceFmsApplication - No active profile set, falling back to 1 default profile: "default"
2025-06-18 09:14:20.059 [main] INFO  o.s.boot.web.embedded.tomcat.TomcatWebServer - Tomcat initialized with port(s): 8082 (http)
2025-06-18 09:14:20.077 [main] INFO  org.apache.catalina.core.StandardService - Starting service [Tomcat]
2025-06-18 09:14:20.077 [main] INFO  org.apache.catalina.core.StandardEngine - Starting Servlet engine: [Apache Tomcat/10.1.5]
2025-06-18 09:14:20.131 [main] INFO  o.a.c.core.ContainerBase.[Tomcat].[localhost].[/] - Initializing Spring embedded WebApplicationContext
2025-06-18 09:14:20.132 [main] INFO  o.s.b.w.s.c.ServletWebServerApplicationContext - Root WebApplicationContext: initialization completed in 2140 ms
2025-06-18 09:14:20.222 [main] DEBUG hit.cs.sciencefms.config.JwtFilter - Filter 'jwtFilter' configured for use
2025-06-18 09:14:20.882 [main] INFO  o.s.b.a.web.servlet.WelcomePageHandlerMapping - Adding welcome page: class path resource [static/index.html]
2025-06-18 09:14:21.012 [main] INFO  o.s.boot.web.embedded.tomcat.TomcatWebServer - Tomcat started on port(s): 8082 (http) with context path ''
2025-06-18 09:14:21.018 [main] INFO  hit.cs.sciencefms.ScienceFmsApplication - Started ScienceFmsApplication in 3.372 seconds (process running for 4.011)
2025-06-18 09:14:32.262 [http-nio-8082-exec-1] INFO  o.a.c.core.ContainerBase.[Tomcat].[localhost].[/] - Initializing Spring DispatcherServlet 'dispatcherServlet'
2025-06-18 09:14:32.263 [http-nio-8082-exec-1] INFO  org.springframework.web.servlet.DispatcherServlet - Initializing Servlet 'dispatcherServlet'
2025-06-18 09:14:32.263 [http-nio-8082-exec-1] INFO  org.springframework.web.servlet.DispatcherServlet - Completed initialization in 0 ms
2025-06-18 09:14:32.342 [http-nio-8082-exec-2] INFO  hit.cs.sciencefms.service.impl.UserServiceImpl - 用户登录: teacher1
2025-06-18 09:14:32.377 [http-nio-8082-exec-2] WARN  c.b.m.core.toolkit.support.ReflectLambdaMeta - Unable to make field private final java.lang.Class java.lang.invoke.SerializedLambda.capturingClass accessible: module java.base does not "opens java.lang.invoke" to unnamed module @75d4a5c2
2025-06-18 09:14:32.392 [http-nio-8082-exec-2] INFO  com.zaxxer.hikari.HikariDataSource - HikariPool-1 - Starting...
2025-06-18 09:14:32.753 [http-nio-8082-exec-2] INFO  com.zaxxer.hikari.pool.HikariPool - HikariPool-1 - Added connection org.postgresql.jdbc.PgConnection@789c294d
2025-06-18 09:14:32.758 [http-nio-8082-exec-2] INFO  com.zaxxer.hikari.HikariDataSource - HikariPool-1 - Start completed.
2025-06-18 09:14:32.763 [http-nio-8082-exec-2] DEBUG hit.cs.sciencefms.mapper.UserMapper.selectList - ==>  Preparing: SELECT id,username,password,role,real_name,email,phone,status,login_fail_count,create_time,update_time FROM t_user WHERE (username = ?)
2025-06-18 09:14:32.770 [http-nio-8082-exec-2] DEBUG hit.cs.sciencefms.mapper.UserMapper.selectList - ==> Parameters: teacher1(String)
2025-06-18 09:14:32.827 [http-nio-8082-exec-2] DEBUG hit.cs.sciencefms.mapper.UserMapper.selectList - <==      Total: 1
2025-06-18 09:14:32.831 [http-nio-8082-exec-2] DEBUG h.c.s.mapper.UserMapper.resetLoginFailCount - ==>  Preparing: UPDATE t_user SET login_fail_count = 0 WHERE username = ?
2025-06-18 09:14:32.832 [http-nio-8082-exec-2] DEBUG h.c.s.mapper.UserMapper.resetLoginFailCount - ==> Parameters: teacher1(String)
2025-06-18 09:14:32.869 [http-nio-8082-exec-2] DEBUG h.c.s.mapper.UserMapper.resetLoginFailCount - <==    Updates: 1
2025-06-18 09:14:32.898 [http-nio-8082-exec-2] INFO  hit.cs.sciencefms.service.impl.UserServiceImpl - JWT token: eyJhbGciOiJIUzUxMiJ9.eyJyb2xlIjoidGVhY2hlciIsInVzZXJJZCI6MiwidXNlcm5hbWUiOiJ0ZWFjaGVyMSIsImlhdCI6MTc1MDIwOTI3MiwiZXhwIjoxNzUwMjk1NjcyfQ.RH6yBC-yQ04e3WRWuhpxqlhVUdu5xajBZHIS3VTZj1g_iDX2gCEq0hHsJxA1BKRuKHM_35S46AOjjLDDnnqVXg
2025-06-18 09:14:32.905 [http-nio-8082-exec-2] DEBUG hit.cs.sciencefms.mapper.TeacherMapper.selectList - ==>  Preparing: SELECT id,username,real_name,gender,birth_date,title,department,position,research_area,email,phone,office_location,avatar_url,create_time,update_time,is_deleted FROM t_teacher WHERE is_deleted=0 AND (username = ?)
2025-06-18 09:14:32.905 [http-nio-8082-exec-2] DEBUG hit.cs.sciencefms.mapper.TeacherMapper.selectList - ==> Parameters: teacher1(String)
2025-06-18 09:14:32.954 [http-nio-8082-exec-2] DEBUG hit.cs.sciencefms.mapper.TeacherMapper.selectList - <==      Total: 1
2025-06-18 09:14:33.108 [http-nio-8082-exec-5] INFO  hit.cs.sciencefms.util.JwtUtil - JWT验证成功
2025-06-18 09:14:33.115 [http-nio-8082-exec-5] WARN  o.s.core.LocalVariableTableParameterNameDiscoverer - Using deprecated '-debug' fallback for parameter name resolution. Compile the affected code with '-parameters' instead or avoid its introspection: hit.cs.sciencefms.controller.TeacherProfileController
2025-06-18 09:14:33.117 [http-nio-8082-exec-5] DEBUG h.c.s.mapper.TeacherMapper.selectByUsername - ==>  Preparing: SELECT * FROM t_teacher WHERE username = ? AND is_deleted = 0
2025-06-18 09:14:33.117 [http-nio-8082-exec-5] DEBUG h.c.s.mapper.TeacherMapper.selectByUsername - ==> Parameters: teacher1(String)
2025-06-18 09:14:33.153 [http-nio-8082-exec-5] DEBUG h.c.s.mapper.TeacherMapper.selectByUsername - <==      Total: 1
2025-06-18 09:14:33.153 [http-nio-8082-exec-5] DEBUG h.c.s.m.TeacherEducationMapper.selectByTeacherId - ==>  Preparing: SELECT * FROM t_teacher_education WHERE teacher_id = ? AND is_deleted = 0 ORDER BY end_year DESC
2025-06-18 09:14:33.154 [http-nio-8082-exec-5] DEBUG h.c.s.m.TeacherEducationMapper.selectByTeacherId - ==> Parameters: 1(Long)
2025-06-18 09:14:33.192 [http-nio-8082-exec-5] DEBUG h.c.s.m.TeacherEducationMapper.selectByTeacherId - <==      Total: 3
2025-06-18 09:14:35.310 [http-nio-8082-exec-3] INFO  hit.cs.sciencefms.util.JwtUtil - JWT验证成功
2025-06-18 09:14:35.312 [http-nio-8082-exec-3] WARN  o.s.core.LocalVariableTableParameterNameDiscoverer - Using deprecated '-debug' fallback for parameter name resolution. Compile the affected code with '-parameters' instead or avoid its introspection: hit.cs.sciencefms.controller.ResearchSummaryController
2025-06-18 09:14:35.355 [http-nio-8082-exec-3] DEBUG hit.cs.sciencefms.mapper.TeacherMapper.selectById - ==>  Preparing: SELECT id,username,real_name,gender,birth_date,title,department,position,research_area,email,phone,office_location,avatar_url,create_time,update_time,is_deleted FROM t_teacher WHERE id=? AND is_deleted=0
2025-06-18 09:14:35.357 [http-nio-8082-exec-3] DEBUG hit.cs.sciencefms.mapper.TeacherMapper.selectById - ==> Parameters: 1(Long)
2025-06-18 09:14:35.402 [http-nio-8082-exec-3] DEBUG hit.cs.sciencefms.mapper.TeacherMapper.selectById - <==      Total: 1
2025-06-18 09:14:35.403 [http-nio-8082-exec-3] DEBUG h.c.s.mapper.ResearchProjectMapper.findByTeacherId - ==>  Preparing: SELECT * FROM t_research_project WHERE teacher_id = ? AND is_deleted = 0 ORDER BY start_date DESC
2025-06-18 09:14:35.403 [http-nio-8082-exec-3] DEBUG h.c.s.mapper.ResearchProjectMapper.findByTeacherId - ==> Parameters: 1(Long)
2025-06-18 09:14:35.445 [http-nio-8082-exec-3] DEBUG h.c.s.mapper.ResearchProjectMapper.findByTeacherId - <==      Total: 9
2025-06-18 09:14:35.445 [http-nio-8082-exec-3] DEBUG h.c.s.m.IntellectualPropertyMapper.findByTeacherId - ==>  Preparing: SELECT * FROM t_intellectual_property WHERE teacher_id = ? AND is_deleted = 0 ORDER BY auth_date DESC
2025-06-18 09:14:35.446 [http-nio-8082-exec-3] DEBUG h.c.s.m.IntellectualPropertyMapper.findByTeacherId - ==> Parameters: 1(Long)
2025-06-18 09:14:35.488 [http-nio-8082-exec-3] DEBUG h.c.s.m.IntellectualPropertyMapper.findByTeacherId - <==      Total: 3
2025-06-18 09:14:35.489 [http-nio-8082-exec-3] DEBUG h.cs.sciencefms.mapper.AwardMapper.findByTeacherId - ==>  Preparing: SELECT * FROM t_award WHERE teacher_id = ? AND is_deleted = 0 ORDER BY award_date DESC
2025-06-18 09:14:35.489 [http-nio-8082-exec-3] DEBUG h.cs.sciencefms.mapper.AwardMapper.findByTeacherId - ==> Parameters: 1(Long)
2025-06-18 09:14:35.533 [http-nio-8082-exec-3] DEBUG h.cs.sciencefms.mapper.AwardMapper.findByTeacherId - <==      Total: 3
2025-06-18 09:14:35.535 [http-nio-8082-exec-3] DEBUG h.c.s.mapper.VisitRecordMapper.findByTeacherId - ==>  Preparing: SELECT * FROM t_visit_record WHERE teacher_id = ? AND is_deleted = 0 ORDER BY start_date DESC
2025-06-18 09:14:35.535 [http-nio-8082-exec-3] DEBUG h.c.s.mapper.VisitRecordMapper.findByTeacherId - ==> Parameters: 1(Long)
2025-06-18 09:14:35.582 [http-nio-8082-exec-3] DEBUG h.c.s.mapper.VisitRecordMapper.findByTeacherId - <==      Total: 4
2025-06-18 09:15:28.530 [http-nio-8082-exec-7] INFO  hit.cs.sciencefms.util.JwtUtil - JWT验证成功
2025-06-18 09:15:28.578 [http-nio-8082-exec-7] DEBUG hit.cs.sciencefms.mapper.TeacherMapper.selectById - ==>  Preparing: SELECT id,username,real_name,gender,birth_date,title,department,position,research_area,email,phone,office_location,avatar_url,create_time,update_time,is_deleted FROM t_teacher WHERE id=? AND is_deleted=0
2025-06-18 09:15:28.578 [http-nio-8082-exec-7] DEBUG hit.cs.sciencefms.mapper.TeacherMapper.selectById - ==> Parameters: 1(Long)
2025-06-18 09:15:28.616 [http-nio-8082-exec-7] DEBUG hit.cs.sciencefms.mapper.TeacherMapper.selectById - <==      Total: 1
2025-06-18 09:15:28.617 [http-nio-8082-exec-7] DEBUG h.c.s.mapper.ResearchProjectMapper.findByTeacherId - ==>  Preparing: SELECT * FROM t_research_project WHERE teacher_id = ? AND is_deleted = 0 ORDER BY start_date DESC
2025-06-18 09:15:28.617 [http-nio-8082-exec-7] DEBUG h.c.s.mapper.ResearchProjectMapper.findByTeacherId - ==> Parameters: 1(Long)
2025-06-18 09:15:28.659 [http-nio-8082-exec-7] DEBUG h.c.s.mapper.ResearchProjectMapper.findByTeacherId - <==      Total: 9
2025-06-18 09:15:28.660 [http-nio-8082-exec-7] DEBUG h.c.s.m.IntellectualPropertyMapper.findByTeacherId - ==>  Preparing: SELECT * FROM t_intellectual_property WHERE teacher_id = ? AND is_deleted = 0 ORDER BY auth_date DESC
2025-06-18 09:15:28.660 [http-nio-8082-exec-7] DEBUG h.c.s.m.IntellectualPropertyMapper.findByTeacherId - ==> Parameters: 1(Long)
2025-06-18 09:15:28.698 [http-nio-8082-exec-7] DEBUG h.c.s.m.IntellectualPropertyMapper.findByTeacherId - <==      Total: 3
2025-06-18 09:15:28.698 [http-nio-8082-exec-7] DEBUG h.cs.sciencefms.mapper.AwardMapper.findByTeacherId - ==>  Preparing: SELECT * FROM t_award WHERE teacher_id = ? AND is_deleted = 0 ORDER BY award_date DESC
2025-06-18 09:15:28.698 [http-nio-8082-exec-7] DEBUG h.cs.sciencefms.mapper.AwardMapper.findByTeacherId - ==> Parameters: 1(Long)
2025-06-18 09:15:28.746 [http-nio-8082-exec-7] DEBUG h.cs.sciencefms.mapper.AwardMapper.findByTeacherId - <==      Total: 3
2025-06-18 09:15:28.747 [http-nio-8082-exec-7] DEBUG h.c.s.mapper.VisitRecordMapper.findByTeacherId - ==>  Preparing: SELECT * FROM t_visit_record WHERE teacher_id = ? AND is_deleted = 0 ORDER BY start_date DESC
2025-06-18 09:15:28.747 [http-nio-8082-exec-7] DEBUG h.c.s.mapper.VisitRecordMapper.findByTeacherId - ==> Parameters: 1(Long)
2025-06-18 09:15:28.775 [http-nio-8082-exec-7] DEBUG h.c.s.mapper.VisitRecordMapper.findByTeacherId - <==      Total: 4
2025-06-18 09:16:01.552 [http-nio-8082-exec-10] INFO  hit.cs.sciencefms.util.JwtUtil - JWT验证成功
2025-06-18 09:16:01.553 [http-nio-8082-exec-1] INFO  hit.cs.sciencefms.util.JwtUtil - JWT验证成功
2025-06-18 09:16:01.598 [http-nio-8082-exec-1] DEBUG h.c.s.mapper.VisitRecordMapper.selectCount - ==>  Preparing: SELECT COUNT( * ) AS total FROM t_visit_record WHERE is_deleted=0 AND (teacher_id = ? AND (start_date BETWEEN ? AND ? OR end_date BETWEEN ? AND ? AND (start_date < ? AND end_date > ?)))
2025-06-18 09:16:01.599 [http-nio-8082-exec-1] DEBUG h.c.s.mapper.VisitRecordMapper.selectCount - ==> Parameters: 1(Long), 2025-01-01(LocalDate), 2025-12-31(LocalDate), 2025-01-01(LocalDate), 2025-12-31(LocalDate), 2025-01-01(LocalDate), 2025-12-31(LocalDate)
2025-06-18 09:16:01.638 [http-nio-8082-exec-1] DEBUG h.c.s.mapper.VisitRecordMapper.selectCount - <==      Total: 1
2025-06-18 09:16:01.649 [http-nio-8082-exec-10] DEBUG h.c.s.mapper.VisitRecordMapper.selectPage_mpCount - ==>  Preparing: SELECT COUNT(*) AS total FROM t_visit_record WHERE is_deleted = 0 AND (teacher_id = ?)
2025-06-18 09:16:01.650 [http-nio-8082-exec-10] DEBUG h.c.s.mapper.VisitRecordMapper.selectPage_mpCount - ==> Parameters: 1(Long)
2025-06-18 09:16:01.691 [http-nio-8082-exec-10] DEBUG h.c.s.mapper.VisitRecordMapper.selectPage_mpCount - <==      Total: 1
2025-06-18 09:16:01.693 [http-nio-8082-exec-10] DEBUG h.c.sciencefms.mapper.VisitRecordMapper.selectPage - ==>  Preparing: SELECT id,purpose,location,start_date,end_date,result,itinerary_file,report_file,reimbursement_status,reimbursement_amount,teacher_id,create_time,update_time,is_deleted FROM t_visit_record WHERE is_deleted=0 AND (teacher_id = ?) ORDER BY start_date DESC LIMIT ?
2025-06-18 09:16:01.693 [http-nio-8082-exec-10] DEBUG h.c.sciencefms.mapper.VisitRecordMapper.selectPage - ==> Parameters: 1(Long), 10(Long)
2025-06-18 09:16:01.737 [http-nio-8082-exec-10] DEBUG h.c.sciencefms.mapper.VisitRecordMapper.selectPage - <==      Total: 4
2025-06-18 09:16:02.816 [http-nio-8082-exec-4] INFO  hit.cs.sciencefms.util.JwtUtil - JWT验证成功
2025-06-18 09:16:02.853 [http-nio-8082-exec-4] DEBUG h.c.s.m.I.selectPage_mpCount - ==>  Preparing: SELECT COUNT(*) AS total FROM t_intellectual_property WHERE is_deleted = 0 AND (teacher_id = ?)
2025-06-18 09:16:02.854 [http-nio-8082-exec-4] DEBUG h.c.s.m.I.selectPage_mpCount - ==> Parameters: 2(Long)
2025-06-18 09:16:02.885 [http-nio-8082-exec-4] DEBUG h.c.s.m.I.selectPage_mpCount - <==      Total: 1
2025-06-18 09:16:02.885 [http-nio-8082-exec-4] DEBUG h.c.s.mapper.IntellectualPropertyMapper.selectPage - ==>  Preparing: SELECT id,title,type,subtype,auth_number,apply_date,auth_date,inventor_rank,teacher_id,create_time,update_time,is_deleted FROM t_intellectual_property WHERE is_deleted=0 AND (teacher_id = ?) ORDER BY auth_date DESC,apply_date DESC LIMIT ?
2025-06-18 09:16:02.886 [http-nio-8082-exec-4] DEBUG h.c.s.mapper.IntellectualPropertyMapper.selectPage - ==> Parameters: 2(Long), 10(Long)
2025-06-18 09:16:02.937 [http-nio-8082-exec-4] DEBUG h.c.s.mapper.IntellectualPropertyMapper.selectPage - <==      Total: 4
2025-06-18 09:16:03.641 [http-nio-8082-exec-6] INFO  hit.cs.sciencefms.util.JwtUtil - JWT验证成功
2025-06-18 09:16:03.682 [http-nio-8082-exec-6] DEBUG h.c.s.m.ResearchProjectMapper.selectPage_mpCount - ==>  Preparing: SELECT COUNT(*) AS total FROM t_research_project WHERE is_deleted = 0 AND (teacher_id = ?)
2025-06-18 09:16:03.683 [http-nio-8082-exec-6] DEBUG h.c.s.m.ResearchProjectMapper.selectPage_mpCount - ==> Parameters: 1(Long)
2025-06-18 09:16:03.718 [http-nio-8082-exec-6] DEBUG h.c.s.m.ResearchProjectMapper.selectPage_mpCount - <==      Total: 1
2025-06-18 09:16:03.720 [http-nio-8082-exec-6] DEBUG h.c.s.mapper.ResearchProjectMapper.selectPage - ==>  Preparing: SELECT id,project_name,project_code,source,funding,start_date,end_date,attachments,teacher_id,role,create_time,update_time,is_deleted FROM t_research_project WHERE is_deleted=0 AND (teacher_id = ?) ORDER BY create_time DESC LIMIT ?
2025-06-18 09:16:03.720 [http-nio-8082-exec-6] DEBUG h.c.s.mapper.ResearchProjectMapper.selectPage - ==> Parameters: 1(Long), 10(Long)
2025-06-18 09:16:03.757 [http-nio-8082-exec-6] DEBUG h.c.s.mapper.ResearchProjectMapper.selectPage - <==      Total: 9
2025-06-18 09:16:04.760 [http-nio-8082-exec-3] INFO  hit.cs.sciencefms.util.JwtUtil - JWT验证成功
2025-06-18 09:16:04.800 [http-nio-8082-exec-3] DEBUG h.c.s.mapper.TeacherMapper.selectByUsername - ==>  Preparing: SELECT * FROM t_teacher WHERE username = ? AND is_deleted = 0
2025-06-18 09:16:04.800 [http-nio-8082-exec-3] DEBUG h.c.s.mapper.TeacherMapper.selectByUsername - ==> Parameters: teacher1(String)
2025-06-18 09:16:04.835 [http-nio-8082-exec-3] DEBUG h.c.s.mapper.TeacherMapper.selectByUsername - <==      Total: 1
2025-06-18 09:16:04.838 [http-nio-8082-exec-3] DEBUG h.c.s.m.TeacherEducationMapper.selectByTeacherId - ==>  Preparing: SELECT * FROM t_teacher_education WHERE teacher_id = ? AND is_deleted = 0 ORDER BY end_year DESC
2025-06-18 09:16:04.838 [http-nio-8082-exec-3] DEBUG h.c.s.m.TeacherEducationMapper.selectByTeacherId - ==> Parameters: 1(Long)
2025-06-18 09:16:04.875 [http-nio-8082-exec-3] DEBUG h.c.s.m.TeacherEducationMapper.selectByTeacherId - <==      Total: 3
2025-06-18 09:16:05.204 [http-nio-8082-exec-7] INFO  hit.cs.sciencefms.util.JwtUtil - JWT验证成功
2025-06-18 09:16:05.211 [http-nio-8082-exec-7] DEBUG h.c.s.m.ResearchProjectMapper.selectPage_mpCount - ==>  Preparing: SELECT COUNT(*) AS total FROM t_research_project WHERE is_deleted = 0 AND (teacher_id = ?)
2025-06-18 09:16:05.211 [http-nio-8082-exec-7] DEBUG h.c.s.m.ResearchProjectMapper.selectPage_mpCount - ==> Parameters: 1(Long)
2025-06-18 09:16:05.249 [http-nio-8082-exec-7] DEBUG h.c.s.m.ResearchProjectMapper.selectPage_mpCount - <==      Total: 1
2025-06-18 09:16:05.250 [http-nio-8082-exec-7] DEBUG h.c.s.mapper.ResearchProjectMapper.selectPage - ==>  Preparing: SELECT id,project_name,project_code,source,funding,start_date,end_date,attachments,teacher_id,role,create_time,update_time,is_deleted FROM t_research_project WHERE is_deleted=0 AND (teacher_id = ?) ORDER BY create_time DESC LIMIT ?
2025-06-18 09:16:05.250 [http-nio-8082-exec-7] DEBUG h.c.s.mapper.ResearchProjectMapper.selectPage - ==> Parameters: 1(Long), 10(Long)
2025-06-18 09:16:05.297 [http-nio-8082-exec-7] DEBUG h.c.s.mapper.ResearchProjectMapper.selectPage - <==      Total: 9
2025-06-18 09:16:06.089 [http-nio-8082-exec-10] INFO  hit.cs.sciencefms.util.JwtUtil - JWT验证成功
2025-06-18 09:16:06.089 [http-nio-8082-exec-1] INFO  hit.cs.sciencefms.util.JwtUtil - JWT验证成功
2025-06-18 09:16:06.134 [http-nio-8082-exec-10] DEBUG h.c.s.m.ResearchProjectMapper.selectPage_mpCount - ==>  Preparing: SELECT COUNT(*) AS total FROM t_research_project WHERE is_deleted = 0 AND (teacher_id = ?)
2025-06-18 09:16:06.134 [http-nio-8082-exec-1] DEBUG h.c.s.mapper.AwardMapper.selectPage_mpCount - ==>  Preparing: SELECT COUNT(*) AS total FROM t_award WHERE is_deleted = 0 AND (teacher_id = ?)
2025-06-18 09:16:06.134 [http-nio-8082-exec-10] DEBUG h.c.s.m.ResearchProjectMapper.selectPage_mpCount - ==> Parameters: 1(Long)
2025-06-18 09:16:06.134 [http-nio-8082-exec-1] DEBUG h.c.s.mapper.AwardMapper.selectPage_mpCount - ==> Parameters: 1(Long)
2025-06-18 09:16:06.165 [http-nio-8082-exec-1] DEBUG h.c.s.mapper.AwardMapper.selectPage_mpCount - <==      Total: 1
2025-06-18 09:16:06.165 [http-nio-8082-exec-1] DEBUG hit.cs.sciencefms.mapper.AwardMapper.selectPage - ==>  Preparing: SELECT id,award_name,award_level,issuing_unit,award_date,certificate_image,related_project_id,teacher_id,create_time,update_time,is_deleted FROM t_award WHERE is_deleted=0 AND (teacher_id = ?) ORDER BY award_date DESC LIMIT ?
2025-06-18 09:16:06.165 [http-nio-8082-exec-1] DEBUG hit.cs.sciencefms.mapper.AwardMapper.selectPage - ==> Parameters: 1(Long), 10(Long)
2025-06-18 09:16:06.174 [http-nio-8082-exec-10] DEBUG h.c.s.m.ResearchProjectMapper.selectPage_mpCount - <==      Total: 1
2025-06-18 09:16:06.174 [http-nio-8082-exec-10] DEBUG h.c.s.mapper.ResearchProjectMapper.selectPage - ==>  Preparing: SELECT id,project_name,project_code,source,funding,start_date,end_date,attachments,teacher_id,role,create_time,update_time,is_deleted FROM t_research_project WHERE is_deleted=0 AND (teacher_id = ?) ORDER BY create_time DESC LIMIT ?
2025-06-18 09:16:06.174 [http-nio-8082-exec-10] DEBUG h.c.s.mapper.ResearchProjectMapper.selectPage - ==> Parameters: 1(Long), 100(Long)
2025-06-18 09:16:06.195 [http-nio-8082-exec-1] DEBUG hit.cs.sciencefms.mapper.AwardMapper.selectPage - <==      Total: 3
2025-06-18 09:16:06.220 [http-nio-8082-exec-10] DEBUG h.c.s.mapper.ResearchProjectMapper.selectPage - <==      Total: 9
2025-06-18 09:16:06.789 [http-nio-8082-exec-2] INFO  hit.cs.sciencefms.util.JwtUtil - JWT验证成功
2025-06-18 09:16:06.789 [http-nio-8082-exec-4] INFO  hit.cs.sciencefms.util.JwtUtil - JWT验证成功
2025-06-18 09:16:06.823 [http-nio-8082-exec-4] DEBUG h.c.s.mapper.VisitRecordMapper.selectCount - ==>  Preparing: SELECT COUNT( * ) AS total FROM t_visit_record WHERE is_deleted=0 AND (teacher_id = ? AND (start_date BETWEEN ? AND ? OR end_date BETWEEN ? AND ? AND (start_date < ? AND end_date > ?)))
2025-06-18 09:16:06.824 [http-nio-8082-exec-4] DEBUG h.c.s.mapper.VisitRecordMapper.selectCount - ==> Parameters: 1(Long), 2025-01-01(LocalDate), 2025-12-31(LocalDate), 2025-01-01(LocalDate), 2025-12-31(LocalDate), 2025-01-01(LocalDate), 2025-12-31(LocalDate)
2025-06-18 09:16:06.831 [http-nio-8082-exec-2] DEBUG h.c.s.mapper.VisitRecordMapper.selectPage_mpCount - ==>  Preparing: SELECT COUNT(*) AS total FROM t_visit_record WHERE is_deleted = 0 AND (teacher_id = ?)
2025-06-18 09:16:06.831 [http-nio-8082-exec-2] DEBUG h.c.s.mapper.VisitRecordMapper.selectPage_mpCount - ==> Parameters: 1(Long)
2025-06-18 09:16:06.867 [http-nio-8082-exec-4] DEBUG h.c.s.mapper.VisitRecordMapper.selectCount - <==      Total: 1
2025-06-18 09:16:06.880 [http-nio-8082-exec-2] DEBUG h.c.s.mapper.VisitRecordMapper.selectPage_mpCount - <==      Total: 1
2025-06-18 09:16:06.882 [http-nio-8082-exec-2] DEBUG h.c.sciencefms.mapper.VisitRecordMapper.selectPage - ==>  Preparing: SELECT id,purpose,location,start_date,end_date,result,itinerary_file,report_file,reimbursement_status,reimbursement_amount,teacher_id,create_time,update_time,is_deleted FROM t_visit_record WHERE is_deleted=0 AND (teacher_id = ?) ORDER BY start_date DESC LIMIT ?
2025-06-18 09:16:06.883 [http-nio-8082-exec-2] DEBUG h.c.sciencefms.mapper.VisitRecordMapper.selectPage - ==> Parameters: 1(Long), 10(Long)
2025-06-18 09:16:06.931 [http-nio-8082-exec-2] DEBUG h.c.sciencefms.mapper.VisitRecordMapper.selectPage - <==      Total: 4
2025-06-18 09:16:44.308 [http-nio-8082-exec-5] INFO  hit.cs.sciencefms.util.JwtUtil - JWT验证成功
2025-06-18 09:16:44.347 [http-nio-8082-exec-5] DEBUG hit.cs.sciencefms.mapper.TeacherMapper.selectById - ==>  Preparing: SELECT id,username,real_name,gender,birth_date,title,department,position,research_area,email,phone,office_location,avatar_url,create_time,update_time,is_deleted FROM t_teacher WHERE id=? AND is_deleted=0
2025-06-18 09:16:44.347 [http-nio-8082-exec-5] DEBUG hit.cs.sciencefms.mapper.TeacherMapper.selectById - ==> Parameters: 1(Long)
2025-06-18 09:16:44.383 [http-nio-8082-exec-5] DEBUG hit.cs.sciencefms.mapper.TeacherMapper.selectById - <==      Total: 1
2025-06-18 09:16:44.384 [http-nio-8082-exec-5] DEBUG h.c.s.mapper.ResearchProjectMapper.findByTeacherId - ==>  Preparing: SELECT * FROM t_research_project WHERE teacher_id = ? AND is_deleted = 0 ORDER BY start_date DESC
2025-06-18 09:16:44.384 [http-nio-8082-exec-5] DEBUG h.c.s.mapper.ResearchProjectMapper.findByTeacherId - ==> Parameters: 1(Long)
2025-06-18 09:16:44.419 [http-nio-8082-exec-5] DEBUG h.c.s.mapper.ResearchProjectMapper.findByTeacherId - <==      Total: 9
2025-06-18 09:16:44.420 [http-nio-8082-exec-5] DEBUG h.c.s.m.IntellectualPropertyMapper.findByTeacherId - ==>  Preparing: SELECT * FROM t_intellectual_property WHERE teacher_id = ? AND is_deleted = 0 ORDER BY auth_date DESC
2025-06-18 09:16:44.421 [http-nio-8082-exec-5] DEBUG h.c.s.m.IntellectualPropertyMapper.findByTeacherId - ==> Parameters: 1(Long)
2025-06-18 09:16:44.448 [http-nio-8082-exec-5] DEBUG h.c.s.m.IntellectualPropertyMapper.findByTeacherId - <==      Total: 3
2025-06-18 09:16:44.450 [http-nio-8082-exec-5] DEBUG h.cs.sciencefms.mapper.AwardMapper.findByTeacherId - ==>  Preparing: SELECT * FROM t_award WHERE teacher_id = ? AND is_deleted = 0 ORDER BY award_date DESC
2025-06-18 09:16:44.450 [http-nio-8082-exec-5] DEBUG h.cs.sciencefms.mapper.AwardMapper.findByTeacherId - ==> Parameters: 1(Long)
2025-06-18 09:16:44.487 [http-nio-8082-exec-5] DEBUG h.cs.sciencefms.mapper.AwardMapper.findByTeacherId - <==      Total: 3
2025-06-18 09:16:44.489 [http-nio-8082-exec-5] DEBUG h.c.s.mapper.VisitRecordMapper.findByTeacherId - ==>  Preparing: SELECT * FROM t_visit_record WHERE teacher_id = ? AND is_deleted = 0 ORDER BY start_date DESC
2025-06-18 09:16:44.489 [http-nio-8082-exec-5] DEBUG h.c.s.mapper.VisitRecordMapper.findByTeacherId - ==> Parameters: 1(Long)
2025-06-18 09:16:44.526 [http-nio-8082-exec-5] DEBUG h.c.s.mapper.VisitRecordMapper.findByTeacherId - <==      Total: 4
2025-06-18 09:16:45.704 [http-nio-8082-exec-6] INFO  hit.cs.sciencefms.util.JwtUtil - JWT验证成功
2025-06-18 09:16:45.745 [http-nio-8082-exec-6] DEBUG hit.cs.sciencefms.mapper.TeacherMapper.selectById - ==>  Preparing: SELECT id,username,real_name,gender,birth_date,title,department,position,research_area,email,phone,office_location,avatar_url,create_time,update_time,is_deleted FROM t_teacher WHERE id=? AND is_deleted=0
2025-06-18 09:16:45.745 [http-nio-8082-exec-6] DEBUG hit.cs.sciencefms.mapper.TeacherMapper.selectById - ==> Parameters: 1(Long)
2025-06-18 09:16:45.808 [http-nio-8082-exec-6] DEBUG hit.cs.sciencefms.mapper.TeacherMapper.selectById - <==      Total: 1
2025-06-18 09:16:45.810 [http-nio-8082-exec-6] DEBUG h.c.s.mapper.ResearchProjectMapper.findByTeacherId - ==>  Preparing: SELECT * FROM t_research_project WHERE teacher_id = ? AND is_deleted = 0 ORDER BY start_date DESC
2025-06-18 09:16:45.810 [http-nio-8082-exec-6] DEBUG h.c.s.mapper.ResearchProjectMapper.findByTeacherId - ==> Parameters: 1(Long)
2025-06-18 09:16:45.838 [http-nio-8082-exec-6] DEBUG h.c.s.mapper.ResearchProjectMapper.findByTeacherId - <==      Total: 9
2025-06-18 09:16:45.838 [http-nio-8082-exec-6] DEBUG h.c.s.m.IntellectualPropertyMapper.findByTeacherId - ==>  Preparing: SELECT * FROM t_intellectual_property WHERE teacher_id = ? AND is_deleted = 0 ORDER BY auth_date DESC
2025-06-18 09:16:45.838 [http-nio-8082-exec-6] DEBUG h.c.s.m.IntellectualPropertyMapper.findByTeacherId - ==> Parameters: 1(Long)
2025-06-18 09:16:45.890 [http-nio-8082-exec-6] DEBUG h.c.s.m.IntellectualPropertyMapper.findByTeacherId - <==      Total: 3
2025-06-18 09:16:45.890 [http-nio-8082-exec-6] DEBUG h.cs.sciencefms.mapper.AwardMapper.findByTeacherId - ==>  Preparing: SELECT * FROM t_award WHERE teacher_id = ? AND is_deleted = 0 ORDER BY award_date DESC
2025-06-18 09:16:45.890 [http-nio-8082-exec-6] DEBUG h.cs.sciencefms.mapper.AwardMapper.findByTeacherId - ==> Parameters: 1(Long)
2025-06-18 09:16:45.927 [http-nio-8082-exec-6] DEBUG h.cs.sciencefms.mapper.AwardMapper.findByTeacherId - <==      Total: 3
2025-06-18 09:16:45.927 [http-nio-8082-exec-6] DEBUG h.c.s.mapper.VisitRecordMapper.findByTeacherId - ==>  Preparing: SELECT * FROM t_visit_record WHERE teacher_id = ? AND is_deleted = 0 ORDER BY start_date DESC
2025-06-18 09:16:45.927 [http-nio-8082-exec-6] DEBUG h.c.s.mapper.VisitRecordMapper.findByTeacherId - ==> Parameters: 1(Long)
2025-06-18 09:16:45.965 [http-nio-8082-exec-6] DEBUG h.c.s.mapper.VisitRecordMapper.findByTeacherId - <==      Total: 4
2025-06-18 09:16:49.000 [http-nio-8082-exec-3] INFO  hit.cs.sciencefms.util.JwtUtil - JWT验证成功
2025-06-18 09:16:49.000 [http-nio-8082-exec-7] INFO  hit.cs.sciencefms.util.JwtUtil - JWT验证成功
2025-06-18 09:16:49.038 [http-nio-8082-exec-7] DEBUG h.c.s.mapper.VisitRecordMapper.selectCount - ==>  Preparing: SELECT COUNT( * ) AS total FROM t_visit_record WHERE is_deleted=0 AND (teacher_id = ? AND (start_date BETWEEN ? AND ? OR end_date BETWEEN ? AND ? AND (start_date < ? AND end_date > ?)))
2025-06-18 09:16:49.038 [http-nio-8082-exec-7] DEBUG h.c.s.mapper.VisitRecordMapper.selectCount - ==> Parameters: 1(Long), 2025-01-01(LocalDate), 2025-12-31(LocalDate), 2025-01-01(LocalDate), 2025-12-31(LocalDate), 2025-01-01(LocalDate), 2025-12-31(LocalDate)
2025-06-18 09:16:49.054 [http-nio-8082-exec-3] DEBUG h.c.s.mapper.VisitRecordMapper.selectPage_mpCount - ==>  Preparing: SELECT COUNT(*) AS total FROM t_visit_record WHERE is_deleted = 0 AND (teacher_id = ?)
2025-06-18 09:16:49.054 [http-nio-8082-exec-3] DEBUG h.c.s.mapper.VisitRecordMapper.selectPage_mpCount - ==> Parameters: 1(Long)
2025-06-18 09:16:49.079 [http-nio-8082-exec-7] DEBUG h.c.s.mapper.VisitRecordMapper.selectCount - <==      Total: 1
2025-06-18 09:16:49.098 [http-nio-8082-exec-3] DEBUG h.c.s.mapper.VisitRecordMapper.selectPage_mpCount - <==      Total: 1
2025-06-18 09:16:49.099 [http-nio-8082-exec-3] DEBUG h.c.sciencefms.mapper.VisitRecordMapper.selectPage - ==>  Preparing: SELECT id,purpose,location,start_date,end_date,result,itinerary_file,report_file,reimbursement_status,reimbursement_amount,teacher_id,create_time,update_time,is_deleted FROM t_visit_record WHERE is_deleted=0 AND (teacher_id = ?) ORDER BY start_date DESC LIMIT ?
2025-06-18 09:16:49.099 [http-nio-8082-exec-3] DEBUG h.c.sciencefms.mapper.VisitRecordMapper.selectPage - ==> Parameters: 1(Long), 10(Long)
2025-06-18 09:16:49.144 [http-nio-8082-exec-3] DEBUG h.c.sciencefms.mapper.VisitRecordMapper.selectPage - <==      Total: 4
2025-06-18 09:16:50.075 [http-nio-8082-exec-8] INFO  hit.cs.sciencefms.util.JwtUtil - JWT验证成功
2025-06-18 09:16:50.114 [http-nio-8082-exec-8] DEBUG hit.cs.sciencefms.mapper.TeacherMapper.selectById - ==>  Preparing: SELECT id,username,real_name,gender,birth_date,title,department,position,research_area,email,phone,office_location,avatar_url,create_time,update_time,is_deleted FROM t_teacher WHERE id=? AND is_deleted=0
2025-06-18 09:16:50.114 [http-nio-8082-exec-8] DEBUG hit.cs.sciencefms.mapper.TeacherMapper.selectById - ==> Parameters: 1(Long)
2025-06-18 09:16:50.158 [http-nio-8082-exec-8] DEBUG hit.cs.sciencefms.mapper.TeacherMapper.selectById - <==      Total: 1
2025-06-18 09:16:50.158 [http-nio-8082-exec-8] DEBUG h.c.s.mapper.ResearchProjectMapper.findByTeacherId - ==>  Preparing: SELECT * FROM t_research_project WHERE teacher_id = ? AND is_deleted = 0 ORDER BY start_date DESC
2025-06-18 09:16:50.158 [http-nio-8082-exec-8] DEBUG h.c.s.mapper.ResearchProjectMapper.findByTeacherId - ==> Parameters: 1(Long)
2025-06-18 09:16:50.207 [http-nio-8082-exec-8] DEBUG h.c.s.mapper.ResearchProjectMapper.findByTeacherId - <==      Total: 9
2025-06-18 09:16:50.207 [http-nio-8082-exec-8] DEBUG h.c.s.m.IntellectualPropertyMapper.findByTeacherId - ==>  Preparing: SELECT * FROM t_intellectual_property WHERE teacher_id = ? AND is_deleted = 0 ORDER BY auth_date DESC
2025-06-18 09:16:50.209 [http-nio-8082-exec-8] DEBUG h.c.s.m.IntellectualPropertyMapper.findByTeacherId - ==> Parameters: 1(Long)
2025-06-18 09:16:50.248 [http-nio-8082-exec-8] DEBUG h.c.s.m.IntellectualPropertyMapper.findByTeacherId - <==      Total: 3
2025-06-18 09:16:50.249 [http-nio-8082-exec-8] DEBUG h.cs.sciencefms.mapper.AwardMapper.findByTeacherId - ==>  Preparing: SELECT * FROM t_award WHERE teacher_id = ? AND is_deleted = 0 ORDER BY award_date DESC
2025-06-18 09:16:50.249 [http-nio-8082-exec-8] DEBUG h.cs.sciencefms.mapper.AwardMapper.findByTeacherId - ==> Parameters: 1(Long)
2025-06-18 09:16:50.291 [http-nio-8082-exec-8] DEBUG h.cs.sciencefms.mapper.AwardMapper.findByTeacherId - <==      Total: 3
2025-06-18 09:16:50.292 [http-nio-8082-exec-8] DEBUG h.c.s.mapper.VisitRecordMapper.findByTeacherId - ==>  Preparing: SELECT * FROM t_visit_record WHERE teacher_id = ? AND is_deleted = 0 ORDER BY start_date DESC
2025-06-18 09:16:50.292 [http-nio-8082-exec-8] DEBUG h.c.s.mapper.VisitRecordMapper.findByTeacherId - ==> Parameters: 1(Long)
2025-06-18 09:16:50.329 [http-nio-8082-exec-8] DEBUG h.c.s.mapper.VisitRecordMapper.findByTeacherId - <==      Total: 4
2025-06-18 09:16:54.650 [http-nio-8082-exec-9] INFO  hit.cs.sciencefms.util.JwtUtil - JWT验证成功
2025-06-18 09:16:54.687 [http-nio-8082-exec-9] DEBUG hit.cs.sciencefms.mapper.TeacherMapper.selectById - ==>  Preparing: SELECT id,username,real_name,gender,birth_date,title,department,position,research_area,email,phone,office_location,avatar_url,create_time,update_time,is_deleted FROM t_teacher WHERE id=? AND is_deleted=0
2025-06-18 09:16:54.687 [http-nio-8082-exec-9] DEBUG hit.cs.sciencefms.mapper.TeacherMapper.selectById - ==> Parameters: 1(Long)
2025-06-18 09:16:54.731 [http-nio-8082-exec-9] DEBUG hit.cs.sciencefms.mapper.TeacherMapper.selectById - <==      Total: 1
2025-06-18 09:16:54.731 [http-nio-8082-exec-9] DEBUG h.c.s.mapper.ResearchProjectMapper.findByTeacherId - ==>  Preparing: SELECT * FROM t_research_project WHERE teacher_id = ? AND is_deleted = 0 ORDER BY start_date DESC
2025-06-18 09:16:54.731 [http-nio-8082-exec-9] DEBUG h.c.s.mapper.ResearchProjectMapper.findByTeacherId - ==> Parameters: 1(Long)
2025-06-18 09:16:54.761 [http-nio-8082-exec-9] DEBUG h.c.s.mapper.ResearchProjectMapper.findByTeacherId - <==      Total: 9
2025-06-18 09:16:54.762 [http-nio-8082-exec-9] DEBUG h.c.s.m.IntellectualPropertyMapper.findByTeacherId - ==>  Preparing: SELECT * FROM t_intellectual_property WHERE teacher_id = ? AND is_deleted = 0 ORDER BY auth_date DESC
2025-06-18 09:16:54.762 [http-nio-8082-exec-9] DEBUG h.c.s.m.IntellectualPropertyMapper.findByTeacherId - ==> Parameters: 1(Long)
2025-06-18 09:16:54.797 [http-nio-8082-exec-9] DEBUG h.c.s.m.IntellectualPropertyMapper.findByTeacherId - <==      Total: 3
2025-06-18 09:16:54.799 [http-nio-8082-exec-9] DEBUG h.cs.sciencefms.mapper.AwardMapper.findByTeacherId - ==>  Preparing: SELECT * FROM t_award WHERE teacher_id = ? AND is_deleted = 0 ORDER BY award_date DESC
2025-06-18 09:16:54.799 [http-nio-8082-exec-9] DEBUG h.cs.sciencefms.mapper.AwardMapper.findByTeacherId - ==> Parameters: 1(Long)
2025-06-18 09:16:54.832 [http-nio-8082-exec-9] DEBUG h.cs.sciencefms.mapper.AwardMapper.findByTeacherId - <==      Total: 3
2025-06-18 09:16:54.832 [http-nio-8082-exec-9] DEBUG h.c.s.mapper.VisitRecordMapper.findByTeacherId - ==>  Preparing: SELECT * FROM t_visit_record WHERE teacher_id = ? AND is_deleted = 0 ORDER BY start_date DESC
2025-06-18 09:16:54.832 [http-nio-8082-exec-9] DEBUG h.c.s.mapper.VisitRecordMapper.findByTeacherId - ==> Parameters: 1(Long)
2025-06-18 09:16:54.865 [http-nio-8082-exec-9] DEBUG h.c.s.mapper.VisitRecordMapper.findByTeacherId - <==      Total: 4
2025-06-18 09:16:56.287 [http-nio-8082-exec-1] INFO  hit.cs.sciencefms.util.JwtUtil - JWT验证成功
2025-06-18 09:16:56.324 [http-nio-8082-exec-1] DEBUG hit.cs.sciencefms.mapper.TeacherMapper.selectById - ==>  Preparing: SELECT id,username,real_name,gender,birth_date,title,department,position,research_area,email,phone,office_location,avatar_url,create_time,update_time,is_deleted FROM t_teacher WHERE id=? AND is_deleted=0
2025-06-18 09:16:56.325 [http-nio-8082-exec-1] DEBUG hit.cs.sciencefms.mapper.TeacherMapper.selectById - ==> Parameters: 1(Long)
2025-06-18 09:16:56.355 [http-nio-8082-exec-1] DEBUG hit.cs.sciencefms.mapper.TeacherMapper.selectById - <==      Total: 1
2025-06-18 09:16:56.356 [http-nio-8082-exec-1] DEBUG h.c.s.mapper.ResearchProjectMapper.findByTeacherId - ==>  Preparing: SELECT * FROM t_research_project WHERE teacher_id = ? AND is_deleted = 0 ORDER BY start_date DESC
2025-06-18 09:16:56.356 [http-nio-8082-exec-1] DEBUG h.c.s.mapper.ResearchProjectMapper.findByTeacherId - ==> Parameters: 1(Long)
2025-06-18 09:16:56.405 [http-nio-8082-exec-1] DEBUG h.c.s.mapper.ResearchProjectMapper.findByTeacherId - <==      Total: 9
2025-06-18 09:16:56.405 [http-nio-8082-exec-1] DEBUG h.c.s.m.IntellectualPropertyMapper.findByTeacherId - ==>  Preparing: SELECT * FROM t_intellectual_property WHERE teacher_id = ? AND is_deleted = 0 ORDER BY auth_date DESC
2025-06-18 09:16:56.405 [http-nio-8082-exec-1] DEBUG h.c.s.m.IntellectualPropertyMapper.findByTeacherId - ==> Parameters: 1(Long)
2025-06-18 09:16:56.442 [http-nio-8082-exec-1] DEBUG h.c.s.m.IntellectualPropertyMapper.findByTeacherId - <==      Total: 3
2025-06-18 09:16:56.444 [http-nio-8082-exec-1] DEBUG h.cs.sciencefms.mapper.AwardMapper.findByTeacherId - ==>  Preparing: SELECT * FROM t_award WHERE teacher_id = ? AND is_deleted = 0 ORDER BY award_date DESC
2025-06-18 09:16:56.444 [http-nio-8082-exec-1] DEBUG h.cs.sciencefms.mapper.AwardMapper.findByTeacherId - ==> Parameters: 1(Long)
2025-06-18 09:16:56.475 [http-nio-8082-exec-1] DEBUG h.cs.sciencefms.mapper.AwardMapper.findByTeacherId - <==      Total: 3
2025-06-18 09:16:56.475 [http-nio-8082-exec-1] DEBUG h.c.s.mapper.VisitRecordMapper.findByTeacherId - ==>  Preparing: SELECT * FROM t_visit_record WHERE teacher_id = ? AND is_deleted = 0 ORDER BY start_date DESC
2025-06-18 09:16:56.481 [http-nio-8082-exec-1] DEBUG h.c.s.mapper.VisitRecordMapper.findByTeacherId - ==> Parameters: 1(Long)
2025-06-18 09:16:56.519 [http-nio-8082-exec-1] DEBUG h.c.s.mapper.VisitRecordMapper.findByTeacherId - <==      Total: 4
2025-06-18 09:17:00.477 [http-nio-8082-exec-10] INFO  hit.cs.sciencefms.util.JwtUtil - JWT验证成功
2025-06-18 09:17:00.516 [http-nio-8082-exec-10] DEBUG h.c.s.mapper.TeacherMapper.selectByUsername - ==>  Preparing: SELECT * FROM t_teacher WHERE username = ? AND is_deleted = 0
2025-06-18 09:17:00.518 [http-nio-8082-exec-10] DEBUG h.c.s.mapper.TeacherMapper.selectByUsername - ==> Parameters: teacher1(String)
2025-06-18 09:17:00.561 [http-nio-8082-exec-10] DEBUG h.c.s.mapper.TeacherMapper.selectByUsername - <==      Total: 1
2025-06-18 09:17:00.561 [http-nio-8082-exec-10] DEBUG h.c.s.m.TeacherEducationMapper.selectByTeacherId - ==>  Preparing: SELECT * FROM t_teacher_education WHERE teacher_id = ? AND is_deleted = 0 ORDER BY end_year DESC
2025-06-18 09:17:00.561 [http-nio-8082-exec-10] DEBUG h.c.s.m.TeacherEducationMapper.selectByTeacherId - ==> Parameters: 1(Long)
2025-06-18 09:17:00.599 [http-nio-8082-exec-10] DEBUG h.c.s.m.TeacherEducationMapper.selectByTeacherId - <==      Total: 3
2025-06-18 09:17:03.175 [http-nio-8082-exec-4] INFO  hit.cs.sciencefms.util.JwtUtil - JWT验证成功
2025-06-18 09:17:03.207 [http-nio-8082-exec-4] DEBUG hit.cs.sciencefms.mapper.TeacherMapper.selectById - ==>  Preparing: SELECT id,username,real_name,gender,birth_date,title,department,position,research_area,email,phone,office_location,avatar_url,create_time,update_time,is_deleted FROM t_teacher WHERE id=? AND is_deleted=0
2025-06-18 09:17:03.208 [http-nio-8082-exec-4] DEBUG hit.cs.sciencefms.mapper.TeacherMapper.selectById - ==> Parameters: 1(Long)
2025-06-18 09:17:03.241 [http-nio-8082-exec-4] DEBUG hit.cs.sciencefms.mapper.TeacherMapper.selectById - <==      Total: 1
2025-06-18 09:17:03.242 [http-nio-8082-exec-4] DEBUG h.c.s.mapper.ResearchProjectMapper.findByTeacherId - ==>  Preparing: SELECT * FROM t_research_project WHERE teacher_id = ? AND is_deleted = 0 ORDER BY start_date DESC
2025-06-18 09:17:03.242 [http-nio-8082-exec-4] DEBUG h.c.s.mapper.ResearchProjectMapper.findByTeacherId - ==> Parameters: 1(Long)
2025-06-18 09:17:03.283 [http-nio-8082-exec-4] DEBUG h.c.s.mapper.ResearchProjectMapper.findByTeacherId - <==      Total: 9
2025-06-18 09:17:03.284 [http-nio-8082-exec-4] DEBUG h.c.s.m.IntellectualPropertyMapper.findByTeacherId - ==>  Preparing: SELECT * FROM t_intellectual_property WHERE teacher_id = ? AND is_deleted = 0 ORDER BY auth_date DESC
2025-06-18 09:17:03.284 [http-nio-8082-exec-4] DEBUG h.c.s.m.IntellectualPropertyMapper.findByTeacherId - ==> Parameters: 1(Long)
2025-06-18 09:17:03.327 [http-nio-8082-exec-4] DEBUG h.c.s.m.IntellectualPropertyMapper.findByTeacherId - <==      Total: 3
2025-06-18 09:17:03.328 [http-nio-8082-exec-4] DEBUG h.cs.sciencefms.mapper.AwardMapper.findByTeacherId - ==>  Preparing: SELECT * FROM t_award WHERE teacher_id = ? AND is_deleted = 0 ORDER BY award_date DESC
2025-06-18 09:17:03.328 [http-nio-8082-exec-4] DEBUG h.cs.sciencefms.mapper.AwardMapper.findByTeacherId - ==> Parameters: 1(Long)
2025-06-18 09:17:03.369 [http-nio-8082-exec-4] DEBUG h.cs.sciencefms.mapper.AwardMapper.findByTeacherId - <==      Total: 3
2025-06-18 09:17:03.369 [http-nio-8082-exec-4] DEBUG h.c.s.mapper.VisitRecordMapper.findByTeacherId - ==>  Preparing: SELECT * FROM t_visit_record WHERE teacher_id = ? AND is_deleted = 0 ORDER BY start_date DESC
2025-06-18 09:17:03.370 [http-nio-8082-exec-4] DEBUG h.c.s.mapper.VisitRecordMapper.findByTeacherId - ==> Parameters: 1(Long)
2025-06-18 09:17:03.405 [http-nio-8082-exec-4] DEBUG h.c.s.mapper.VisitRecordMapper.findByTeacherId - <==      Total: 4
2025-06-18 09:17:04.143 [http-nio-8082-exec-2] INFO  hit.cs.sciencefms.util.JwtUtil - JWT验证成功
2025-06-18 09:17:04.181 [http-nio-8082-exec-2] DEBUG hit.cs.sciencefms.mapper.TeacherMapper.selectById - ==>  Preparing: SELECT id,username,real_name,gender,birth_date,title,department,position,research_area,email,phone,office_location,avatar_url,create_time,update_time,is_deleted FROM t_teacher WHERE id=? AND is_deleted=0
2025-06-18 09:17:04.184 [http-nio-8082-exec-2] DEBUG hit.cs.sciencefms.mapper.TeacherMapper.selectById - ==> Parameters: 1(Long)
2025-06-18 09:17:04.229 [http-nio-8082-exec-2] DEBUG hit.cs.sciencefms.mapper.TeacherMapper.selectById - <==      Total: 1
2025-06-18 09:17:04.231 [http-nio-8082-exec-2] DEBUG h.c.s.mapper.ResearchProjectMapper.findByTeacherId - ==>  Preparing: SELECT * FROM t_research_project WHERE teacher_id = ? AND is_deleted = 0 ORDER BY start_date DESC
2025-06-18 09:17:04.232 [http-nio-8082-exec-2] DEBUG h.c.s.mapper.ResearchProjectMapper.findByTeacherId - ==> Parameters: 1(Long)
2025-06-18 09:17:04.269 [http-nio-8082-exec-2] DEBUG h.c.s.mapper.ResearchProjectMapper.findByTeacherId - <==      Total: 9
2025-06-18 09:17:04.269 [http-nio-8082-exec-2] DEBUG h.c.s.m.IntellectualPropertyMapper.findByTeacherId - ==>  Preparing: SELECT * FROM t_intellectual_property WHERE teacher_id = ? AND is_deleted = 0 ORDER BY auth_date DESC
2025-06-18 09:17:04.270 [http-nio-8082-exec-2] DEBUG h.c.s.m.IntellectualPropertyMapper.findByTeacherId - ==> Parameters: 1(Long)
2025-06-18 09:17:04.325 [http-nio-8082-exec-2] DEBUG h.c.s.m.IntellectualPropertyMapper.findByTeacherId - <==      Total: 3
2025-06-18 09:17:04.326 [http-nio-8082-exec-2] DEBUG h.cs.sciencefms.mapper.AwardMapper.findByTeacherId - ==>  Preparing: SELECT * FROM t_award WHERE teacher_id = ? AND is_deleted = 0 ORDER BY award_date DESC
2025-06-18 09:17:04.326 [http-nio-8082-exec-2] DEBUG h.cs.sciencefms.mapper.AwardMapper.findByTeacherId - ==> Parameters: 1(Long)
2025-06-18 09:17:04.367 [http-nio-8082-exec-2] DEBUG h.cs.sciencefms.mapper.AwardMapper.findByTeacherId - <==      Total: 3
2025-06-18 09:17:04.369 [http-nio-8082-exec-2] DEBUG h.c.s.mapper.VisitRecordMapper.findByTeacherId - ==>  Preparing: SELECT * FROM t_visit_record WHERE teacher_id = ? AND is_deleted = 0 ORDER BY start_date DESC
2025-06-18 09:17:04.370 [http-nio-8082-exec-2] DEBUG h.c.s.mapper.VisitRecordMapper.findByTeacherId - ==> Parameters: 1(Long)
2025-06-18 09:17:04.415 [http-nio-8082-exec-2] DEBUG h.c.s.mapper.VisitRecordMapper.findByTeacherId - <==      Total: 4
2025-06-18 09:17:04.885 [http-nio-8082-exec-5] INFO  hit.cs.sciencefms.util.JwtUtil - JWT验证成功
2025-06-18 09:17:04.926 [http-nio-8082-exec-5] DEBUG hit.cs.sciencefms.mapper.TeacherMapper.selectById - ==>  Preparing: SELECT id,username,real_name,gender,birth_date,title,department,position,research_area,email,phone,office_location,avatar_url,create_time,update_time,is_deleted FROM t_teacher WHERE id=? AND is_deleted=0
2025-06-18 09:17:04.926 [http-nio-8082-exec-5] DEBUG hit.cs.sciencefms.mapper.TeacherMapper.selectById - ==> Parameters: 1(Long)
2025-06-18 09:17:04.960 [http-nio-8082-exec-5] DEBUG hit.cs.sciencefms.mapper.TeacherMapper.selectById - <==      Total: 1
2025-06-18 09:17:04.960 [http-nio-8082-exec-5] DEBUG h.c.s.mapper.ResearchProjectMapper.findByTeacherId - ==>  Preparing: SELECT * FROM t_research_project WHERE teacher_id = ? AND is_deleted = 0 ORDER BY start_date DESC
2025-06-18 09:17:04.960 [http-nio-8082-exec-5] DEBUG h.c.s.mapper.ResearchProjectMapper.findByTeacherId - ==> Parameters: 1(Long)
2025-06-18 09:17:04.999 [http-nio-8082-exec-5] DEBUG h.c.s.mapper.ResearchProjectMapper.findByTeacherId - <==      Total: 9
2025-06-18 09:17:04.999 [http-nio-8082-exec-5] DEBUG h.c.s.m.IntellectualPropertyMapper.findByTeacherId - ==>  Preparing: SELECT * FROM t_intellectual_property WHERE teacher_id = ? AND is_deleted = 0 ORDER BY auth_date DESC
2025-06-18 09:17:04.999 [http-nio-8082-exec-5] DEBUG h.c.s.m.IntellectualPropertyMapper.findByTeacherId - ==> Parameters: 1(Long)
2025-06-18 09:17:05.039 [http-nio-8082-exec-5] DEBUG h.c.s.m.IntellectualPropertyMapper.findByTeacherId - <==      Total: 3
2025-06-18 09:17:05.040 [http-nio-8082-exec-5] DEBUG h.cs.sciencefms.mapper.AwardMapper.findByTeacherId - ==>  Preparing: SELECT * FROM t_award WHERE teacher_id = ? AND is_deleted = 0 ORDER BY award_date DESC
2025-06-18 09:17:05.040 [http-nio-8082-exec-5] DEBUG h.cs.sciencefms.mapper.AwardMapper.findByTeacherId - ==> Parameters: 1(Long)
2025-06-18 09:17:05.074 [http-nio-8082-exec-5] DEBUG h.cs.sciencefms.mapper.AwardMapper.findByTeacherId - <==      Total: 3
2025-06-18 09:17:05.074 [http-nio-8082-exec-5] DEBUG h.c.s.mapper.VisitRecordMapper.findByTeacherId - ==>  Preparing: SELECT * FROM t_visit_record WHERE teacher_id = ? AND is_deleted = 0 ORDER BY start_date DESC
2025-06-18 09:17:05.074 [http-nio-8082-exec-5] DEBUG h.c.s.mapper.VisitRecordMapper.findByTeacherId - ==> Parameters: 1(Long)
2025-06-18 09:17:05.107 [http-nio-8082-exec-5] DEBUG h.c.s.mapper.VisitRecordMapper.findByTeacherId - <==      Total: 4
2025-06-18 09:17:13.728 [http-nio-8082-exec-6] INFO  hit.cs.sciencefms.service.impl.UserServiceImpl - 用户登录: admin1
2025-06-18 09:17:13.769 [http-nio-8082-exec-6] DEBUG hit.cs.sciencefms.mapper.UserMapper.selectList - ==>  Preparing: SELECT id,username,password,role,real_name,email,phone,status,login_fail_count,create_time,update_time FROM t_user WHERE (username = ?)
2025-06-18 09:17:13.769 [http-nio-8082-exec-6] DEBUG hit.cs.sciencefms.mapper.UserMapper.selectList - ==> Parameters: admin1(String)
2025-06-18 09:17:13.805 [http-nio-8082-exec-6] DEBUG hit.cs.sciencefms.mapper.UserMapper.selectList - <==      Total: 1
2025-06-18 09:17:13.812 [http-nio-8082-exec-6] DEBUG h.c.s.mapper.UserMapper.resetLoginFailCount - ==>  Preparing: UPDATE t_user SET login_fail_count = 0 WHERE username = ?
2025-06-18 09:17:13.812 [http-nio-8082-exec-6] DEBUG h.c.s.mapper.UserMapper.resetLoginFailCount - ==> Parameters: admin1(String)
2025-06-18 09:17:13.842 [http-nio-8082-exec-6] DEBUG h.c.s.mapper.UserMapper.resetLoginFailCount - <==    Updates: 1
2025-06-18 09:17:13.844 [http-nio-8082-exec-6] INFO  hit.cs.sciencefms.service.impl.UserServiceImpl - JWT token: eyJhbGciOiJIUzUxMiJ9.eyJyb2xlIjoiYWRtaW4iLCJ1c2VySWQiOjEsInVzZXJuYW1lIjoiYWRtaW4xIiwiaWF0IjoxNzUwMjA5NDMzLCJleHAiOjE3NTAyOTU4MzN9.HZ8u7-i_zd2OYv4VKmkxwYfdHzx714914RHeQMoflNvQ2xeMsi8CMAw8piOh4MZhL-_UYYGR2hZAxTK-KHfjAw
2025-06-18 09:17:13.918 [http-nio-8082-exec-3] INFO  hit.cs.sciencefms.util.JwtUtil - JWT验证成功
2025-06-18 09:17:13.965 [http-nio-8082-exec-3] DEBUG hit.cs.sciencefms.mapper.UserMapper.selectCount - ==>  Preparing: SELECT COUNT( * ) AS total FROM t_user
2025-06-18 09:17:13.965 [http-nio-8082-exec-3] DEBUG hit.cs.sciencefms.mapper.UserMapper.selectCount - ==> Parameters: 
2025-06-18 09:17:13.999 [http-nio-8082-exec-3] DEBUG hit.cs.sciencefms.mapper.UserMapper.selectCount - <==      Total: 1
2025-06-18 09:17:14.001 [http-nio-8082-exec-3] DEBUG h.c.s.m.IntellectualPropertyMapper.selectCount - ==>  Preparing: SELECT COUNT( * ) AS total FROM t_intellectual_property WHERE is_deleted=0
2025-06-18 09:17:14.002 [http-nio-8082-exec-3] DEBUG h.c.s.m.IntellectualPropertyMapper.selectCount - ==> Parameters: 
2025-06-18 09:17:14.040 [http-nio-8082-exec-3] DEBUG h.c.s.m.IntellectualPropertyMapper.selectCount - <==      Total: 1
2025-06-18 09:17:14.040 [http-nio-8082-exec-3] DEBUG hit.cs.sciencefms.mapper.AwardMapper.selectCount - ==>  Preparing: SELECT COUNT( * ) AS total FROM t_award WHERE is_deleted=0
2025-06-18 09:17:14.040 [http-nio-8082-exec-3] DEBUG hit.cs.sciencefms.mapper.AwardMapper.selectCount - ==> Parameters: 
2025-06-18 09:17:14.078 [http-nio-8082-exec-3] DEBUG hit.cs.sciencefms.mapper.AwardMapper.selectCount - <==      Total: 1
2025-06-18 09:17:14.078 [http-nio-8082-exec-3] DEBUG h.c.s.mapper.ResearchProjectMapper.selectCount - ==>  Preparing: SELECT COUNT( * ) AS total FROM t_research_project WHERE is_deleted=0
2025-06-18 09:17:14.080 [http-nio-8082-exec-3] DEBUG h.c.s.mapper.ResearchProjectMapper.selectCount - ==> Parameters: 
2025-06-18 09:17:14.123 [http-nio-8082-exec-3] DEBUG h.c.s.mapper.ResearchProjectMapper.selectCount - <==      Total: 1
2025-06-18 09:17:14.123 [http-nio-8082-exec-3] DEBUG h.c.s.mapper.VisitRecordMapper.selectCount - ==>  Preparing: SELECT COUNT( * ) AS total FROM t_visit_record WHERE is_deleted=0
2025-06-18 09:17:14.123 [http-nio-8082-exec-3] DEBUG h.c.s.mapper.VisitRecordMapper.selectCount - ==> Parameters: 
2025-06-18 09:17:14.164 [http-nio-8082-exec-3] DEBUG h.c.s.mapper.VisitRecordMapper.selectCount - <==      Total: 1
2025-06-18 09:17:15.101 [http-nio-8082-exec-10] INFO  hit.cs.sciencefms.util.JwtUtil - JWT验证成功
2025-06-18 09:17:15.102 [http-nio-8082-exec-4] INFO  hit.cs.sciencefms.util.JwtUtil - JWT验证成功
2025-06-18 09:17:15.145 [http-nio-8082-exec-4] DEBUG h.c.s.mapper.IntellectualPropertyMapper.selectList - ==>  Preparing: SELECT id,title,type,subtype,auth_number,apply_date,auth_date,inventor_rank,teacher_id,create_time,update_time,is_deleted FROM t_intellectual_property WHERE is_deleted=0 AND (((auth_date BETWEEN ? AND ? OR apply_date BETWEEN ? AND ?)))
2025-06-18 09:17:15.145 [http-nio-8082-exec-10] DEBUG hit.cs.sciencefms.mapper.TeacherMapper.selectList - ==>  Preparing: SELECT id,username,real_name,gender,birth_date,title,department,position,research_area,email,phone,office_location,avatar_url,create_time,update_time,is_deleted FROM t_teacher WHERE is_deleted=0
2025-06-18 09:17:15.145 [http-nio-8082-exec-10] DEBUG hit.cs.sciencefms.mapper.TeacherMapper.selectList - ==> Parameters: 
2025-06-18 09:17:15.145 [http-nio-8082-exec-4] DEBUG h.c.s.mapper.IntellectualPropertyMapper.selectList - ==> Parameters: 2025-01-01(LocalDate), 2025-12-31(LocalDate), 2025-01-01(LocalDate), 2025-12-31(LocalDate)
2025-06-18 09:17:15.184 [http-nio-8082-exec-4] DEBUG h.c.s.mapper.IntellectualPropertyMapper.selectList - <==      Total: 1
2025-06-18 09:17:15.187 [http-nio-8082-exec-4] DEBUG hit.cs.sciencefms.mapper.TeacherMapper.selectById - ==>  Preparing: SELECT id,username,real_name,gender,birth_date,title,department,position,research_area,email,phone,office_location,avatar_url,create_time,update_time,is_deleted FROM t_teacher WHERE id=? AND is_deleted=0
2025-06-18 09:17:15.188 [http-nio-8082-exec-4] DEBUG hit.cs.sciencefms.mapper.TeacherMapper.selectById - ==> Parameters: 2(Long)
2025-06-18 09:17:15.194 [http-nio-8082-exec-10] DEBUG hit.cs.sciencefms.mapper.TeacherMapper.selectList - <==      Total: 10
2025-06-18 09:17:15.205 [http-nio-8082-exec-2] INFO  hit.cs.sciencefms.util.JwtUtil - JWT验证成功
2025-06-18 09:17:15.207 [http-nio-8082-exec-2] DEBUG hit.cs.sciencefms.mapper.TeacherMapper.selectList - ==>  Preparing: SELECT id,username,real_name,gender,birth_date,title,department,position,research_area,email,phone,office_location,avatar_url,create_time,update_time,is_deleted FROM t_teacher WHERE is_deleted=0
2025-06-18 09:17:15.208 [http-nio-8082-exec-2] DEBUG hit.cs.sciencefms.mapper.TeacherMapper.selectList - ==> Parameters: 
2025-06-18 09:17:15.229 [http-nio-8082-exec-4] DEBUG hit.cs.sciencefms.mapper.TeacherMapper.selectById - <==      Total: 1
2025-06-18 09:17:15.229 [http-nio-8082-exec-4] DEBUG hit.cs.sciencefms.mapper.AwardMapper.selectList - ==>  Preparing: SELECT id,award_name,award_level,issuing_unit,award_date,certificate_image,related_project_id,teacher_id,create_time,update_time,is_deleted FROM t_award WHERE is_deleted=0 AND (award_date BETWEEN ? AND ?)
2025-06-18 09:17:15.232 [http-nio-8082-exec-4] DEBUG hit.cs.sciencefms.mapper.AwardMapper.selectList - ==> Parameters: 2025-01-01(LocalDate), 2025-12-31(LocalDate)
2025-06-18 09:17:15.256 [http-nio-8082-exec-2] DEBUG hit.cs.sciencefms.mapper.TeacherMapper.selectList - <==      Total: 10
2025-06-18 09:17:15.261 [http-nio-8082-exec-4] DEBUG hit.cs.sciencefms.mapper.AwardMapper.selectList - <==      Total: 0
2025-06-18 09:17:15.265 [http-nio-8082-exec-4] DEBUG h.c.s.mapper.ResearchProjectMapper.selectList - ==>  Preparing: SELECT id,project_name,project_code,source,funding,start_date,end_date,attachments,teacher_id,role,create_time,update_time,is_deleted FROM t_research_project WHERE is_deleted=0 AND (((start_date BETWEEN ? AND ? OR end_date BETWEEN ? AND ? OR start_date <= ? AND end_date >= ?)))
2025-06-18 09:17:15.265 [http-nio-8082-exec-4] DEBUG h.c.s.mapper.ResearchProjectMapper.selectList - ==> Parameters: 2025-01-01(LocalDate), 2025-12-31(LocalDate), 2025-01-01(LocalDate), 2025-12-31(LocalDate), 2025-01-01(LocalDate), 2025-12-31(LocalDate)
2025-06-18 09:17:15.310 [http-nio-8082-exec-4] DEBUG h.c.s.mapper.ResearchProjectMapper.selectList - <==      Total: 18
2025-06-18 09:17:15.312 [http-nio-8082-exec-4] DEBUG hit.cs.sciencefms.mapper.TeacherMapper.selectById - ==>  Preparing: SELECT id,username,real_name,gender,birth_date,title,department,position,research_area,email,phone,office_location,avatar_url,create_time,update_time,is_deleted FROM t_teacher WHERE id=? AND is_deleted=0
2025-06-18 09:17:15.312 [http-nio-8082-exec-4] DEBUG hit.cs.sciencefms.mapper.TeacherMapper.selectById - ==> Parameters: 3(Long)
2025-06-18 09:17:15.347 [http-nio-8082-exec-4] DEBUG hit.cs.sciencefms.mapper.TeacherMapper.selectById - <==      Total: 1
2025-06-18 09:17:15.347 [http-nio-8082-exec-4] DEBUG hit.cs.sciencefms.mapper.TeacherMapper.selectById - ==>  Preparing: SELECT id,username,real_name,gender,birth_date,title,department,position,research_area,email,phone,office_location,avatar_url,create_time,update_time,is_deleted FROM t_teacher WHERE id=? AND is_deleted=0
2025-06-18 09:17:15.349 [http-nio-8082-exec-4] DEBUG hit.cs.sciencefms.mapper.TeacherMapper.selectById - ==> Parameters: 1(Long)
2025-06-18 09:17:15.383 [http-nio-8082-exec-4] DEBUG hit.cs.sciencefms.mapper.TeacherMapper.selectById - <==      Total: 1
2025-06-18 09:17:15.383 [http-nio-8082-exec-4] DEBUG hit.cs.sciencefms.mapper.TeacherMapper.selectById - ==>  Preparing: SELECT id,username,real_name,gender,birth_date,title,department,position,research_area,email,phone,office_location,avatar_url,create_time,update_time,is_deleted FROM t_teacher WHERE id=? AND is_deleted=0
2025-06-18 09:17:15.383 [http-nio-8082-exec-4] DEBUG hit.cs.sciencefms.mapper.TeacherMapper.selectById - ==> Parameters: 41(Long)
2025-06-18 09:17:15.419 [http-nio-8082-exec-4] DEBUG hit.cs.sciencefms.mapper.TeacherMapper.selectById - <==      Total: 1
2025-06-18 09:17:15.419 [http-nio-8082-exec-4] DEBUG hit.cs.sciencefms.mapper.TeacherMapper.selectById - ==>  Preparing: SELECT id,username,real_name,gender,birth_date,title,department,position,research_area,email,phone,office_location,avatar_url,create_time,update_time,is_deleted FROM t_teacher WHERE id=? AND is_deleted=0
2025-06-18 09:17:15.419 [http-nio-8082-exec-4] DEBUG hit.cs.sciencefms.mapper.TeacherMapper.selectById - ==> Parameters: 43(Long)
2025-06-18 09:17:15.456 [http-nio-8082-exec-4] DEBUG hit.cs.sciencefms.mapper.TeacherMapper.selectById - <==      Total: 1
2025-06-18 09:17:15.456 [http-nio-8082-exec-4] DEBUG hit.cs.sciencefms.mapper.TeacherMapper.selectById - ==>  Preparing: SELECT id,username,real_name,gender,birth_date,title,department,position,research_area,email,phone,office_location,avatar_url,create_time,update_time,is_deleted FROM t_teacher WHERE id=? AND is_deleted=0
2025-06-18 09:17:15.456 [http-nio-8082-exec-4] DEBUG hit.cs.sciencefms.mapper.TeacherMapper.selectById - ==> Parameters: 44(Long)
2025-06-18 09:17:15.492 [http-nio-8082-exec-4] DEBUG hit.cs.sciencefms.mapper.TeacherMapper.selectById - <==      Total: 1
2025-06-18 09:17:15.492 [http-nio-8082-exec-4] DEBUG hit.cs.sciencefms.mapper.TeacherMapper.selectById - ==>  Preparing: SELECT id,username,real_name,gender,birth_date,title,department,position,research_area,email,phone,office_location,avatar_url,create_time,update_time,is_deleted FROM t_teacher WHERE id=? AND is_deleted=0
2025-06-18 09:17:15.492 [http-nio-8082-exec-4] DEBUG hit.cs.sciencefms.mapper.TeacherMapper.selectById - ==> Parameters: 45(Long)
2025-06-18 09:17:15.524 [http-nio-8082-exec-4] DEBUG hit.cs.sciencefms.mapper.TeacherMapper.selectById - <==      Total: 1
2025-06-18 09:17:15.524 [http-nio-8082-exec-4] DEBUG hit.cs.sciencefms.mapper.TeacherMapper.selectById - ==>  Preparing: SELECT id,username,real_name,gender,birth_date,title,department,position,research_area,email,phone,office_location,avatar_url,create_time,update_time,is_deleted FROM t_teacher WHERE id=? AND is_deleted=0
2025-06-18 09:17:15.524 [http-nio-8082-exec-4] DEBUG hit.cs.sciencefms.mapper.TeacherMapper.selectById - ==> Parameters: 46(Long)
2025-06-18 09:17:15.557 [http-nio-8082-exec-4] DEBUG hit.cs.sciencefms.mapper.TeacherMapper.selectById - <==      Total: 1
2025-06-18 09:17:15.557 [http-nio-8082-exec-4] DEBUG hit.cs.sciencefms.mapper.TeacherMapper.selectById - ==>  Preparing: SELECT id,username,real_name,gender,birth_date,title,department,position,research_area,email,phone,office_location,avatar_url,create_time,update_time,is_deleted FROM t_teacher WHERE id=? AND is_deleted=0
2025-06-18 09:17:15.557 [http-nio-8082-exec-4] DEBUG hit.cs.sciencefms.mapper.TeacherMapper.selectById - ==> Parameters: 42(Long)
2025-06-18 09:17:15.590 [http-nio-8082-exec-4] DEBUG hit.cs.sciencefms.mapper.TeacherMapper.selectById - <==      Total: 1
2025-06-18 09:17:16.973 [http-nio-8082-exec-6] INFO  hit.cs.sciencefms.util.JwtUtil - JWT验证成功
2025-06-18 09:17:16.974 [http-nio-8082-exec-6] WARN  o.s.core.LocalVariableTableParameterNameDiscoverer - Using deprecated '-debug' fallback for parameter name resolution. Compile the affected code with '-parameters' instead or avoid its introspection: hit.cs.sciencefms.controller.AdminDashboardController
2025-06-18 09:17:17.014 [http-nio-8082-exec-6] DEBUG hit.cs.sciencefms.mapper.TeacherMapper.selectList - ==>  Preparing: SELECT id,username,real_name,gender,birth_date,title,department,position,research_area,email,phone,office_location,avatar_url,create_time,update_time,is_deleted FROM t_teacher WHERE is_deleted=0
2025-06-18 09:17:17.015 [http-nio-8082-exec-6] DEBUG hit.cs.sciencefms.mapper.TeacherMapper.selectList - ==> Parameters: 
2025-06-18 09:17:17.048 [http-nio-8082-exec-6] DEBUG hit.cs.sciencefms.mapper.TeacherMapper.selectList - <==      Total: 10
2025-06-18 09:17:17.048 [http-nio-8082-exec-6] DEBUG h.c.s.mapper.ResearchProjectMapper.findByTimeRange - ==>  Preparing: SELECT * FROM t_research_project WHERE EXTRACT(YEAR FROM start_date) >= ? AND EXTRACT(YEAR FROM end_date) <= ? AND is_deleted = 0 ORDER BY start_date DESC
2025-06-18 09:17:17.048 [http-nio-8082-exec-6] DEBUG h.c.s.mapper.ResearchProjectMapper.findByTimeRange - ==> Parameters: 2020(Integer), 2025(Integer)
2025-06-18 09:17:17.085 [http-nio-8082-exec-6] DEBUG h.c.s.mapper.ResearchProjectMapper.findByTimeRange - <==      Total: 26
2025-06-18 09:17:17.086 [http-nio-8082-exec-6] DEBUG h.c.s.m.IntellectualPropertyMapper.findByTimeRange - ==>  Preparing: SELECT * FROM t_intellectual_property WHERE EXTRACT(YEAR FROM auth_date) >= ? AND EXTRACT(YEAR FROM auth_date) <= ? AND is_deleted = 0 ORDER BY auth_date DESC
2025-06-18 09:17:17.086 [http-nio-8082-exec-6] DEBUG h.c.s.m.IntellectualPropertyMapper.findByTimeRange - ==> Parameters: 2020(Integer), 2025(Integer)
2025-06-18 09:17:17.122 [http-nio-8082-exec-6] DEBUG h.c.s.m.IntellectualPropertyMapper.findByTimeRange - <==      Total: 9
2025-06-18 09:17:17.122 [http-nio-8082-exec-6] DEBUG h.cs.sciencefms.mapper.AwardMapper.findByTimeRange - ==>  Preparing: SELECT * FROM t_award WHERE EXTRACT(YEAR FROM award_date) >= ? AND EXTRACT(YEAR FROM award_date) <= ? AND is_deleted = 0 ORDER BY award_date DESC
2025-06-18 09:17:17.122 [http-nio-8082-exec-6] DEBUG h.cs.sciencefms.mapper.AwardMapper.findByTimeRange - ==> Parameters: 2020(Integer), 2025(Integer)
2025-06-18 09:17:17.159 [http-nio-8082-exec-6] DEBUG h.cs.sciencefms.mapper.AwardMapper.findByTimeRange - <==      Total: 14
2025-06-18 09:17:17.160 [http-nio-8082-exec-6] DEBUG h.c.s.mapper.VisitRecordMapper.findByTimeRange - ==>  Preparing: SELECT * FROM t_visit_record WHERE EXTRACT(YEAR FROM start_date) >= ? AND EXTRACT(YEAR FROM end_date) <= ? AND is_deleted = 0 ORDER BY start_date DESC
2025-06-18 09:17:17.160 [http-nio-8082-exec-6] DEBUG h.c.s.mapper.VisitRecordMapper.findByTimeRange - ==> Parameters: 2020(Integer), 2025(Integer)
2025-06-18 09:17:17.195 [http-nio-8082-exec-6] DEBUG h.c.s.mapper.VisitRecordMapper.findByTimeRange - <==      Total: 16
2025-06-18 09:17:17.198 [http-nio-8082-exec-6] DEBUG hit.cs.sciencefms.mapper.TeacherMapper.selectById - ==>  Preparing: SELECT id,username,real_name,gender,birth_date,title,department,position,research_area,email,phone,office_location,avatar_url,create_time,update_time,is_deleted FROM t_teacher WHERE id=? AND is_deleted=0
2025-06-18 09:17:17.198 [http-nio-8082-exec-6] DEBUG hit.cs.sciencefms.mapper.TeacherMapper.selectById - ==> Parameters: 1(Long)
2025-06-18 09:17:17.236 [http-nio-8082-exec-6] DEBUG hit.cs.sciencefms.mapper.TeacherMapper.selectById - <==      Total: 1
2025-06-18 09:17:17.236 [http-nio-8082-exec-6] DEBUG hit.cs.sciencefms.mapper.TeacherMapper.selectById - ==>  Preparing: SELECT id,username,real_name,gender,birth_date,title,department,position,research_area,email,phone,office_location,avatar_url,create_time,update_time,is_deleted FROM t_teacher WHERE id=? AND is_deleted=0
2025-06-18 09:17:17.236 [http-nio-8082-exec-6] DEBUG hit.cs.sciencefms.mapper.TeacherMapper.selectById - ==> Parameters: 1(Long)
2025-06-18 09:17:17.276 [http-nio-8082-exec-6] DEBUG hit.cs.sciencefms.mapper.TeacherMapper.selectById - <==      Total: 1
2025-06-18 09:17:17.276 [http-nio-8082-exec-6] DEBUG hit.cs.sciencefms.mapper.TeacherMapper.selectById - ==>  Preparing: SELECT id,username,real_name,gender,birth_date,title,department,position,research_area,email,phone,office_location,avatar_url,create_time,update_time,is_deleted FROM t_teacher WHERE id=? AND is_deleted=0
2025-06-18 09:17:17.277 [http-nio-8082-exec-6] DEBUG hit.cs.sciencefms.mapper.TeacherMapper.selectById - ==> Parameters: 1(Long)
2025-06-18 09:17:17.312 [http-nio-8082-exec-6] DEBUG hit.cs.sciencefms.mapper.TeacherMapper.selectById - <==      Total: 1
2025-06-18 09:17:17.312 [http-nio-8082-exec-6] DEBUG hit.cs.sciencefms.mapper.TeacherMapper.selectById - ==>  Preparing: SELECT id,username,real_name,gender,birth_date,title,department,position,research_area,email,phone,office_location,avatar_url,create_time,update_time,is_deleted FROM t_teacher WHERE id=? AND is_deleted=0
2025-06-18 09:17:17.312 [http-nio-8082-exec-6] DEBUG hit.cs.sciencefms.mapper.TeacherMapper.selectById - ==> Parameters: 1(Long)
2025-06-18 09:17:17.345 [http-nio-8082-exec-6] DEBUG hit.cs.sciencefms.mapper.TeacherMapper.selectById - <==      Total: 1
2025-06-18 09:17:17.347 [http-nio-8082-exec-6] DEBUG hit.cs.sciencefms.mapper.TeacherMapper.selectById - ==>  Preparing: SELECT id,username,real_name,gender,birth_date,title,department,position,research_area,email,phone,office_location,avatar_url,create_time,update_time,is_deleted FROM t_teacher WHERE id=? AND is_deleted=0
2025-06-18 09:17:17.347 [http-nio-8082-exec-6] DEBUG hit.cs.sciencefms.mapper.TeacherMapper.selectById - ==> Parameters: 3(Long)
2025-06-18 09:17:17.379 [http-nio-8082-exec-6] DEBUG hit.cs.sciencefms.mapper.TeacherMapper.selectById - <==      Total: 1
2025-06-18 09:17:17.379 [http-nio-8082-exec-6] DEBUG hit.cs.sciencefms.mapper.TeacherMapper.selectById - ==>  Preparing: SELECT id,username,real_name,gender,birth_date,title,department,position,research_area,email,phone,office_location,avatar_url,create_time,update_time,is_deleted FROM t_teacher WHERE id=? AND is_deleted=0
2025-06-18 09:17:17.379 [http-nio-8082-exec-6] DEBUG hit.cs.sciencefms.mapper.TeacherMapper.selectById - ==> Parameters: 3(Long)
2025-06-18 09:17:17.414 [http-nio-8082-exec-6] DEBUG hit.cs.sciencefms.mapper.TeacherMapper.selectById - <==      Total: 1
2025-06-18 09:17:17.416 [http-nio-8082-exec-6] DEBUG hit.cs.sciencefms.mapper.TeacherMapper.selectById - ==>  Preparing: SELECT id,username,real_name,gender,birth_date,title,department,position,research_area,email,phone,office_location,avatar_url,create_time,update_time,is_deleted FROM t_teacher WHERE id=? AND is_deleted=0
2025-06-18 09:17:17.416 [http-nio-8082-exec-6] DEBUG hit.cs.sciencefms.mapper.TeacherMapper.selectById - ==> Parameters: 42(Long)
2025-06-18 09:17:17.443 [http-nio-8082-exec-6] DEBUG hit.cs.sciencefms.mapper.TeacherMapper.selectById - <==      Total: 1
2025-06-18 09:17:17.443 [http-nio-8082-exec-6] DEBUG hit.cs.sciencefms.mapper.TeacherMapper.selectById - ==>  Preparing: SELECT id,username,real_name,gender,birth_date,title,department,position,research_area,email,phone,office_location,avatar_url,create_time,update_time,is_deleted FROM t_teacher WHERE id=? AND is_deleted=0
2025-06-18 09:17:17.443 [http-nio-8082-exec-6] DEBUG hit.cs.sciencefms.mapper.TeacherMapper.selectById - ==> Parameters: 41(Long)
2025-06-18 09:17:17.475 [http-nio-8082-exec-6] DEBUG hit.cs.sciencefms.mapper.TeacherMapper.selectById - <==      Total: 1
2025-06-18 09:17:17.476 [http-nio-8082-exec-6] DEBUG hit.cs.sciencefms.mapper.TeacherMapper.selectById - ==>  Preparing: SELECT id,username,real_name,gender,birth_date,title,department,position,research_area,email,phone,office_location,avatar_url,create_time,update_time,is_deleted FROM t_teacher WHERE id=? AND is_deleted=0
2025-06-18 09:17:17.476 [http-nio-8082-exec-6] DEBUG hit.cs.sciencefms.mapper.TeacherMapper.selectById - ==> Parameters: 3(Long)
2025-06-18 09:17:17.512 [http-nio-8082-exec-6] DEBUG hit.cs.sciencefms.mapper.TeacherMapper.selectById - <==      Total: 1
2025-06-18 09:17:17.513 [http-nio-8082-exec-6] DEBUG hit.cs.sciencefms.mapper.TeacherMapper.selectById - ==>  Preparing: SELECT id,username,real_name,gender,birth_date,title,department,position,research_area,email,phone,office_location,avatar_url,create_time,update_time,is_deleted FROM t_teacher WHERE id=? AND is_deleted=0
2025-06-18 09:17:17.513 [http-nio-8082-exec-6] DEBUG hit.cs.sciencefms.mapper.TeacherMapper.selectById - ==> Parameters: 2(Long)
2025-06-18 09:17:17.548 [http-nio-8082-exec-6] DEBUG hit.cs.sciencefms.mapper.TeacherMapper.selectById - <==      Total: 1
2025-06-18 09:17:17.548 [http-nio-8082-exec-6] DEBUG hit.cs.sciencefms.mapper.TeacherMapper.selectById - ==>  Preparing: SELECT id,username,real_name,gender,birth_date,title,department,position,research_area,email,phone,office_location,avatar_url,create_time,update_time,is_deleted FROM t_teacher WHERE id=? AND is_deleted=0
2025-06-18 09:17:17.548 [http-nio-8082-exec-6] DEBUG hit.cs.sciencefms.mapper.TeacherMapper.selectById - ==> Parameters: 3(Long)
2025-06-18 09:17:17.589 [http-nio-8082-exec-6] DEBUG hit.cs.sciencefms.mapper.TeacherMapper.selectById - <==      Total: 1
2025-06-18 09:17:17.590 [http-nio-8082-exec-6] DEBUG hit.cs.sciencefms.mapper.TeacherMapper.selectById - ==>  Preparing: SELECT id,username,real_name,gender,birth_date,title,department,position,research_area,email,phone,office_location,avatar_url,create_time,update_time,is_deleted FROM t_teacher WHERE id=? AND is_deleted=0
2025-06-18 09:17:17.590 [http-nio-8082-exec-6] DEBUG hit.cs.sciencefms.mapper.TeacherMapper.selectById - ==> Parameters: 1(Long)
2025-06-18 09:17:17.627 [http-nio-8082-exec-6] DEBUG hit.cs.sciencefms.mapper.TeacherMapper.selectById - <==      Total: 1
2025-06-18 09:17:17.628 [http-nio-8082-exec-6] DEBUG hit.cs.sciencefms.mapper.TeacherMapper.selectById - ==>  Preparing: SELECT id,username,real_name,gender,birth_date,title,department,position,research_area,email,phone,office_location,avatar_url,create_time,update_time,is_deleted FROM t_teacher WHERE id=? AND is_deleted=0
2025-06-18 09:17:17.628 [http-nio-8082-exec-6] DEBUG hit.cs.sciencefms.mapper.TeacherMapper.selectById - ==> Parameters: 2(Long)
2025-06-18 09:17:17.662 [http-nio-8082-exec-6] DEBUG hit.cs.sciencefms.mapper.TeacherMapper.selectById - <==      Total: 1
2025-06-18 09:17:17.662 [http-nio-8082-exec-6] DEBUG hit.cs.sciencefms.mapper.TeacherMapper.selectById - ==>  Preparing: SELECT id,username,real_name,gender,birth_date,title,department,position,research_area,email,phone,office_location,avatar_url,create_time,update_time,is_deleted FROM t_teacher WHERE id=? AND is_deleted=0
2025-06-18 09:17:17.662 [http-nio-8082-exec-6] DEBUG hit.cs.sciencefms.mapper.TeacherMapper.selectById - ==> Parameters: 3(Long)
2025-06-18 09:17:17.691 [http-nio-8082-exec-6] DEBUG hit.cs.sciencefms.mapper.TeacherMapper.selectById - <==      Total: 1
2025-06-18 09:17:17.691 [http-nio-8082-exec-6] DEBUG hit.cs.sciencefms.mapper.TeacherMapper.selectById - ==>  Preparing: SELECT id,username,real_name,gender,birth_date,title,department,position,research_area,email,phone,office_location,avatar_url,create_time,update_time,is_deleted FROM t_teacher WHERE id=? AND is_deleted=0
2025-06-18 09:17:17.691 [http-nio-8082-exec-6] DEBUG hit.cs.sciencefms.mapper.TeacherMapper.selectById - ==> Parameters: 46(Long)
2025-06-18 09:17:17.737 [http-nio-8082-exec-6] DEBUG hit.cs.sciencefms.mapper.TeacherMapper.selectById - <==      Total: 1
2025-06-18 09:17:17.737 [http-nio-8082-exec-6] DEBUG hit.cs.sciencefms.mapper.TeacherMapper.selectById - ==>  Preparing: SELECT id,username,real_name,gender,birth_date,title,department,position,research_area,email,phone,office_location,avatar_url,create_time,update_time,is_deleted FROM t_teacher WHERE id=? AND is_deleted=0
2025-06-18 09:17:17.737 [http-nio-8082-exec-6] DEBUG hit.cs.sciencefms.mapper.TeacherMapper.selectById - ==> Parameters: 45(Long)
2025-06-18 09:17:17.770 [http-nio-8082-exec-6] DEBUG hit.cs.sciencefms.mapper.TeacherMapper.selectById - <==      Total: 1
2025-06-18 09:17:17.770 [http-nio-8082-exec-6] DEBUG hit.cs.sciencefms.mapper.TeacherMapper.selectById - ==>  Preparing: SELECT id,username,real_name,gender,birth_date,title,department,position,research_area,email,phone,office_location,avatar_url,create_time,update_time,is_deleted FROM t_teacher WHERE id=? AND is_deleted=0
2025-06-18 09:17:17.771 [http-nio-8082-exec-6] DEBUG hit.cs.sciencefms.mapper.TeacherMapper.selectById - ==> Parameters: 44(Long)
2025-06-18 09:17:17.802 [http-nio-8082-exec-6] DEBUG hit.cs.sciencefms.mapper.TeacherMapper.selectById - <==      Total: 1
2025-06-18 09:17:17.803 [http-nio-8082-exec-6] DEBUG hit.cs.sciencefms.mapper.TeacherMapper.selectById - ==>  Preparing: SELECT id,username,real_name,gender,birth_date,title,department,position,research_area,email,phone,office_location,avatar_url,create_time,update_time,is_deleted FROM t_teacher WHERE id=? AND is_deleted=0
2025-06-18 09:17:17.803 [http-nio-8082-exec-6] DEBUG hit.cs.sciencefms.mapper.TeacherMapper.selectById - ==> Parameters: 43(Long)
2025-06-18 09:17:17.838 [http-nio-8082-exec-6] DEBUG hit.cs.sciencefms.mapper.TeacherMapper.selectById - <==      Total: 1
2025-06-18 09:17:17.838 [http-nio-8082-exec-6] DEBUG hit.cs.sciencefms.mapper.TeacherMapper.selectById - ==>  Preparing: SELECT id,username,real_name,gender,birth_date,title,department,position,research_area,email,phone,office_location,avatar_url,create_time,update_time,is_deleted FROM t_teacher WHERE id=? AND is_deleted=0
2025-06-18 09:17:17.838 [http-nio-8082-exec-6] DEBUG hit.cs.sciencefms.mapper.TeacherMapper.selectById - ==> Parameters: 42(Long)
2025-06-18 09:17:17.871 [http-nio-8082-exec-6] DEBUG hit.cs.sciencefms.mapper.TeacherMapper.selectById - <==      Total: 1
2025-06-18 09:17:17.871 [http-nio-8082-exec-6] DEBUG hit.cs.sciencefms.mapper.TeacherMapper.selectById - ==>  Preparing: SELECT id,username,real_name,gender,birth_date,title,department,position,research_area,email,phone,office_location,avatar_url,create_time,update_time,is_deleted FROM t_teacher WHERE id=? AND is_deleted=0
2025-06-18 09:17:17.871 [http-nio-8082-exec-6] DEBUG hit.cs.sciencefms.mapper.TeacherMapper.selectById - ==> Parameters: 41(Long)
2025-06-18 09:17:17.922 [http-nio-8082-exec-6] DEBUG hit.cs.sciencefms.mapper.TeacherMapper.selectById - <==      Total: 1
2025-06-18 09:17:17.922 [http-nio-8082-exec-6] DEBUG hit.cs.sciencefms.mapper.TeacherMapper.selectById - ==>  Preparing: SELECT id,username,real_name,gender,birth_date,title,department,position,research_area,email,phone,office_location,avatar_url,create_time,update_time,is_deleted FROM t_teacher WHERE id=? AND is_deleted=0
2025-06-18 09:17:17.923 [http-nio-8082-exec-6] DEBUG hit.cs.sciencefms.mapper.TeacherMapper.selectById - ==> Parameters: 3(Long)
2025-06-18 09:17:17.969 [http-nio-8082-exec-6] DEBUG hit.cs.sciencefms.mapper.TeacherMapper.selectById - <==      Total: 1
2025-06-18 09:17:17.969 [http-nio-8082-exec-6] DEBUG hit.cs.sciencefms.mapper.TeacherMapper.selectById - ==>  Preparing: SELECT id,username,real_name,gender,birth_date,title,department,position,research_area,email,phone,office_location,avatar_url,create_time,update_time,is_deleted FROM t_teacher WHERE id=? AND is_deleted=0
2025-06-18 09:17:17.969 [http-nio-8082-exec-6] DEBUG hit.cs.sciencefms.mapper.TeacherMapper.selectById - ==> Parameters: 2(Long)
2025-06-18 09:17:18.004 [http-nio-8082-exec-6] DEBUG hit.cs.sciencefms.mapper.TeacherMapper.selectById - <==      Total: 1
2025-06-18 09:17:18.005 [http-nio-8082-exec-6] DEBUG hit.cs.sciencefms.mapper.TeacherMapper.selectById - ==>  Preparing: SELECT id,username,real_name,gender,birth_date,title,department,position,research_area,email,phone,office_location,avatar_url,create_time,update_time,is_deleted FROM t_teacher WHERE id=? AND is_deleted=0
2025-06-18 09:17:18.005 [http-nio-8082-exec-6] DEBUG hit.cs.sciencefms.mapper.TeacherMapper.selectById - ==> Parameters: 1(Long)
2025-06-18 09:17:18.042 [http-nio-8082-exec-6] DEBUG hit.cs.sciencefms.mapper.TeacherMapper.selectById - <==      Total: 1
2025-06-18 09:17:18.043 [http-nio-8082-exec-6] DEBUG hit.cs.sciencefms.mapper.TeacherMapper.selectById - ==>  Preparing: SELECT id,username,real_name,gender,birth_date,title,department,position,research_area,email,phone,office_location,avatar_url,create_time,update_time,is_deleted FROM t_teacher WHERE id=? AND is_deleted=0
2025-06-18 09:17:18.043 [http-nio-8082-exec-6] DEBUG hit.cs.sciencefms.mapper.TeacherMapper.selectById - ==> Parameters: 3(Long)
2025-06-18 09:17:18.075 [http-nio-8082-exec-6] DEBUG hit.cs.sciencefms.mapper.TeacherMapper.selectById - <==      Total: 1
2025-06-18 09:17:18.075 [http-nio-8082-exec-6] DEBUG hit.cs.sciencefms.mapper.TeacherMapper.selectById - ==>  Preparing: SELECT id,username,real_name,gender,birth_date,title,department,position,research_area,email,phone,office_location,avatar_url,create_time,update_time,is_deleted FROM t_teacher WHERE id=? AND is_deleted=0
2025-06-18 09:17:18.075 [http-nio-8082-exec-6] DEBUG hit.cs.sciencefms.mapper.TeacherMapper.selectById - ==> Parameters: 46(Long)
2025-06-18 09:17:18.113 [http-nio-8082-exec-6] DEBUG hit.cs.sciencefms.mapper.TeacherMapper.selectById - <==      Total: 1
2025-06-18 09:17:18.113 [http-nio-8082-exec-6] DEBUG hit.cs.sciencefms.mapper.TeacherMapper.selectById - ==>  Preparing: SELECT id,username,real_name,gender,birth_date,title,department,position,research_area,email,phone,office_location,avatar_url,create_time,update_time,is_deleted FROM t_teacher WHERE id=? AND is_deleted=0
2025-06-18 09:17:18.114 [http-nio-8082-exec-6] DEBUG hit.cs.sciencefms.mapper.TeacherMapper.selectById - ==> Parameters: 2(Long)
2025-06-18 09:17:18.148 [http-nio-8082-exec-6] DEBUG hit.cs.sciencefms.mapper.TeacherMapper.selectById - <==      Total: 1
2025-06-18 09:17:18.148 [http-nio-8082-exec-6] DEBUG hit.cs.sciencefms.mapper.TeacherMapper.selectById - ==>  Preparing: SELECT id,username,real_name,gender,birth_date,title,department,position,research_area,email,phone,office_location,avatar_url,create_time,update_time,is_deleted FROM t_teacher WHERE id=? AND is_deleted=0
2025-06-18 09:17:18.148 [http-nio-8082-exec-6] DEBUG hit.cs.sciencefms.mapper.TeacherMapper.selectById - ==> Parameters: 2(Long)
2025-06-18 09:17:18.185 [http-nio-8082-exec-6] DEBUG hit.cs.sciencefms.mapper.TeacherMapper.selectById - <==      Total: 1
2025-06-18 09:17:18.186 [http-nio-8082-exec-6] DEBUG hit.cs.sciencefms.mapper.TeacherMapper.selectById - ==>  Preparing: SELECT id,username,real_name,gender,birth_date,title,department,position,research_area,email,phone,office_location,avatar_url,create_time,update_time,is_deleted FROM t_teacher WHERE id=? AND is_deleted=0
2025-06-18 09:17:18.186 [http-nio-8082-exec-6] DEBUG hit.cs.sciencefms.mapper.TeacherMapper.selectById - ==> Parameters: 2(Long)
2025-06-18 09:17:18.218 [http-nio-8082-exec-6] DEBUG hit.cs.sciencefms.mapper.TeacherMapper.selectById - <==      Total: 1
2025-06-18 09:17:18.218 [http-nio-8082-exec-6] DEBUG hit.cs.sciencefms.mapper.TeacherMapper.selectById - ==>  Preparing: SELECT id,username,real_name,gender,birth_date,title,department,position,research_area,email,phone,office_location,avatar_url,create_time,update_time,is_deleted FROM t_teacher WHERE id=? AND is_deleted=0
2025-06-18 09:17:18.218 [http-nio-8082-exec-6] DEBUG hit.cs.sciencefms.mapper.TeacherMapper.selectById - ==> Parameters: 1(Long)
2025-06-18 09:17:18.261 [http-nio-8082-exec-6] DEBUG hit.cs.sciencefms.mapper.TeacherMapper.selectById - <==      Total: 1
2025-06-18 09:17:18.261 [http-nio-8082-exec-6] DEBUG hit.cs.sciencefms.mapper.TeacherMapper.selectById - ==>  Preparing: SELECT id,username,real_name,gender,birth_date,title,department,position,research_area,email,phone,office_location,avatar_url,create_time,update_time,is_deleted FROM t_teacher WHERE id=? AND is_deleted=0
2025-06-18 09:17:18.261 [http-nio-8082-exec-6] DEBUG hit.cs.sciencefms.mapper.TeacherMapper.selectById - ==> Parameters: 3(Long)
2025-06-18 09:17:18.306 [http-nio-8082-exec-6] DEBUG hit.cs.sciencefms.mapper.TeacherMapper.selectById - <==      Total: 1
2025-06-18 09:17:18.307 [http-nio-8082-exec-6] DEBUG hit.cs.sciencefms.mapper.TeacherMapper.selectById - ==>  Preparing: SELECT id,username,real_name,gender,birth_date,title,department,position,research_area,email,phone,office_location,avatar_url,create_time,update_time,is_deleted FROM t_teacher WHERE id=? AND is_deleted=0
2025-06-18 09:17:18.307 [http-nio-8082-exec-6] DEBUG hit.cs.sciencefms.mapper.TeacherMapper.selectById - ==> Parameters: 3(Long)
2025-06-18 09:17:18.344 [http-nio-8082-exec-6] DEBUG hit.cs.sciencefms.mapper.TeacherMapper.selectById - <==      Total: 1
2025-06-18 09:17:18.345 [http-nio-8082-exec-6] DEBUG hit.cs.sciencefms.mapper.TeacherMapper.selectById - ==>  Preparing: SELECT id,username,real_name,gender,birth_date,title,department,position,research_area,email,phone,office_location,avatar_url,create_time,update_time,is_deleted FROM t_teacher WHERE id=? AND is_deleted=0
2025-06-18 09:17:18.345 [http-nio-8082-exec-6] DEBUG hit.cs.sciencefms.mapper.TeacherMapper.selectById - ==> Parameters: 2(Long)
2025-06-18 09:17:18.379 [http-nio-8082-exec-6] DEBUG hit.cs.sciencefms.mapper.TeacherMapper.selectById - <==      Total: 1
2025-06-18 09:17:18.379 [http-nio-8082-exec-6] DEBUG hit.cs.sciencefms.mapper.TeacherMapper.selectById - ==>  Preparing: SELECT id,username,real_name,gender,birth_date,title,department,position,research_area,email,phone,office_location,avatar_url,create_time,update_time,is_deleted FROM t_teacher WHERE id=? AND is_deleted=0
2025-06-18 09:17:18.379 [http-nio-8082-exec-6] DEBUG hit.cs.sciencefms.mapper.TeacherMapper.selectById - ==> Parameters: 1(Long)
2025-06-18 09:17:18.409 [http-nio-8082-exec-6] DEBUG hit.cs.sciencefms.mapper.TeacherMapper.selectById - <==      Total: 1
2025-06-18 09:17:18.411 [http-nio-8082-exec-6] DEBUG hit.cs.sciencefms.mapper.TeacherMapper.selectById - ==>  Preparing: SELECT id,username,real_name,gender,birth_date,title,department,position,research_area,email,phone,office_location,avatar_url,create_time,update_time,is_deleted FROM t_teacher WHERE id=? AND is_deleted=0
2025-06-18 09:17:18.411 [http-nio-8082-exec-6] DEBUG hit.cs.sciencefms.mapper.TeacherMapper.selectById - ==> Parameters: 2(Long)
2025-06-18 09:17:18.448 [http-nio-8082-exec-6] DEBUG hit.cs.sciencefms.mapper.TeacherMapper.selectById - <==      Total: 1
2025-06-18 09:17:18.448 [http-nio-8082-exec-6] DEBUG hit.cs.sciencefms.mapper.TeacherMapper.selectById - ==>  Preparing: SELECT id,username,real_name,gender,birth_date,title,department,position,research_area,email,phone,office_location,avatar_url,create_time,update_time,is_deleted FROM t_teacher WHERE id=? AND is_deleted=0
2025-06-18 09:17:18.448 [http-nio-8082-exec-6] DEBUG hit.cs.sciencefms.mapper.TeacherMapper.selectById - ==> Parameters: 1(Long)
2025-06-18 09:17:18.482 [http-nio-8082-exec-6] DEBUG hit.cs.sciencefms.mapper.TeacherMapper.selectById - <==      Total: 1
2025-06-18 09:17:18.483 [http-nio-8082-exec-6] DEBUG hit.cs.sciencefms.mapper.TeacherMapper.selectById - ==>  Preparing: SELECT id,username,real_name,gender,birth_date,title,department,position,research_area,email,phone,office_location,avatar_url,create_time,update_time,is_deleted FROM t_teacher WHERE id=? AND is_deleted=0
2025-06-18 09:17:18.483 [http-nio-8082-exec-6] DEBUG hit.cs.sciencefms.mapper.TeacherMapper.selectById - ==> Parameters: 3(Long)
2025-06-18 09:17:18.531 [http-nio-8082-exec-6] DEBUG hit.cs.sciencefms.mapper.TeacherMapper.selectById - <==      Total: 1
2025-06-18 09:17:18.531 [http-nio-8082-exec-6] DEBUG hit.cs.sciencefms.mapper.TeacherMapper.selectById - ==>  Preparing: SELECT id,username,real_name,gender,birth_date,title,department,position,research_area,email,phone,office_location,avatar_url,create_time,update_time,is_deleted FROM t_teacher WHERE id=? AND is_deleted=0
2025-06-18 09:17:18.531 [http-nio-8082-exec-6] DEBUG hit.cs.sciencefms.mapper.TeacherMapper.selectById - ==> Parameters: 46(Long)
2025-06-18 09:17:18.580 [http-nio-8082-exec-6] DEBUG hit.cs.sciencefms.mapper.TeacherMapper.selectById - <==      Total: 1
2025-06-18 09:17:18.580 [http-nio-8082-exec-6] DEBUG hit.cs.sciencefms.mapper.TeacherMapper.selectById - ==>  Preparing: SELECT id,username,real_name,gender,birth_date,title,department,position,research_area,email,phone,office_location,avatar_url,create_time,update_time,is_deleted FROM t_teacher WHERE id=? AND is_deleted=0
2025-06-18 09:17:18.580 [http-nio-8082-exec-6] DEBUG hit.cs.sciencefms.mapper.TeacherMapper.selectById - ==> Parameters: 45(Long)
2025-06-18 09:17:18.624 [http-nio-8082-exec-6] DEBUG hit.cs.sciencefms.mapper.TeacherMapper.selectById - <==      Total: 1
2025-06-18 09:17:18.624 [http-nio-8082-exec-6] DEBUG hit.cs.sciencefms.mapper.TeacherMapper.selectById - ==>  Preparing: SELECT id,username,real_name,gender,birth_date,title,department,position,research_area,email,phone,office_location,avatar_url,create_time,update_time,is_deleted FROM t_teacher WHERE id=? AND is_deleted=0
2025-06-18 09:17:18.627 [http-nio-8082-exec-6] DEBUG hit.cs.sciencefms.mapper.TeacherMapper.selectById - ==> Parameters: 3(Long)
2025-06-18 09:17:18.657 [http-nio-8082-exec-6] DEBUG hit.cs.sciencefms.mapper.TeacherMapper.selectById - <==      Total: 1
2025-06-18 09:17:18.657 [http-nio-8082-exec-6] DEBUG hit.cs.sciencefms.mapper.TeacherMapper.selectById - ==>  Preparing: SELECT id,username,real_name,gender,birth_date,title,department,position,research_area,email,phone,office_location,avatar_url,create_time,update_time,is_deleted FROM t_teacher WHERE id=? AND is_deleted=0
2025-06-18 09:17:18.657 [http-nio-8082-exec-6] DEBUG hit.cs.sciencefms.mapper.TeacherMapper.selectById - ==> Parameters: 1(Long)
2025-06-18 09:17:18.687 [http-nio-8082-exec-6] DEBUG hit.cs.sciencefms.mapper.TeacherMapper.selectById - <==      Total: 1
2025-06-18 09:17:18.689 [http-nio-8082-exec-6] DEBUG hit.cs.sciencefms.mapper.TeacherMapper.selectById - ==>  Preparing: SELECT id,username,real_name,gender,birth_date,title,department,position,research_area,email,phone,office_location,avatar_url,create_time,update_time,is_deleted FROM t_teacher WHERE id=? AND is_deleted=0
2025-06-18 09:17:18.689 [http-nio-8082-exec-6] DEBUG hit.cs.sciencefms.mapper.TeacherMapper.selectById - ==> Parameters: 1(Long)
2025-06-18 09:17:18.724 [http-nio-8082-exec-6] DEBUG hit.cs.sciencefms.mapper.TeacherMapper.selectById - <==      Total: 1
2025-06-18 09:17:18.725 [http-nio-8082-exec-6] DEBUG hit.cs.sciencefms.mapper.TeacherMapper.selectById - ==>  Preparing: SELECT id,username,real_name,gender,birth_date,title,department,position,research_area,email,phone,office_location,avatar_url,create_time,update_time,is_deleted FROM t_teacher WHERE id=? AND is_deleted=0
2025-06-18 09:17:18.725 [http-nio-8082-exec-6] DEBUG hit.cs.sciencefms.mapper.TeacherMapper.selectById - ==> Parameters: 44(Long)
2025-06-18 09:17:18.764 [http-nio-8082-exec-6] DEBUG hit.cs.sciencefms.mapper.TeacherMapper.selectById - <==      Total: 1
2025-06-18 09:17:18.764 [http-nio-8082-exec-6] DEBUG hit.cs.sciencefms.mapper.TeacherMapper.selectById - ==>  Preparing: SELECT id,username,real_name,gender,birth_date,title,department,position,research_area,email,phone,office_location,avatar_url,create_time,update_time,is_deleted FROM t_teacher WHERE id=? AND is_deleted=0
2025-06-18 09:17:18.764 [http-nio-8082-exec-6] DEBUG hit.cs.sciencefms.mapper.TeacherMapper.selectById - ==> Parameters: 3(Long)
2025-06-18 09:17:18.796 [http-nio-8082-exec-6] DEBUG hit.cs.sciencefms.mapper.TeacherMapper.selectById - <==      Total: 1
2025-06-18 09:17:18.796 [http-nio-8082-exec-6] DEBUG hit.cs.sciencefms.mapper.TeacherMapper.selectById - ==>  Preparing: SELECT id,username,real_name,gender,birth_date,title,department,position,research_area,email,phone,office_location,avatar_url,create_time,update_time,is_deleted FROM t_teacher WHERE id=? AND is_deleted=0
2025-06-18 09:17:18.796 [http-nio-8082-exec-6] DEBUG hit.cs.sciencefms.mapper.TeacherMapper.selectById - ==> Parameters: 2(Long)
2025-06-18 09:17:18.833 [http-nio-8082-exec-6] DEBUG hit.cs.sciencefms.mapper.TeacherMapper.selectById - <==      Total: 1
2025-06-18 09:17:18.833 [http-nio-8082-exec-6] DEBUG hit.cs.sciencefms.mapper.TeacherMapper.selectById - ==>  Preparing: SELECT id,username,real_name,gender,birth_date,title,department,position,research_area,email,phone,office_location,avatar_url,create_time,update_time,is_deleted FROM t_teacher WHERE id=? AND is_deleted=0
2025-06-18 09:17:18.833 [http-nio-8082-exec-6] DEBUG hit.cs.sciencefms.mapper.TeacherMapper.selectById - ==> Parameters: 43(Long)
2025-06-18 09:17:18.880 [http-nio-8082-exec-6] DEBUG hit.cs.sciencefms.mapper.TeacherMapper.selectById - <==      Total: 1
2025-06-18 09:17:18.880 [http-nio-8082-exec-6] DEBUG hit.cs.sciencefms.mapper.TeacherMapper.selectById - ==>  Preparing: SELECT id,username,real_name,gender,birth_date,title,department,position,research_area,email,phone,office_location,avatar_url,create_time,update_time,is_deleted FROM t_teacher WHERE id=? AND is_deleted=0
2025-06-18 09:17:18.880 [http-nio-8082-exec-6] DEBUG hit.cs.sciencefms.mapper.TeacherMapper.selectById - ==> Parameters: 42(Long)
2025-06-18 09:17:18.913 [http-nio-8082-exec-6] DEBUG hit.cs.sciencefms.mapper.TeacherMapper.selectById - <==      Total: 1
2025-06-18 09:17:18.914 [http-nio-8082-exec-6] DEBUG hit.cs.sciencefms.mapper.TeacherMapper.selectById - ==>  Preparing: SELECT id,username,real_name,gender,birth_date,title,department,position,research_area,email,phone,office_location,avatar_url,create_time,update_time,is_deleted FROM t_teacher WHERE id=? AND is_deleted=0
2025-06-18 09:17:18.914 [http-nio-8082-exec-6] DEBUG hit.cs.sciencefms.mapper.TeacherMapper.selectById - ==> Parameters: 41(Long)
2025-06-18 09:17:18.947 [http-nio-8082-exec-6] DEBUG hit.cs.sciencefms.mapper.TeacherMapper.selectById - <==      Total: 1
2025-06-18 09:17:18.947 [http-nio-8082-exec-6] DEBUG hit.cs.sciencefms.mapper.TeacherMapper.selectById - ==>  Preparing: SELECT id,username,real_name,gender,birth_date,title,department,position,research_area,email,phone,office_location,avatar_url,create_time,update_time,is_deleted FROM t_teacher WHERE id=? AND is_deleted=0
2025-06-18 09:17:18.949 [http-nio-8082-exec-6] DEBUG hit.cs.sciencefms.mapper.TeacherMapper.selectById - ==> Parameters: 2(Long)
2025-06-18 09:17:18.982 [http-nio-8082-exec-6] DEBUG hit.cs.sciencefms.mapper.TeacherMapper.selectById - <==      Total: 1
2025-06-18 09:17:18.983 [http-nio-8082-exec-6] DEBUG hit.cs.sciencefms.mapper.TeacherMapper.selectById - ==>  Preparing: SELECT id,username,real_name,gender,birth_date,title,department,position,research_area,email,phone,office_location,avatar_url,create_time,update_time,is_deleted FROM t_teacher WHERE id=? AND is_deleted=0
2025-06-18 09:17:18.983 [http-nio-8082-exec-6] DEBUG hit.cs.sciencefms.mapper.TeacherMapper.selectById - ==> Parameters: 1(Long)
2025-06-18 09:17:19.024 [http-nio-8082-exec-6] DEBUG hit.cs.sciencefms.mapper.TeacherMapper.selectById - <==      Total: 1
2025-06-18 09:17:19.024 [http-nio-8082-exec-6] DEBUG hit.cs.sciencefms.mapper.TeacherMapper.selectById - ==>  Preparing: SELECT id,username,real_name,gender,birth_date,title,department,position,research_area,email,phone,office_location,avatar_url,create_time,update_time,is_deleted FROM t_teacher WHERE id=? AND is_deleted=0
2025-06-18 09:17:19.024 [http-nio-8082-exec-6] DEBUG hit.cs.sciencefms.mapper.TeacherMapper.selectById - ==> Parameters: 3(Long)
2025-06-18 09:17:19.062 [http-nio-8082-exec-6] DEBUG hit.cs.sciencefms.mapper.TeacherMapper.selectById - <==      Total: 1
2025-06-18 09:17:19.063 [http-nio-8082-exec-6] DEBUG hit.cs.sciencefms.mapper.TeacherMapper.selectById - ==>  Preparing: SELECT id,username,real_name,gender,birth_date,title,department,position,research_area,email,phone,office_location,avatar_url,create_time,update_time,is_deleted FROM t_teacher WHERE id=? AND is_deleted=0
2025-06-18 09:17:19.063 [http-nio-8082-exec-6] DEBUG hit.cs.sciencefms.mapper.TeacherMapper.selectById - ==> Parameters: 42(Long)
2025-06-18 09:17:19.105 [http-nio-8082-exec-6] DEBUG hit.cs.sciencefms.mapper.TeacherMapper.selectById - <==      Total: 1
2025-06-18 09:17:19.106 [http-nio-8082-exec-6] DEBUG hit.cs.sciencefms.mapper.TeacherMapper.selectById - ==>  Preparing: SELECT id,username,real_name,gender,birth_date,title,department,position,research_area,email,phone,office_location,avatar_url,create_time,update_time,is_deleted FROM t_teacher WHERE id=? AND is_deleted=0
2025-06-18 09:17:19.106 [http-nio-8082-exec-6] DEBUG hit.cs.sciencefms.mapper.TeacherMapper.selectById - ==> Parameters: 43(Long)
2025-06-18 09:17:19.145 [http-nio-8082-exec-6] DEBUG hit.cs.sciencefms.mapper.TeacherMapper.selectById - <==      Total: 1
2025-06-18 09:17:19.146 [http-nio-8082-exec-6] DEBUG hit.cs.sciencefms.mapper.TeacherMapper.selectById - ==>  Preparing: SELECT id,username,real_name,gender,birth_date,title,department,position,research_area,email,phone,office_location,avatar_url,create_time,update_time,is_deleted FROM t_teacher WHERE id=? AND is_deleted=0
2025-06-18 09:17:19.146 [http-nio-8082-exec-6] DEBUG hit.cs.sciencefms.mapper.TeacherMapper.selectById - ==> Parameters: 42(Long)
2025-06-18 09:17:19.191 [http-nio-8082-exec-6] DEBUG hit.cs.sciencefms.mapper.TeacherMapper.selectById - <==      Total: 1
2025-06-18 09:17:19.191 [http-nio-8082-exec-6] DEBUG hit.cs.sciencefms.mapper.TeacherMapper.selectById - ==>  Preparing: SELECT id,username,real_name,gender,birth_date,title,department,position,research_area,email,phone,office_location,avatar_url,create_time,update_time,is_deleted FROM t_teacher WHERE id=? AND is_deleted=0
2025-06-18 09:17:19.191 [http-nio-8082-exec-6] DEBUG hit.cs.sciencefms.mapper.TeacherMapper.selectById - ==> Parameters: 40(Long)
2025-06-18 09:17:19.225 [http-nio-8082-exec-6] DEBUG hit.cs.sciencefms.mapper.TeacherMapper.selectById - <==      Total: 1
2025-06-18 09:17:19.227 [http-nio-8082-exec-6] DEBUG hit.cs.sciencefms.mapper.TeacherMapper.selectById - ==>  Preparing: SELECT id,username,real_name,gender,birth_date,title,department,position,research_area,email,phone,office_location,avatar_url,create_time,update_time,is_deleted FROM t_teacher WHERE id=? AND is_deleted=0
2025-06-18 09:17:19.227 [http-nio-8082-exec-6] DEBUG hit.cs.sciencefms.mapper.TeacherMapper.selectById - ==> Parameters: 41(Long)
2025-06-18 09:17:19.259 [http-nio-8082-exec-6] DEBUG hit.cs.sciencefms.mapper.TeacherMapper.selectById - <==      Total: 1
2025-06-18 09:17:19.260 [http-nio-8082-exec-6] DEBUG hit.cs.sciencefms.mapper.TeacherMapper.selectById - ==>  Preparing: SELECT id,username,real_name,gender,birth_date,title,department,position,research_area,email,phone,office_location,avatar_url,create_time,update_time,is_deleted FROM t_teacher WHERE id=? AND is_deleted=0
2025-06-18 09:17:19.260 [http-nio-8082-exec-6] DEBUG hit.cs.sciencefms.mapper.TeacherMapper.selectById - ==> Parameters: 41(Long)
2025-06-18 09:17:19.296 [http-nio-8082-exec-6] DEBUG hit.cs.sciencefms.mapper.TeacherMapper.selectById - <==      Total: 1
2025-06-18 09:17:19.297 [http-nio-8082-exec-6] DEBUG hit.cs.sciencefms.mapper.TeacherMapper.selectById - ==>  Preparing: SELECT id,username,real_name,gender,birth_date,title,department,position,research_area,email,phone,office_location,avatar_url,create_time,update_time,is_deleted FROM t_teacher WHERE id=? AND is_deleted=0
2025-06-18 09:17:19.297 [http-nio-8082-exec-6] DEBUG hit.cs.sciencefms.mapper.TeacherMapper.selectById - ==> Parameters: 1(Long)
2025-06-18 09:17:19.337 [http-nio-8082-exec-6] DEBUG hit.cs.sciencefms.mapper.TeacherMapper.selectById - <==      Total: 1
2025-06-18 09:17:19.337 [http-nio-8082-exec-6] DEBUG hit.cs.sciencefms.mapper.TeacherMapper.selectById - ==>  Preparing: SELECT id,username,real_name,gender,birth_date,title,department,position,research_area,email,phone,office_location,avatar_url,create_time,update_time,is_deleted FROM t_teacher WHERE id=? AND is_deleted=0
2025-06-18 09:17:19.337 [http-nio-8082-exec-6] DEBUG hit.cs.sciencefms.mapper.TeacherMapper.selectById - ==> Parameters: 2(Long)
2025-06-18 09:17:19.380 [http-nio-8082-exec-6] DEBUG hit.cs.sciencefms.mapper.TeacherMapper.selectById - <==      Total: 1
2025-06-18 09:17:19.381 [http-nio-8082-exec-6] DEBUG hit.cs.sciencefms.mapper.TeacherMapper.selectById - ==>  Preparing: SELECT id,username,real_name,gender,birth_date,title,department,position,research_area,email,phone,office_location,avatar_url,create_time,update_time,is_deleted FROM t_teacher WHERE id=? AND is_deleted=0
2025-06-18 09:17:19.381 [http-nio-8082-exec-6] DEBUG hit.cs.sciencefms.mapper.TeacherMapper.selectById - ==> Parameters: 3(Long)
2025-06-18 09:17:19.419 [http-nio-8082-exec-6] DEBUG hit.cs.sciencefms.mapper.TeacherMapper.selectById - <==      Total: 1
2025-06-18 09:17:19.420 [http-nio-8082-exec-6] DEBUG hit.cs.sciencefms.mapper.TeacherMapper.selectById - ==>  Preparing: SELECT id,username,real_name,gender,birth_date,title,department,position,research_area,email,phone,office_location,avatar_url,create_time,update_time,is_deleted FROM t_teacher WHERE id=? AND is_deleted=0
2025-06-18 09:17:19.421 [http-nio-8082-exec-6] DEBUG hit.cs.sciencefms.mapper.TeacherMapper.selectById - ==> Parameters: 1(Long)
2025-06-18 09:17:19.460 [http-nio-8082-exec-6] DEBUG hit.cs.sciencefms.mapper.TeacherMapper.selectById - <==      Total: 1
2025-06-18 09:17:19.461 [http-nio-8082-exec-6] DEBUG hit.cs.sciencefms.mapper.TeacherMapper.selectById - ==>  Preparing: SELECT id,username,real_name,gender,birth_date,title,department,position,research_area,email,phone,office_location,avatar_url,create_time,update_time,is_deleted FROM t_teacher WHERE id=? AND is_deleted=0
2025-06-18 09:17:19.461 [http-nio-8082-exec-6] DEBUG hit.cs.sciencefms.mapper.TeacherMapper.selectById - ==> Parameters: 1(Long)
2025-06-18 09:17:19.511 [http-nio-8082-exec-6] DEBUG hit.cs.sciencefms.mapper.TeacherMapper.selectById - <==      Total: 1
2025-06-18 09:17:19.512 [http-nio-8082-exec-6] DEBUG hit.cs.sciencefms.mapper.TeacherMapper.selectById - ==>  Preparing: SELECT id,username,real_name,gender,birth_date,title,department,position,research_area,email,phone,office_location,avatar_url,create_time,update_time,is_deleted FROM t_teacher WHERE id=? AND is_deleted=0
2025-06-18 09:17:19.512 [http-nio-8082-exec-6] DEBUG hit.cs.sciencefms.mapper.TeacherMapper.selectById - ==> Parameters: 3(Long)
2025-06-18 09:17:19.540 [http-nio-8082-exec-6] DEBUG hit.cs.sciencefms.mapper.TeacherMapper.selectById - <==      Total: 1
2025-06-18 09:17:19.543 [http-nio-8082-exec-6] DEBUG hit.cs.sciencefms.mapper.TeacherMapper.selectById - ==>  Preparing: SELECT id,username,real_name,gender,birth_date,title,department,position,research_area,email,phone,office_location,avatar_url,create_time,update_time,is_deleted FROM t_teacher WHERE id=? AND is_deleted=0
2025-06-18 09:17:19.543 [http-nio-8082-exec-6] DEBUG hit.cs.sciencefms.mapper.TeacherMapper.selectById - ==> Parameters: 1(Long)
2025-06-18 09:17:19.579 [http-nio-8082-exec-6] DEBUG hit.cs.sciencefms.mapper.TeacherMapper.selectById - <==      Total: 1
2025-06-18 09:17:19.580 [http-nio-8082-exec-6] DEBUG hit.cs.sciencefms.mapper.TeacherMapper.selectById - ==>  Preparing: SELECT id,username,real_name,gender,birth_date,title,department,position,research_area,email,phone,office_location,avatar_url,create_time,update_time,is_deleted FROM t_teacher WHERE id=? AND is_deleted=0
2025-06-18 09:17:19.580 [http-nio-8082-exec-6] DEBUG hit.cs.sciencefms.mapper.TeacherMapper.selectById - ==> Parameters: 2(Long)
2025-06-18 09:17:19.618 [http-nio-8082-exec-6] DEBUG hit.cs.sciencefms.mapper.TeacherMapper.selectById - <==      Total: 1
2025-06-18 09:17:19.620 [http-nio-8082-exec-6] DEBUG hit.cs.sciencefms.mapper.TeacherMapper.selectById - ==>  Preparing: SELECT id,username,real_name,gender,birth_date,title,department,position,research_area,email,phone,office_location,avatar_url,create_time,update_time,is_deleted FROM t_teacher WHERE id=? AND is_deleted=0
2025-06-18 09:17:19.620 [http-nio-8082-exec-6] DEBUG hit.cs.sciencefms.mapper.TeacherMapper.selectById - ==> Parameters: 2(Long)
2025-06-18 09:17:19.653 [http-nio-8082-exec-6] DEBUG hit.cs.sciencefms.mapper.TeacherMapper.selectById - <==      Total: 1
2025-06-18 09:17:19.821 [http-nio-8082-exec-6] ERROR o.a.c.c.C.[.[localhost].[/].[dispatcherServlet] - Servlet.service() for servlet [dispatcherServlet] in context with path [] threw exception [Request processing failed: java.lang.IllegalArgumentException: text cannot be null or blank] with root cause
java.lang.IllegalArgumentException: text cannot be null or blank
	at dev.langchain4j.internal.Exceptions.illegalArgument(Exceptions.java:19)
	at dev.langchain4j.internal.ValidationUtils.ensureNotBlank(ValidationUtils.java:98)
	at dev.langchain4j.data.message.AiMessage.<init>(AiMessage.java:30)
	at dev.langchain4j.data.message.AiMessage.from(AiMessage.java:100)
	at dev.langchain4j.data.message.AiMessage.aiMessage(AiMessage.java:127)
	at dev.langchain4j.model.qianfan.InternalQianfanHelper.aiMessageFrom(InternalQianfanHelper.java:162)
	at dev.langchain4j.model.qianfan.QianfanChatModel.generate(QianfanChatModel.java:131)
	at dev.langchain4j.model.qianfan.QianfanChatModel.generate(QianfanChatModel.java:90)
	at dev.langchain4j.model.chat.ChatLanguageModel.generate(ChatLanguageModel.java:39)
	at dev.langchain4j.model.chat.ChatLanguageModel.generate(ChatLanguageModel.java:27)
	at hit.cs.sciencefms.service.impl.ResearchSummaryServiceImpl.generateTrendAnalysis(ResearchSummaryServiceImpl.java:132)
	at hit.cs.sciencefms.service.impl.ResearchSummaryServiceImpl.generateResearchAnalysis(ResearchSummaryServiceImpl.java:92)
	at hit.cs.sciencefms.controller.AdminDashboardController.getResearchAnalysis(AdminDashboardController.java:51)
	at java.base/jdk.internal.reflect.NativeMethodAccessorImpl.invoke0(Native Method)
	at java.base/jdk.internal.reflect.NativeMethodAccessorImpl.invoke(NativeMethodAccessorImpl.java:77)
	at java.base/jdk.internal.reflect.DelegatingMethodAccessorImpl.invoke(DelegatingMethodAccessorImpl.java:43)
	at java.base/java.lang.reflect.Method.invoke(Method.java:568)
	at org.springframework.web.method.support.InvocableHandlerMethod.doInvoke(InvocableHandlerMethod.java:207)
	at org.springframework.web.method.support.InvocableHandlerMethod.invokeForRequest(InvocableHandlerMethod.java:152)
	at org.springframework.web.servlet.mvc.method.annotation.ServletInvocableHandlerMethod.invokeAndHandle(ServletInvocableHandlerMethod.java:117)
	at org.springframework.web.servlet.mvc.method.annotation.RequestMappingHandlerAdapter.invokeHandlerMethod(RequestMappingHandlerAdapter.java:884)
	at org.springframework.web.servlet.mvc.method.annotation.RequestMappingHandlerAdapter.handleInternal(RequestMappingHandlerAdapter.java:797)
	at org.springframework.web.servlet.mvc.method.AbstractHandlerMethodAdapter.handle(AbstractHandlerMethodAdapter.java:87)
	at org.springframework.web.servlet.DispatcherServlet.doDispatch(DispatcherServlet.java:1080)
	at org.springframework.web.servlet.DispatcherServlet.doService(DispatcherServlet.java:973)
	at org.springframework.web.servlet.FrameworkServlet.processRequest(FrameworkServlet.java:1011)
	at org.springframework.web.servlet.FrameworkServlet.doGet(FrameworkServlet.java:903)
	at jakarta.servlet.http.HttpServlet.service(HttpServlet.java:705)
	at org.springframework.web.servlet.FrameworkServlet.service(FrameworkServlet.java:885)
	at jakarta.servlet.http.HttpServlet.service(HttpServlet.java:814)
	at org.apache.catalina.core.ApplicationFilterChain.internalDoFilter(ApplicationFilterChain.java:223)
	at org.apache.catalina.core.ApplicationFilterChain.doFilter(ApplicationFilterChain.java:158)
	at org.apache.tomcat.websocket.server.WsFilter.doFilter(WsFilter.java:53)
	at org.apache.catalina.core.ApplicationFilterChain.internalDoFilter(ApplicationFilterChain.java:185)
	at org.apache.catalina.core.ApplicationFilterChain.doFilter(ApplicationFilterChain.java:158)
	at org.springframework.web.filter.RequestContextFilter.doFilterInternal(RequestContextFilter.java:100)
	at org.springframework.web.filter.OncePerRequestFilter.doFilter(OncePerRequestFilter.java:116)
	at org.apache.catalina.core.ApplicationFilterChain.internalDoFilter(ApplicationFilterChain.java:185)
	at org.apache.catalina.core.ApplicationFilterChain.doFilter(ApplicationFilterChain.java:158)
	at org.springframework.web.filter.FormContentFilter.doFilterInternal(FormContentFilter.java:93)
	at org.springframework.web.filter.OncePerRequestFilter.doFilter(OncePerRequestFilter.java:116)
	at org.apache.catalina.core.ApplicationFilterChain.internalDoFilter(ApplicationFilterChain.java:185)
	at org.apache.catalina.core.ApplicationFilterChain.doFilter(ApplicationFilterChain.java:158)
	at hit.cs.sciencefms.config.JwtFilter.doFilterInternal(JwtFilter.java:91)
	at org.springframework.web.filter.OncePerRequestFilter.doFilter(OncePerRequestFilter.java:116)
	at org.apache.catalina.core.ApplicationFilterChain.internalDoFilter(ApplicationFilterChain.java:185)
	at org.apache.catalina.core.ApplicationFilterChain.doFilter(ApplicationFilterChain.java:158)
	at org.springframework.web.filter.CharacterEncodingFilter.doFilterInternal(CharacterEncodingFilter.java:201)
	at org.springframework.web.filter.OncePerRequestFilter.doFilter(OncePerRequestFilter.java:116)
	at org.apache.catalina.core.ApplicationFilterChain.internalDoFilter(ApplicationFilterChain.java:185)
	at org.apache.catalina.core.ApplicationFilterChain.doFilter(ApplicationFilterChain.java:158)
	at hit.cs.sciencefms.config.CorsFilter.doFilter(CorsFilter.java:44)
	at org.apache.catalina.core.ApplicationFilterChain.internalDoFilter(ApplicationFilterChain.java:185)
	at org.apache.catalina.core.ApplicationFilterChain.doFilter(ApplicationFilterChain.java:158)
	at org.apache.catalina.core.StandardWrapperValve.invoke(StandardWrapperValve.java:177)
	at org.apache.catalina.core.StandardContextValve.invoke(StandardContextValve.java:97)
	at org.apache.catalina.authenticator.AuthenticatorBase.invoke(AuthenticatorBase.java:542)
	at org.apache.catalina.core.StandardHostValve.invoke(StandardHostValve.java:119)
	at org.apache.catalina.valves.ErrorReportValve.invoke(ErrorReportValve.java:92)
	at org.apache.catalina.core.StandardEngineValve.invoke(StandardEngineValve.java:78)
	at org.apache.catalina.connector.CoyoteAdapter.service(CoyoteAdapter.java:357)
	at org.apache.coyote.http11.Http11Processor.service(Http11Processor.java:400)
	at org.apache.coyote.AbstractProcessorLight.process(AbstractProcessorLight.java:65)
	at org.apache.coyote.AbstractProtocol$ConnectionHandler.process(AbstractProtocol.java:859)
	at org.apache.tomcat.util.net.NioEndpoint$SocketProcessor.doRun(NioEndpoint.java:1734)
	at org.apache.tomcat.util.net.SocketProcessorBase.run(SocketProcessorBase.java:52)
	at org.apache.tomcat.util.threads.ThreadPoolExecutor.runWorker(ThreadPoolExecutor.java:1191)
	at org.apache.tomcat.util.threads.ThreadPoolExecutor$Worker.run(ThreadPoolExecutor.java:659)
	at org.apache.tomcat.util.threads.TaskThread$WrappingRunnable.run(TaskThread.java:61)
	at java.base/java.lang.Thread.run(Thread.java:842)
2025-06-18 09:36:19.043 [SpringApplicationShutdownHook] INFO  com.zaxxer.hikari.HikariDataSource - HikariPool-1 - Shutdown initiated...
2025-06-18 09:36:19.045 [SpringApplicationShutdownHook] INFO  com.zaxxer.hikari.HikariDataSource - HikariPool-1 - Shutdown completed.
2025-06-18 09:45:47.642 [main] INFO  hit.cs.sciencefms.ScienceFmsApplication - Starting ScienceFmsApplication using Java 17.0.10 with PID 10264 (D:\Codes\SchoolProject\Java\SoftwareProjection\scienceSystem\BackEnd\scienceFMS\target\classes started by DELL in D:\Codes\SchoolProject\Java\SoftwareProjection\scienceSystem\BackEnd)
2025-06-18 09:45:47.643 [main] DEBUG hit.cs.sciencefms.ScienceFmsApplication - Running with Spring Boot v3.0.2, Spring v6.0.4
2025-06-18 09:45:47.643 [main] INFO  hit.cs.sciencefms.ScienceFmsApplication - No active profile set, falling back to 1 default profile: "default"
2025-06-18 09:45:49.819 [main] INFO  o.s.boot.web.embedded.tomcat.TomcatWebServer - Tomcat initialized with port(s): 8082 (http)
2025-06-18 09:45:49.825 [main] INFO  org.apache.catalina.core.StandardService - Starting service [Tomcat]
2025-06-18 09:45:49.826 [main] INFO  org.apache.catalina.core.StandardEngine - Starting Servlet engine: [Apache Tomcat/10.1.5]
2025-06-18 09:45:49.886 [main] INFO  o.a.c.core.ContainerBase.[Tomcat].[localhost].[/] - Initializing Spring embedded WebApplicationContext
2025-06-18 09:45:49.886 [main] INFO  o.s.b.w.s.c.ServletWebServerApplicationContext - Root WebApplicationContext: initialization completed in 2214 ms
2025-06-18 09:45:50.045 [main] DEBUG hit.cs.sciencefms.config.JwtFilter - Filter 'jwtFilter' configured for use
2025-06-18 09:45:50.971 [main] INFO  o.s.b.a.web.servlet.WelcomePageHandlerMapping - Adding welcome page: class path resource [static/index.html]
2025-06-18 09:45:51.179 [main] INFO  o.s.boot.web.embedded.tomcat.TomcatWebServer - Tomcat started on port(s): 8082 (http) with context path ''
2025-06-18 09:45:51.191 [main] INFO  hit.cs.sciencefms.ScienceFmsApplication - Started ScienceFmsApplication in 3.901 seconds (process running for 9.149)
2025-06-18 09:45:51.249 [http-nio-8082-exec-1] INFO  o.a.c.core.ContainerBase.[Tomcat].[localhost].[/] - Initializing Spring DispatcherServlet 'dispatcherServlet'
2025-06-18 09:45:51.249 [http-nio-8082-exec-1] INFO  org.springframework.web.servlet.DispatcherServlet - Initializing Servlet 'dispatcherServlet'
2025-06-18 09:45:51.250 [http-nio-8082-exec-1] INFO  org.springframework.web.servlet.DispatcherServlet - Completed initialization in 1 ms
2025-06-18 09:45:51.303 [http-nio-8082-exec-1] ERROR hit.cs.sciencefms.util.JwtUtil - JWT验证失败: JWT signature does not match locally computed signature. JWT validity cannot be asserted and should not be trusted.
2025-06-18 09:46:02.671 [http-nio-8082-exec-7] INFO  hit.cs.sciencefms.service.impl.UserServiceImpl - 用户登录: admin1
2025-06-18 09:46:02.698 [http-nio-8082-exec-7] WARN  c.b.m.core.toolkit.support.ReflectLambdaMeta - Unable to make field private final java.lang.Class java.lang.invoke.SerializedLambda.capturingClass accessible: module java.base does not "opens java.lang.invoke" to unnamed module @2b71e916
2025-06-18 09:46:02.707 [http-nio-8082-exec-7] INFO  com.zaxxer.hikari.HikariDataSource - HikariPool-1 - Starting...
2025-06-18 09:46:03.084 [http-nio-8082-exec-7] INFO  com.zaxxer.hikari.pool.HikariPool - HikariPool-1 - Added connection org.postgresql.jdbc.PgConnection@4e7c2291
2025-06-18 09:46:03.085 [http-nio-8082-exec-7] INFO  com.zaxxer.hikari.HikariDataSource - HikariPool-1 - Start completed.
2025-06-18 09:46:03.091 [http-nio-8082-exec-7] DEBUG hit.cs.sciencefms.mapper.UserMapper.selectList - ==>  Preparing: SELECT id,username,password,role,real_name,email,phone,status,login_fail_count,create_time,update_time FROM t_user WHERE (username = ?)
2025-06-18 09:46:03.100 [http-nio-8082-exec-7] DEBUG hit.cs.sciencefms.mapper.UserMapper.selectList - ==> Parameters: admin1(String)
2025-06-18 09:46:03.158 [http-nio-8082-exec-7] DEBUG hit.cs.sciencefms.mapper.UserMapper.selectList - <==      Total: 1
2025-06-18 09:46:03.163 [http-nio-8082-exec-7] DEBUG h.c.s.mapper.UserMapper.resetLoginFailCount - ==>  Preparing: UPDATE t_user SET login_fail_count = 0 WHERE username = ?
2025-06-18 09:46:03.163 [http-nio-8082-exec-7] DEBUG h.c.s.mapper.UserMapper.resetLoginFailCount - ==> Parameters: admin1(String)
2025-06-18 09:46:03.199 [http-nio-8082-exec-7] DEBUG h.c.s.mapper.UserMapper.resetLoginFailCount - <==    Updates: 1
2025-06-18 09:46:03.209 [http-nio-8082-exec-7] INFO  hit.cs.sciencefms.service.impl.UserServiceImpl - JWT token: eyJhbGciOiJIUzUxMiJ9.eyJyb2xlIjoiYWRtaW4iLCJ1c2VySWQiOjEsInVzZXJuYW1lIjoiYWRtaW4xIiwiaWF0IjoxNzUwMjExMTYzLCJleHAiOjE3NTAyOTc1NjN9.vFt7ndr6AhdsMo5aUC-81AslFRzszbfI88dZOTKwtZ6Ic9dS4ylfM7DT4jV19EQwCs8SJJZlcIp-OLDQcS6_VQ
2025-06-18 09:46:03.246 [http-nio-8082-exec-5] INFO  hit.cs.sciencefms.util.JwtUtil - JWT验证成功
2025-06-18 09:46:03.255 [http-nio-8082-exec-5] DEBUG hit.cs.sciencefms.mapper.UserMapper.selectCount - ==>  Preparing: SELECT COUNT( * ) AS total FROM t_user
2025-06-18 09:46:03.256 [http-nio-8082-exec-5] DEBUG hit.cs.sciencefms.mapper.UserMapper.selectCount - ==> Parameters: 
2025-06-18 09:46:03.300 [http-nio-8082-exec-5] DEBUG hit.cs.sciencefms.mapper.UserMapper.selectCount - <==      Total: 1
2025-06-18 09:46:03.301 [http-nio-8082-exec-5] DEBUG h.c.s.m.IntellectualPropertyMapper.selectCount - ==>  Preparing: SELECT COUNT( * ) AS total FROM t_intellectual_property WHERE is_deleted=0
2025-06-18 09:46:03.301 [http-nio-8082-exec-5] DEBUG h.c.s.m.IntellectualPropertyMapper.selectCount - ==> Parameters: 
2025-06-18 09:46:03.357 [http-nio-8082-exec-5] DEBUG h.c.s.m.IntellectualPropertyMapper.selectCount - <==      Total: 1
2025-06-18 09:46:03.358 [http-nio-8082-exec-5] DEBUG hit.cs.sciencefms.mapper.AwardMapper.selectCount - ==>  Preparing: SELECT COUNT( * ) AS total FROM t_award WHERE is_deleted=0
2025-06-18 09:46:03.358 [http-nio-8082-exec-5] DEBUG hit.cs.sciencefms.mapper.AwardMapper.selectCount - ==> Parameters: 
2025-06-18 09:46:03.398 [http-nio-8082-exec-5] DEBUG hit.cs.sciencefms.mapper.AwardMapper.selectCount - <==      Total: 1
2025-06-18 09:46:03.399 [http-nio-8082-exec-5] DEBUG h.c.s.mapper.ResearchProjectMapper.selectCount - ==>  Preparing: SELECT COUNT( * ) AS total FROM t_research_project WHERE is_deleted=0
2025-06-18 09:46:03.399 [http-nio-8082-exec-5] DEBUG h.c.s.mapper.ResearchProjectMapper.selectCount - ==> Parameters: 
2025-06-18 09:46:03.430 [http-nio-8082-exec-5] DEBUG h.c.s.mapper.ResearchProjectMapper.selectCount - <==      Total: 1
2025-06-18 09:46:03.430 [http-nio-8082-exec-5] DEBUG h.c.s.mapper.VisitRecordMapper.selectCount - ==>  Preparing: SELECT COUNT( * ) AS total FROM t_visit_record WHERE is_deleted=0
2025-06-18 09:46:03.430 [http-nio-8082-exec-5] DEBUG h.c.s.mapper.VisitRecordMapper.selectCount - ==> Parameters: 
2025-06-18 09:46:03.467 [http-nio-8082-exec-5] DEBUG h.c.s.mapper.VisitRecordMapper.selectCount - <==      Total: 1
2025-06-18 09:46:09.432 [http-nio-8082-exec-3] INFO  hit.cs.sciencefms.util.JwtUtil - JWT验证成功
2025-06-18 09:46:09.436 [http-nio-8082-exec-3] WARN  o.s.core.LocalVariableTableParameterNameDiscoverer - Using deprecated '-debug' fallback for parameter name resolution. Compile the affected code with '-parameters' instead or avoid its introspection: hit.cs.sciencefms.controller.AdminDashboardController
2025-06-18 09:46:09.472 [http-nio-8082-exec-3] DEBUG hit.cs.sciencefms.mapper.TeacherMapper.selectList - ==>  Preparing: SELECT id,username,real_name,gender,birth_date,title,department,position,research_area,email,phone,office_location,avatar_url,create_time,update_time,is_deleted FROM t_teacher WHERE is_deleted=0
2025-06-18 09:46:09.472 [http-nio-8082-exec-3] DEBUG hit.cs.sciencefms.mapper.TeacherMapper.selectList - ==> Parameters: 
2025-06-18 09:46:09.514 [http-nio-8082-exec-3] DEBUG hit.cs.sciencefms.mapper.TeacherMapper.selectList - <==      Total: 10
2025-06-18 09:46:09.515 [http-nio-8082-exec-3] DEBUG h.c.s.mapper.ResearchProjectMapper.findByTimeRange - ==>  Preparing: SELECT * FROM t_research_project WHERE EXTRACT(YEAR FROM start_date) >= ? AND EXTRACT(YEAR FROM end_date) <= ? AND is_deleted = 0 ORDER BY start_date DESC
2025-06-18 09:46:09.516 [http-nio-8082-exec-3] DEBUG h.c.s.mapper.ResearchProjectMapper.findByTimeRange - ==> Parameters: 2020(Integer), 2025(Integer)
2025-06-18 09:46:09.561 [http-nio-8082-exec-3] DEBUG h.c.s.mapper.ResearchProjectMapper.findByTimeRange - <==      Total: 25
2025-06-18 09:46:09.562 [http-nio-8082-exec-3] DEBUG h.c.s.m.IntellectualPropertyMapper.findByTimeRange - ==>  Preparing: SELECT * FROM t_intellectual_property WHERE EXTRACT(YEAR FROM auth_date) >= ? AND EXTRACT(YEAR FROM auth_date) <= ? AND is_deleted = 0 ORDER BY auth_date DESC
2025-06-18 09:46:09.562 [http-nio-8082-exec-3] DEBUG h.c.s.m.IntellectualPropertyMapper.findByTimeRange - ==> Parameters: 2020(Integer), 2025(Integer)
2025-06-18 09:46:09.601 [http-nio-8082-exec-3] DEBUG h.c.s.m.IntellectualPropertyMapper.findByTimeRange - <==      Total: 10
2025-06-18 09:46:09.601 [http-nio-8082-exec-3] DEBUG h.cs.sciencefms.mapper.AwardMapper.findByTimeRange - ==>  Preparing: SELECT * FROM t_award WHERE EXTRACT(YEAR FROM award_date) >= ? AND EXTRACT(YEAR FROM award_date) <= ? AND is_deleted = 0 ORDER BY award_date DESC
2025-06-18 09:46:09.601 [http-nio-8082-exec-3] DEBUG h.cs.sciencefms.mapper.AwardMapper.findByTimeRange - ==> Parameters: 2020(Integer), 2025(Integer)
2025-06-18 09:46:09.640 [http-nio-8082-exec-3] DEBUG h.cs.sciencefms.mapper.AwardMapper.findByTimeRange - <==      Total: 14
2025-06-18 09:46:09.641 [http-nio-8082-exec-3] DEBUG h.c.s.mapper.VisitRecordMapper.findByTimeRange - ==>  Preparing: SELECT * FROM t_visit_record WHERE EXTRACT(YEAR FROM start_date) >= ? AND EXTRACT(YEAR FROM end_date) <= ? AND is_deleted = 0 ORDER BY start_date DESC
2025-06-18 09:46:09.641 [http-nio-8082-exec-3] DEBUG h.c.s.mapper.VisitRecordMapper.findByTimeRange - ==> Parameters: 2020(Integer), 2025(Integer)
2025-06-18 09:46:09.682 [http-nio-8082-exec-3] DEBUG h.c.s.mapper.VisitRecordMapper.findByTimeRange - <==      Total: 16
2025-06-18 09:46:09.684 [http-nio-8082-exec-3] DEBUG hit.cs.sciencefms.mapper.TeacherMapper.selectById - ==>  Preparing: SELECT id,username,real_name,gender,birth_date,title,department,position,research_area,email,phone,office_location,avatar_url,create_time,update_time,is_deleted FROM t_teacher WHERE id=? AND is_deleted=0
2025-06-18 09:46:09.684 [http-nio-8082-exec-3] DEBUG hit.cs.sciencefms.mapper.TeacherMapper.selectById - ==> Parameters: 1(Long)
2025-06-18 09:46:09.719 [http-nio-8082-exec-3] DEBUG hit.cs.sciencefms.mapper.TeacherMapper.selectById - <==      Total: 1
2025-06-18 09:46:09.720 [http-nio-8082-exec-3] DEBUG hit.cs.sciencefms.mapper.TeacherMapper.selectById - ==>  Preparing: SELECT id,username,real_name,gender,birth_date,title,department,position,research_area,email,phone,office_location,avatar_url,create_time,update_time,is_deleted FROM t_teacher WHERE id=? AND is_deleted=0
2025-06-18 09:46:09.720 [http-nio-8082-exec-3] DEBUG hit.cs.sciencefms.mapper.TeacherMapper.selectById - ==> Parameters: 1(Long)
2025-06-18 09:46:09.756 [http-nio-8082-exec-3] DEBUG hit.cs.sciencefms.mapper.TeacherMapper.selectById - <==      Total: 1
2025-06-18 09:46:09.757 [http-nio-8082-exec-3] DEBUG hit.cs.sciencefms.mapper.TeacherMapper.selectById - ==>  Preparing: SELECT id,username,real_name,gender,birth_date,title,department,position,research_area,email,phone,office_location,avatar_url,create_time,update_time,is_deleted FROM t_teacher WHERE id=? AND is_deleted=0
2025-06-18 09:46:09.758 [http-nio-8082-exec-3] DEBUG hit.cs.sciencefms.mapper.TeacherMapper.selectById - ==> Parameters: 1(Long)
2025-06-18 09:46:09.820 [http-nio-8082-exec-3] DEBUG hit.cs.sciencefms.mapper.TeacherMapper.selectById - <==      Total: 1
2025-06-18 09:46:09.821 [http-nio-8082-exec-3] DEBUG hit.cs.sciencefms.mapper.TeacherMapper.selectById - ==>  Preparing: SELECT id,username,real_name,gender,birth_date,title,department,position,research_area,email,phone,office_location,avatar_url,create_time,update_time,is_deleted FROM t_teacher WHERE id=? AND is_deleted=0
2025-06-18 09:46:09.822 [http-nio-8082-exec-3] DEBUG hit.cs.sciencefms.mapper.TeacherMapper.selectById - ==> Parameters: 1(Long)
2025-06-18 09:46:09.857 [http-nio-8082-exec-3] DEBUG hit.cs.sciencefms.mapper.TeacherMapper.selectById - <==      Total: 1
2025-06-18 09:46:09.859 [http-nio-8082-exec-3] DEBUG hit.cs.sciencefms.mapper.TeacherMapper.selectById - ==>  Preparing: SELECT id,username,real_name,gender,birth_date,title,department,position,research_area,email,phone,office_location,avatar_url,create_time,update_time,is_deleted FROM t_teacher WHERE id=? AND is_deleted=0
2025-06-18 09:46:09.859 [http-nio-8082-exec-3] DEBUG hit.cs.sciencefms.mapper.TeacherMapper.selectById - ==> Parameters: 3(Long)
2025-06-18 09:46:09.904 [http-nio-8082-exec-3] DEBUG hit.cs.sciencefms.mapper.TeacherMapper.selectById - <==      Total: 1
2025-06-18 09:46:09.905 [http-nio-8082-exec-3] DEBUG hit.cs.sciencefms.mapper.TeacherMapper.selectById - ==>  Preparing: SELECT id,username,real_name,gender,birth_date,title,department,position,research_area,email,phone,office_location,avatar_url,create_time,update_time,is_deleted FROM t_teacher WHERE id=? AND is_deleted=0
2025-06-18 09:46:09.905 [http-nio-8082-exec-3] DEBUG hit.cs.sciencefms.mapper.TeacherMapper.selectById - ==> Parameters: 3(Long)
2025-06-18 09:46:09.939 [http-nio-8082-exec-3] DEBUG hit.cs.sciencefms.mapper.TeacherMapper.selectById - <==      Total: 1
2025-06-18 09:46:09.941 [http-nio-8082-exec-3] DEBUG hit.cs.sciencefms.mapper.TeacherMapper.selectById - ==>  Preparing: SELECT id,username,real_name,gender,birth_date,title,department,position,research_area,email,phone,office_location,avatar_url,create_time,update_time,is_deleted FROM t_teacher WHERE id=? AND is_deleted=0
2025-06-18 09:46:09.941 [http-nio-8082-exec-3] DEBUG hit.cs.sciencefms.mapper.TeacherMapper.selectById - ==> Parameters: 42(Long)
2025-06-18 09:46:09.976 [http-nio-8082-exec-3] DEBUG hit.cs.sciencefms.mapper.TeacherMapper.selectById - <==      Total: 1
2025-06-18 09:46:09.977 [http-nio-8082-exec-3] DEBUG hit.cs.sciencefms.mapper.TeacherMapper.selectById - ==>  Preparing: SELECT id,username,real_name,gender,birth_date,title,department,position,research_area,email,phone,office_location,avatar_url,create_time,update_time,is_deleted FROM t_teacher WHERE id=? AND is_deleted=0
2025-06-18 09:46:09.978 [http-nio-8082-exec-3] DEBUG hit.cs.sciencefms.mapper.TeacherMapper.selectById - ==> Parameters: 41(Long)
2025-06-18 09:46:10.015 [http-nio-8082-exec-3] DEBUG hit.cs.sciencefms.mapper.TeacherMapper.selectById - <==      Total: 1
2025-06-18 09:46:10.016 [http-nio-8082-exec-3] DEBUG hit.cs.sciencefms.mapper.TeacherMapper.selectById - ==>  Preparing: SELECT id,username,real_name,gender,birth_date,title,department,position,research_area,email,phone,office_location,avatar_url,create_time,update_time,is_deleted FROM t_teacher WHERE id=? AND is_deleted=0
2025-06-18 09:46:10.016 [http-nio-8082-exec-3] DEBUG hit.cs.sciencefms.mapper.TeacherMapper.selectById - ==> Parameters: 3(Long)
2025-06-18 09:46:10.051 [http-nio-8082-exec-3] DEBUG hit.cs.sciencefms.mapper.TeacherMapper.selectById - <==      Total: 1
2025-06-18 09:46:10.052 [http-nio-8082-exec-3] DEBUG hit.cs.sciencefms.mapper.TeacherMapper.selectById - ==>  Preparing: SELECT id,username,real_name,gender,birth_date,title,department,position,research_area,email,phone,office_location,avatar_url,create_time,update_time,is_deleted FROM t_teacher WHERE id=? AND is_deleted=0
2025-06-18 09:46:10.052 [http-nio-8082-exec-3] DEBUG hit.cs.sciencefms.mapper.TeacherMapper.selectById - ==> Parameters: 2(Long)
2025-06-18 09:46:10.095 [http-nio-8082-exec-3] DEBUG hit.cs.sciencefms.mapper.TeacherMapper.selectById - <==      Total: 1
2025-06-18 09:46:10.096 [http-nio-8082-exec-3] DEBUG hit.cs.sciencefms.mapper.TeacherMapper.selectById - ==>  Preparing: SELECT id,username,real_name,gender,birth_date,title,department,position,research_area,email,phone,office_location,avatar_url,create_time,update_time,is_deleted FROM t_teacher WHERE id=? AND is_deleted=0
2025-06-18 09:46:10.097 [http-nio-8082-exec-3] DEBUG hit.cs.sciencefms.mapper.TeacherMapper.selectById - ==> Parameters: 3(Long)
2025-06-18 09:46:10.136 [http-nio-8082-exec-3] DEBUG hit.cs.sciencefms.mapper.TeacherMapper.selectById - <==      Total: 1
2025-06-18 09:46:10.137 [http-nio-8082-exec-3] DEBUG hit.cs.sciencefms.mapper.TeacherMapper.selectById - ==>  Preparing: SELECT id,username,real_name,gender,birth_date,title,department,position,research_area,email,phone,office_location,avatar_url,create_time,update_time,is_deleted FROM t_teacher WHERE id=? AND is_deleted=0
2025-06-18 09:46:10.137 [http-nio-8082-exec-3] DEBUG hit.cs.sciencefms.mapper.TeacherMapper.selectById - ==> Parameters: 2(Long)
2025-06-18 09:46:10.186 [http-nio-8082-exec-3] DEBUG hit.cs.sciencefms.mapper.TeacherMapper.selectById - <==      Total: 1
2025-06-18 09:46:10.186 [http-nio-8082-exec-3] DEBUG hit.cs.sciencefms.mapper.TeacherMapper.selectById - ==>  Preparing: SELECT id,username,real_name,gender,birth_date,title,department,position,research_area,email,phone,office_location,avatar_url,create_time,update_time,is_deleted FROM t_teacher WHERE id=? AND is_deleted=0
2025-06-18 09:46:10.186 [http-nio-8082-exec-3] DEBUG hit.cs.sciencefms.mapper.TeacherMapper.selectById - ==> Parameters: 3(Long)
2025-06-18 09:46:10.225 [http-nio-8082-exec-3] DEBUG hit.cs.sciencefms.mapper.TeacherMapper.selectById - <==      Total: 1
2025-06-18 09:46:10.226 [http-nio-8082-exec-3] DEBUG hit.cs.sciencefms.mapper.TeacherMapper.selectById - ==>  Preparing: SELECT id,username,real_name,gender,birth_date,title,department,position,research_area,email,phone,office_location,avatar_url,create_time,update_time,is_deleted FROM t_teacher WHERE id=? AND is_deleted=0
2025-06-18 09:46:10.226 [http-nio-8082-exec-3] DEBUG hit.cs.sciencefms.mapper.TeacherMapper.selectById - ==> Parameters: 46(Long)
2025-06-18 09:46:10.263 [http-nio-8082-exec-3] DEBUG hit.cs.sciencefms.mapper.TeacherMapper.selectById - <==      Total: 1
2025-06-18 09:46:10.263 [http-nio-8082-exec-3] DEBUG hit.cs.sciencefms.mapper.TeacherMapper.selectById - ==>  Preparing: SELECT id,username,real_name,gender,birth_date,title,department,position,research_area,email,phone,office_location,avatar_url,create_time,update_time,is_deleted FROM t_teacher WHERE id=? AND is_deleted=0
2025-06-18 09:46:10.263 [http-nio-8082-exec-3] DEBUG hit.cs.sciencefms.mapper.TeacherMapper.selectById - ==> Parameters: 45(Long)
2025-06-18 09:46:10.301 [http-nio-8082-exec-3] DEBUG hit.cs.sciencefms.mapper.TeacherMapper.selectById - <==      Total: 1
2025-06-18 09:46:10.302 [http-nio-8082-exec-3] DEBUG hit.cs.sciencefms.mapper.TeacherMapper.selectById - ==>  Preparing: SELECT id,username,real_name,gender,birth_date,title,department,position,research_area,email,phone,office_location,avatar_url,create_time,update_time,is_deleted FROM t_teacher WHERE id=? AND is_deleted=0
2025-06-18 09:46:10.304 [http-nio-8082-exec-3] DEBUG hit.cs.sciencefms.mapper.TeacherMapper.selectById - ==> Parameters: 44(Long)
2025-06-18 09:46:10.347 [http-nio-8082-exec-3] DEBUG hit.cs.sciencefms.mapper.TeacherMapper.selectById - <==      Total: 1
2025-06-18 09:46:10.347 [http-nio-8082-exec-3] DEBUG hit.cs.sciencefms.mapper.TeacherMapper.selectById - ==>  Preparing: SELECT id,username,real_name,gender,birth_date,title,department,position,research_area,email,phone,office_location,avatar_url,create_time,update_time,is_deleted FROM t_teacher WHERE id=? AND is_deleted=0
2025-06-18 09:46:10.348 [http-nio-8082-exec-3] DEBUG hit.cs.sciencefms.mapper.TeacherMapper.selectById - ==> Parameters: 43(Long)
2025-06-18 09:46:10.382 [http-nio-8082-exec-3] DEBUG hit.cs.sciencefms.mapper.TeacherMapper.selectById - <==      Total: 1
2025-06-18 09:46:10.383 [http-nio-8082-exec-3] DEBUG hit.cs.sciencefms.mapper.TeacherMapper.selectById - ==>  Preparing: SELECT id,username,real_name,gender,birth_date,title,department,position,research_area,email,phone,office_location,avatar_url,create_time,update_time,is_deleted FROM t_teacher WHERE id=? AND is_deleted=0
2025-06-18 09:46:10.383 [http-nio-8082-exec-3] DEBUG hit.cs.sciencefms.mapper.TeacherMapper.selectById - ==> Parameters: 42(Long)
2025-06-18 09:46:10.425 [http-nio-8082-exec-3] DEBUG hit.cs.sciencefms.mapper.TeacherMapper.selectById - <==      Total: 1
2025-06-18 09:46:10.426 [http-nio-8082-exec-3] DEBUG hit.cs.sciencefms.mapper.TeacherMapper.selectById - ==>  Preparing: SELECT id,username,real_name,gender,birth_date,title,department,position,research_area,email,phone,office_location,avatar_url,create_time,update_time,is_deleted FROM t_teacher WHERE id=? AND is_deleted=0
2025-06-18 09:46:10.427 [http-nio-8082-exec-3] DEBUG hit.cs.sciencefms.mapper.TeacherMapper.selectById - ==> Parameters: 41(Long)
2025-06-18 09:46:10.462 [http-nio-8082-exec-3] DEBUG hit.cs.sciencefms.mapper.TeacherMapper.selectById - <==      Total: 1
2025-06-18 09:46:10.463 [http-nio-8082-exec-3] DEBUG hit.cs.sciencefms.mapper.TeacherMapper.selectById - ==>  Preparing: SELECT id,username,real_name,gender,birth_date,title,department,position,research_area,email,phone,office_location,avatar_url,create_time,update_time,is_deleted FROM t_teacher WHERE id=? AND is_deleted=0
2025-06-18 09:46:10.463 [http-nio-8082-exec-3] DEBUG hit.cs.sciencefms.mapper.TeacherMapper.selectById - ==> Parameters: 3(Long)
2025-06-18 09:46:10.502 [http-nio-8082-exec-3] DEBUG hit.cs.sciencefms.mapper.TeacherMapper.selectById - <==      Total: 1
2025-06-18 09:46:10.503 [http-nio-8082-exec-3] DEBUG hit.cs.sciencefms.mapper.TeacherMapper.selectById - ==>  Preparing: SELECT id,username,real_name,gender,birth_date,title,department,position,research_area,email,phone,office_location,avatar_url,create_time,update_time,is_deleted FROM t_teacher WHERE id=? AND is_deleted=0
2025-06-18 09:46:10.503 [http-nio-8082-exec-3] DEBUG hit.cs.sciencefms.mapper.TeacherMapper.selectById - ==> Parameters: 2(Long)
2025-06-18 09:46:10.540 [http-nio-8082-exec-3] DEBUG hit.cs.sciencefms.mapper.TeacherMapper.selectById - <==      Total: 1
2025-06-18 09:46:10.540 [http-nio-8082-exec-3] DEBUG hit.cs.sciencefms.mapper.TeacherMapper.selectById - ==>  Preparing: SELECT id,username,real_name,gender,birth_date,title,department,position,research_area,email,phone,office_location,avatar_url,create_time,update_time,is_deleted FROM t_teacher WHERE id=? AND is_deleted=0
2025-06-18 09:46:10.540 [http-nio-8082-exec-3] DEBUG hit.cs.sciencefms.mapper.TeacherMapper.selectById - ==> Parameters: 1(Long)
2025-06-18 09:46:10.578 [http-nio-8082-exec-3] DEBUG hit.cs.sciencefms.mapper.TeacherMapper.selectById - <==      Total: 1
2025-06-18 09:46:10.579 [http-nio-8082-exec-3] DEBUG hit.cs.sciencefms.mapper.TeacherMapper.selectById - ==>  Preparing: SELECT id,username,real_name,gender,birth_date,title,department,position,research_area,email,phone,office_location,avatar_url,create_time,update_time,is_deleted FROM t_teacher WHERE id=? AND is_deleted=0
2025-06-18 09:46:10.579 [http-nio-8082-exec-3] DEBUG hit.cs.sciencefms.mapper.TeacherMapper.selectById - ==> Parameters: 3(Long)
2025-06-18 09:46:10.615 [http-nio-8082-exec-3] DEBUG hit.cs.sciencefms.mapper.TeacherMapper.selectById - <==      Total: 1
2025-06-18 09:46:10.615 [http-nio-8082-exec-3] DEBUG hit.cs.sciencefms.mapper.TeacherMapper.selectById - ==>  Preparing: SELECT id,username,real_name,gender,birth_date,title,department,position,research_area,email,phone,office_location,avatar_url,create_time,update_time,is_deleted FROM t_teacher WHERE id=? AND is_deleted=0
2025-06-18 09:46:10.615 [http-nio-8082-exec-3] DEBUG hit.cs.sciencefms.mapper.TeacherMapper.selectById - ==> Parameters: 46(Long)
2025-06-18 09:46:10.675 [http-nio-8082-exec-3] DEBUG hit.cs.sciencefms.mapper.TeacherMapper.selectById - <==      Total: 1
2025-06-18 09:46:10.676 [http-nio-8082-exec-3] DEBUG hit.cs.sciencefms.mapper.TeacherMapper.selectById - ==>  Preparing: SELECT id,username,real_name,gender,birth_date,title,department,position,research_area,email,phone,office_location,avatar_url,create_time,update_time,is_deleted FROM t_teacher WHERE id=? AND is_deleted=0
2025-06-18 09:46:10.676 [http-nio-8082-exec-3] DEBUG hit.cs.sciencefms.mapper.TeacherMapper.selectById - ==> Parameters: 2(Long)
2025-06-18 09:46:10.715 [http-nio-8082-exec-3] DEBUG hit.cs.sciencefms.mapper.TeacherMapper.selectById - <==      Total: 1
2025-06-18 09:46:10.716 [http-nio-8082-exec-3] DEBUG hit.cs.sciencefms.mapper.TeacherMapper.selectById - ==>  Preparing: SELECT id,username,real_name,gender,birth_date,title,department,position,research_area,email,phone,office_location,avatar_url,create_time,update_time,is_deleted FROM t_teacher WHERE id=? AND is_deleted=0
2025-06-18 09:46:10.716 [http-nio-8082-exec-3] DEBUG hit.cs.sciencefms.mapper.TeacherMapper.selectById - ==> Parameters: 2(Long)
2025-06-18 09:46:10.758 [http-nio-8082-exec-3] DEBUG hit.cs.sciencefms.mapper.TeacherMapper.selectById - <==      Total: 1
2025-06-18 09:46:10.759 [http-nio-8082-exec-3] DEBUG hit.cs.sciencefms.mapper.TeacherMapper.selectById - ==>  Preparing: SELECT id,username,real_name,gender,birth_date,title,department,position,research_area,email,phone,office_location,avatar_url,create_time,update_time,is_deleted FROM t_teacher WHERE id=? AND is_deleted=0
2025-06-18 09:46:10.759 [http-nio-8082-exec-3] DEBUG hit.cs.sciencefms.mapper.TeacherMapper.selectById - ==> Parameters: 2(Long)
2025-06-18 09:46:10.798 [http-nio-8082-exec-3] DEBUG hit.cs.sciencefms.mapper.TeacherMapper.selectById - <==      Total: 1
2025-06-18 09:46:10.798 [http-nio-8082-exec-3] DEBUG hit.cs.sciencefms.mapper.TeacherMapper.selectById - ==>  Preparing: SELECT id,username,real_name,gender,birth_date,title,department,position,research_area,email,phone,office_location,avatar_url,create_time,update_time,is_deleted FROM t_teacher WHERE id=? AND is_deleted=0
2025-06-18 09:46:10.798 [http-nio-8082-exec-3] DEBUG hit.cs.sciencefms.mapper.TeacherMapper.selectById - ==> Parameters: 2(Long)
2025-06-18 09:46:10.835 [http-nio-8082-exec-3] DEBUG hit.cs.sciencefms.mapper.TeacherMapper.selectById - <==      Total: 1
2025-06-18 09:46:10.836 [http-nio-8082-exec-3] DEBUG hit.cs.sciencefms.mapper.TeacherMapper.selectById - ==>  Preparing: SELECT id,username,real_name,gender,birth_date,title,department,position,research_area,email,phone,office_location,avatar_url,create_time,update_time,is_deleted FROM t_teacher WHERE id=? AND is_deleted=0
2025-06-18 09:46:10.836 [http-nio-8082-exec-3] DEBUG hit.cs.sciencefms.mapper.TeacherMapper.selectById - ==> Parameters: 1(Long)
2025-06-18 09:46:10.874 [http-nio-8082-exec-3] DEBUG hit.cs.sciencefms.mapper.TeacherMapper.selectById - <==      Total: 1
2025-06-18 09:46:10.875 [http-nio-8082-exec-3] DEBUG hit.cs.sciencefms.mapper.TeacherMapper.selectById - ==>  Preparing: SELECT id,username,real_name,gender,birth_date,title,department,position,research_area,email,phone,office_location,avatar_url,create_time,update_time,is_deleted FROM t_teacher WHERE id=? AND is_deleted=0
2025-06-18 09:46:10.875 [http-nio-8082-exec-3] DEBUG hit.cs.sciencefms.mapper.TeacherMapper.selectById - ==> Parameters: 3(Long)
2025-06-18 09:46:10.910 [http-nio-8082-exec-3] DEBUG hit.cs.sciencefms.mapper.TeacherMapper.selectById - <==      Total: 1
2025-06-18 09:46:10.911 [http-nio-8082-exec-3] DEBUG hit.cs.sciencefms.mapper.TeacherMapper.selectById - ==>  Preparing: SELECT id,username,real_name,gender,birth_date,title,department,position,research_area,email,phone,office_location,avatar_url,create_time,update_time,is_deleted FROM t_teacher WHERE id=? AND is_deleted=0
2025-06-18 09:46:10.911 [http-nio-8082-exec-3] DEBUG hit.cs.sciencefms.mapper.TeacherMapper.selectById - ==> Parameters: 3(Long)
2025-06-18 09:46:10.949 [http-nio-8082-exec-3] DEBUG hit.cs.sciencefms.mapper.TeacherMapper.selectById - <==      Total: 1
2025-06-18 09:46:10.949 [http-nio-8082-exec-3] DEBUG hit.cs.sciencefms.mapper.TeacherMapper.selectById - ==>  Preparing: SELECT id,username,real_name,gender,birth_date,title,department,position,research_area,email,phone,office_location,avatar_url,create_time,update_time,is_deleted FROM t_teacher WHERE id=? AND is_deleted=0
2025-06-18 09:46:10.949 [http-nio-8082-exec-3] DEBUG hit.cs.sciencefms.mapper.TeacherMapper.selectById - ==> Parameters: 2(Long)
2025-06-18 09:46:10.986 [http-nio-8082-exec-3] DEBUG hit.cs.sciencefms.mapper.TeacherMapper.selectById - <==      Total: 1
2025-06-18 09:46:10.987 [http-nio-8082-exec-3] DEBUG hit.cs.sciencefms.mapper.TeacherMapper.selectById - ==>  Preparing: SELECT id,username,real_name,gender,birth_date,title,department,position,research_area,email,phone,office_location,avatar_url,create_time,update_time,is_deleted FROM t_teacher WHERE id=? AND is_deleted=0
2025-06-18 09:46:10.987 [http-nio-8082-exec-3] DEBUG hit.cs.sciencefms.mapper.TeacherMapper.selectById - ==> Parameters: 1(Long)
2025-06-18 09:46:11.029 [http-nio-8082-exec-3] DEBUG hit.cs.sciencefms.mapper.TeacherMapper.selectById - <==      Total: 1
2025-06-18 09:46:11.029 [http-nio-8082-exec-3] DEBUG hit.cs.sciencefms.mapper.TeacherMapper.selectById - ==>  Preparing: SELECT id,username,real_name,gender,birth_date,title,department,position,research_area,email,phone,office_location,avatar_url,create_time,update_time,is_deleted FROM t_teacher WHERE id=? AND is_deleted=0
2025-06-18 09:46:11.029 [http-nio-8082-exec-3] DEBUG hit.cs.sciencefms.mapper.TeacherMapper.selectById - ==> Parameters: 2(Long)
2025-06-18 09:46:11.067 [http-nio-8082-exec-3] DEBUG hit.cs.sciencefms.mapper.TeacherMapper.selectById - <==      Total: 1
2025-06-18 09:46:11.067 [http-nio-8082-exec-3] DEBUG hit.cs.sciencefms.mapper.TeacherMapper.selectById - ==>  Preparing: SELECT id,username,real_name,gender,birth_date,title,department,position,research_area,email,phone,office_location,avatar_url,create_time,update_time,is_deleted FROM t_teacher WHERE id=? AND is_deleted=0
2025-06-18 09:46:11.067 [http-nio-8082-exec-3] DEBUG hit.cs.sciencefms.mapper.TeacherMapper.selectById - ==> Parameters: 1(Long)
2025-06-18 09:46:11.097 [http-nio-8082-exec-3] DEBUG hit.cs.sciencefms.mapper.TeacherMapper.selectById - <==      Total: 1
2025-06-18 09:46:11.098 [http-nio-8082-exec-3] DEBUG hit.cs.sciencefms.mapper.TeacherMapper.selectById - ==>  Preparing: SELECT id,username,real_name,gender,birth_date,title,department,position,research_area,email,phone,office_location,avatar_url,create_time,update_time,is_deleted FROM t_teacher WHERE id=? AND is_deleted=0
2025-06-18 09:46:11.099 [http-nio-8082-exec-3] DEBUG hit.cs.sciencefms.mapper.TeacherMapper.selectById - ==> Parameters: 3(Long)
2025-06-18 09:46:11.135 [http-nio-8082-exec-3] DEBUG hit.cs.sciencefms.mapper.TeacherMapper.selectById - <==      Total: 1
2025-06-18 09:46:11.136 [http-nio-8082-exec-3] DEBUG hit.cs.sciencefms.mapper.TeacherMapper.selectById - ==>  Preparing: SELECT id,username,real_name,gender,birth_date,title,department,position,research_area,email,phone,office_location,avatar_url,create_time,update_time,is_deleted FROM t_teacher WHERE id=? AND is_deleted=0
2025-06-18 09:46:11.136 [http-nio-8082-exec-3] DEBUG hit.cs.sciencefms.mapper.TeacherMapper.selectById - ==> Parameters: 46(Long)
2025-06-18 09:46:11.172 [http-nio-8082-exec-3] DEBUG hit.cs.sciencefms.mapper.TeacherMapper.selectById - <==      Total: 1
2025-06-18 09:46:11.172 [http-nio-8082-exec-3] DEBUG hit.cs.sciencefms.mapper.TeacherMapper.selectById - ==>  Preparing: SELECT id,username,real_name,gender,birth_date,title,department,position,research_area,email,phone,office_location,avatar_url,create_time,update_time,is_deleted FROM t_teacher WHERE id=? AND is_deleted=0
2025-06-18 09:46:11.172 [http-nio-8082-exec-3] DEBUG hit.cs.sciencefms.mapper.TeacherMapper.selectById - ==> Parameters: 45(Long)
2025-06-18 09:46:11.207 [http-nio-8082-exec-3] DEBUG hit.cs.sciencefms.mapper.TeacherMapper.selectById - <==      Total: 1
2025-06-18 09:46:11.207 [http-nio-8082-exec-3] DEBUG hit.cs.sciencefms.mapper.TeacherMapper.selectById - ==>  Preparing: SELECT id,username,real_name,gender,birth_date,title,department,position,research_area,email,phone,office_location,avatar_url,create_time,update_time,is_deleted FROM t_teacher WHERE id=? AND is_deleted=0
2025-06-18 09:46:11.207 [http-nio-8082-exec-3] DEBUG hit.cs.sciencefms.mapper.TeacherMapper.selectById - ==> Parameters: 3(Long)
2025-06-18 09:46:11.250 [http-nio-8082-exec-3] DEBUG hit.cs.sciencefms.mapper.TeacherMapper.selectById - <==      Total: 1
2025-06-18 09:46:11.251 [http-nio-8082-exec-3] DEBUG hit.cs.sciencefms.mapper.TeacherMapper.selectById - ==>  Preparing: SELECT id,username,real_name,gender,birth_date,title,department,position,research_area,email,phone,office_location,avatar_url,create_time,update_time,is_deleted FROM t_teacher WHERE id=? AND is_deleted=0
2025-06-18 09:46:11.251 [http-nio-8082-exec-3] DEBUG hit.cs.sciencefms.mapper.TeacherMapper.selectById - ==> Parameters: 1(Long)
2025-06-18 09:46:11.285 [http-nio-8082-exec-3] DEBUG hit.cs.sciencefms.mapper.TeacherMapper.selectById - <==      Total: 1
2025-06-18 09:46:11.285 [http-nio-8082-exec-3] DEBUG hit.cs.sciencefms.mapper.TeacherMapper.selectById - ==>  Preparing: SELECT id,username,real_name,gender,birth_date,title,department,position,research_area,email,phone,office_location,avatar_url,create_time,update_time,is_deleted FROM t_teacher WHERE id=? AND is_deleted=0
2025-06-18 09:46:11.285 [http-nio-8082-exec-3] DEBUG hit.cs.sciencefms.mapper.TeacherMapper.selectById - ==> Parameters: 1(Long)
2025-06-18 09:46:11.319 [http-nio-8082-exec-3] DEBUG hit.cs.sciencefms.mapper.TeacherMapper.selectById - <==      Total: 1
2025-06-18 09:46:11.319 [http-nio-8082-exec-3] DEBUG hit.cs.sciencefms.mapper.TeacherMapper.selectById - ==>  Preparing: SELECT id,username,real_name,gender,birth_date,title,department,position,research_area,email,phone,office_location,avatar_url,create_time,update_time,is_deleted FROM t_teacher WHERE id=? AND is_deleted=0
2025-06-18 09:46:11.319 [http-nio-8082-exec-3] DEBUG hit.cs.sciencefms.mapper.TeacherMapper.selectById - ==> Parameters: 44(Long)
2025-06-18 09:46:11.364 [http-nio-8082-exec-3] DEBUG hit.cs.sciencefms.mapper.TeacherMapper.selectById - <==      Total: 1
2025-06-18 09:46:11.365 [http-nio-8082-exec-3] DEBUG hit.cs.sciencefms.mapper.TeacherMapper.selectById - ==>  Preparing: SELECT id,username,real_name,gender,birth_date,title,department,position,research_area,email,phone,office_location,avatar_url,create_time,update_time,is_deleted FROM t_teacher WHERE id=? AND is_deleted=0
2025-06-18 09:46:11.365 [http-nio-8082-exec-3] DEBUG hit.cs.sciencefms.mapper.TeacherMapper.selectById - ==> Parameters: 3(Long)
2025-06-18 09:46:11.403 [http-nio-8082-exec-3] DEBUG hit.cs.sciencefms.mapper.TeacherMapper.selectById - <==      Total: 1
2025-06-18 09:46:11.404 [http-nio-8082-exec-3] DEBUG hit.cs.sciencefms.mapper.TeacherMapper.selectById - ==>  Preparing: SELECT id,username,real_name,gender,birth_date,title,department,position,research_area,email,phone,office_location,avatar_url,create_time,update_time,is_deleted FROM t_teacher WHERE id=? AND is_deleted=0
2025-06-18 09:46:11.405 [http-nio-8082-exec-3] DEBUG hit.cs.sciencefms.mapper.TeacherMapper.selectById - ==> Parameters: 2(Long)
2025-06-18 09:46:11.444 [http-nio-8082-exec-3] DEBUG hit.cs.sciencefms.mapper.TeacherMapper.selectById - <==      Total: 1
2025-06-18 09:46:11.445 [http-nio-8082-exec-3] DEBUG hit.cs.sciencefms.mapper.TeacherMapper.selectById - ==>  Preparing: SELECT id,username,real_name,gender,birth_date,title,department,position,research_area,email,phone,office_location,avatar_url,create_time,update_time,is_deleted FROM t_teacher WHERE id=? AND is_deleted=0
2025-06-18 09:46:11.445 [http-nio-8082-exec-3] DEBUG hit.cs.sciencefms.mapper.TeacherMapper.selectById - ==> Parameters: 43(Long)
2025-06-18 09:46:11.482 [http-nio-8082-exec-3] DEBUG hit.cs.sciencefms.mapper.TeacherMapper.selectById - <==      Total: 1
2025-06-18 09:46:11.482 [http-nio-8082-exec-3] DEBUG hit.cs.sciencefms.mapper.TeacherMapper.selectById - ==>  Preparing: SELECT id,username,real_name,gender,birth_date,title,department,position,research_area,email,phone,office_location,avatar_url,create_time,update_time,is_deleted FROM t_teacher WHERE id=? AND is_deleted=0
2025-06-18 09:46:11.482 [http-nio-8082-exec-3] DEBUG hit.cs.sciencefms.mapper.TeacherMapper.selectById - ==> Parameters: 42(Long)
2025-06-18 09:46:11.520 [http-nio-8082-exec-3] DEBUG hit.cs.sciencefms.mapper.TeacherMapper.selectById - <==      Total: 1
2025-06-18 09:46:11.521 [http-nio-8082-exec-3] DEBUG hit.cs.sciencefms.mapper.TeacherMapper.selectById - ==>  Preparing: SELECT id,username,real_name,gender,birth_date,title,department,position,research_area,email,phone,office_location,avatar_url,create_time,update_time,is_deleted FROM t_teacher WHERE id=? AND is_deleted=0
2025-06-18 09:46:11.521 [http-nio-8082-exec-3] DEBUG hit.cs.sciencefms.mapper.TeacherMapper.selectById - ==> Parameters: 41(Long)
2025-06-18 09:46:11.559 [http-nio-8082-exec-3] DEBUG hit.cs.sciencefms.mapper.TeacherMapper.selectById - <==      Total: 1
2025-06-18 09:46:11.561 [http-nio-8082-exec-3] DEBUG hit.cs.sciencefms.mapper.TeacherMapper.selectById - ==>  Preparing: SELECT id,username,real_name,gender,birth_date,title,department,position,research_area,email,phone,office_location,avatar_url,create_time,update_time,is_deleted FROM t_teacher WHERE id=? AND is_deleted=0
2025-06-18 09:46:11.561 [http-nio-8082-exec-3] DEBUG hit.cs.sciencefms.mapper.TeacherMapper.selectById - ==> Parameters: 2(Long)
2025-06-18 09:46:11.599 [http-nio-8082-exec-3] DEBUG hit.cs.sciencefms.mapper.TeacherMapper.selectById - <==      Total: 1
2025-06-18 09:46:11.600 [http-nio-8082-exec-3] DEBUG hit.cs.sciencefms.mapper.TeacherMapper.selectById - ==>  Preparing: SELECT id,username,real_name,gender,birth_date,title,department,position,research_area,email,phone,office_location,avatar_url,create_time,update_time,is_deleted FROM t_teacher WHERE id=? AND is_deleted=0
2025-06-18 09:46:11.600 [http-nio-8082-exec-3] DEBUG hit.cs.sciencefms.mapper.TeacherMapper.selectById - ==> Parameters: 1(Long)
2025-06-18 09:46:11.641 [http-nio-8082-exec-3] DEBUG hit.cs.sciencefms.mapper.TeacherMapper.selectById - <==      Total: 1
2025-06-18 09:46:11.642 [http-nio-8082-exec-3] DEBUG hit.cs.sciencefms.mapper.TeacherMapper.selectById - ==>  Preparing: SELECT id,username,real_name,gender,birth_date,title,department,position,research_area,email,phone,office_location,avatar_url,create_time,update_time,is_deleted FROM t_teacher WHERE id=? AND is_deleted=0
2025-06-18 09:46:11.642 [http-nio-8082-exec-3] DEBUG hit.cs.sciencefms.mapper.TeacherMapper.selectById - ==> Parameters: 3(Long)
2025-06-18 09:46:11.680 [http-nio-8082-exec-3] DEBUG hit.cs.sciencefms.mapper.TeacherMapper.selectById - <==      Total: 1
2025-06-18 09:46:11.681 [http-nio-8082-exec-3] DEBUG hit.cs.sciencefms.mapper.TeacherMapper.selectById - ==>  Preparing: SELECT id,username,real_name,gender,birth_date,title,department,position,research_area,email,phone,office_location,avatar_url,create_time,update_time,is_deleted FROM t_teacher WHERE id=? AND is_deleted=0
2025-06-18 09:46:11.681 [http-nio-8082-exec-3] DEBUG hit.cs.sciencefms.mapper.TeacherMapper.selectById - ==> Parameters: 42(Long)
2025-06-18 09:46:11.720 [http-nio-8082-exec-3] DEBUG hit.cs.sciencefms.mapper.TeacherMapper.selectById - <==      Total: 1
2025-06-18 09:46:11.721 [http-nio-8082-exec-3] DEBUG hit.cs.sciencefms.mapper.TeacherMapper.selectById - ==>  Preparing: SELECT id,username,real_name,gender,birth_date,title,department,position,research_area,email,phone,office_location,avatar_url,create_time,update_time,is_deleted FROM t_teacher WHERE id=? AND is_deleted=0
2025-06-18 09:46:11.721 [http-nio-8082-exec-3] DEBUG hit.cs.sciencefms.mapper.TeacherMapper.selectById - ==> Parameters: 43(Long)
2025-06-18 09:46:11.759 [http-nio-8082-exec-3] DEBUG hit.cs.sciencefms.mapper.TeacherMapper.selectById - <==      Total: 1
2025-06-18 09:46:11.760 [http-nio-8082-exec-3] DEBUG hit.cs.sciencefms.mapper.TeacherMapper.selectById - ==>  Preparing: SELECT id,username,real_name,gender,birth_date,title,department,position,research_area,email,phone,office_location,avatar_url,create_time,update_time,is_deleted FROM t_teacher WHERE id=? AND is_deleted=0
2025-06-18 09:46:11.760 [http-nio-8082-exec-3] DEBUG hit.cs.sciencefms.mapper.TeacherMapper.selectById - ==> Parameters: 42(Long)
2025-06-18 09:46:11.798 [http-nio-8082-exec-3] DEBUG hit.cs.sciencefms.mapper.TeacherMapper.selectById - <==      Total: 1
2025-06-18 09:46:11.799 [http-nio-8082-exec-3] DEBUG hit.cs.sciencefms.mapper.TeacherMapper.selectById - ==>  Preparing: SELECT id,username,real_name,gender,birth_date,title,department,position,research_area,email,phone,office_location,avatar_url,create_time,update_time,is_deleted FROM t_teacher WHERE id=? AND is_deleted=0
2025-06-18 09:46:11.799 [http-nio-8082-exec-3] DEBUG hit.cs.sciencefms.mapper.TeacherMapper.selectById - ==> Parameters: 40(Long)
2025-06-18 09:46:11.844 [http-nio-8082-exec-3] DEBUG hit.cs.sciencefms.mapper.TeacherMapper.selectById - <==      Total: 1
2025-06-18 09:46:11.845 [http-nio-8082-exec-3] DEBUG hit.cs.sciencefms.mapper.TeacherMapper.selectById - ==>  Preparing: SELECT id,username,real_name,gender,birth_date,title,department,position,research_area,email,phone,office_location,avatar_url,create_time,update_time,is_deleted FROM t_teacher WHERE id=? AND is_deleted=0
2025-06-18 09:46:11.845 [http-nio-8082-exec-3] DEBUG hit.cs.sciencefms.mapper.TeacherMapper.selectById - ==> Parameters: 41(Long)
2025-06-18 09:46:11.887 [http-nio-8082-exec-3] DEBUG hit.cs.sciencefms.mapper.TeacherMapper.selectById - <==      Total: 1
2025-06-18 09:46:11.888 [http-nio-8082-exec-3] DEBUG hit.cs.sciencefms.mapper.TeacherMapper.selectById - ==>  Preparing: SELECT id,username,real_name,gender,birth_date,title,department,position,research_area,email,phone,office_location,avatar_url,create_time,update_time,is_deleted FROM t_teacher WHERE id=? AND is_deleted=0
2025-06-18 09:46:11.888 [http-nio-8082-exec-3] DEBUG hit.cs.sciencefms.mapper.TeacherMapper.selectById - ==> Parameters: 41(Long)
2025-06-18 09:46:11.931 [http-nio-8082-exec-3] DEBUG hit.cs.sciencefms.mapper.TeacherMapper.selectById - <==      Total: 1
2025-06-18 09:46:11.932 [http-nio-8082-exec-3] DEBUG hit.cs.sciencefms.mapper.TeacherMapper.selectById - ==>  Preparing: SELECT id,username,real_name,gender,birth_date,title,department,position,research_area,email,phone,office_location,avatar_url,create_time,update_time,is_deleted FROM t_teacher WHERE id=? AND is_deleted=0
2025-06-18 09:46:11.933 [http-nio-8082-exec-3] DEBUG hit.cs.sciencefms.mapper.TeacherMapper.selectById - ==> Parameters: 1(Long)
2025-06-18 09:46:11.970 [http-nio-8082-exec-3] DEBUG hit.cs.sciencefms.mapper.TeacherMapper.selectById - <==      Total: 1
2025-06-18 09:46:11.971 [http-nio-8082-exec-3] DEBUG hit.cs.sciencefms.mapper.TeacherMapper.selectById - ==>  Preparing: SELECT id,username,real_name,gender,birth_date,title,department,position,research_area,email,phone,office_location,avatar_url,create_time,update_time,is_deleted FROM t_teacher WHERE id=? AND is_deleted=0
2025-06-18 09:46:11.971 [http-nio-8082-exec-3] DEBUG hit.cs.sciencefms.mapper.TeacherMapper.selectById - ==> Parameters: 2(Long)
2025-06-18 09:46:12.014 [http-nio-8082-exec-3] DEBUG hit.cs.sciencefms.mapper.TeacherMapper.selectById - <==      Total: 1
2025-06-18 09:46:12.014 [http-nio-8082-exec-3] DEBUG hit.cs.sciencefms.mapper.TeacherMapper.selectById - ==>  Preparing: SELECT id,username,real_name,gender,birth_date,title,department,position,research_area,email,phone,office_location,avatar_url,create_time,update_time,is_deleted FROM t_teacher WHERE id=? AND is_deleted=0
2025-06-18 09:46:12.014 [http-nio-8082-exec-3] DEBUG hit.cs.sciencefms.mapper.TeacherMapper.selectById - ==> Parameters: 3(Long)
2025-06-18 09:46:12.055 [http-nio-8082-exec-3] DEBUG hit.cs.sciencefms.mapper.TeacherMapper.selectById - <==      Total: 1
2025-06-18 09:46:12.055 [http-nio-8082-exec-3] DEBUG hit.cs.sciencefms.mapper.TeacherMapper.selectById - ==>  Preparing: SELECT id,username,real_name,gender,birth_date,title,department,position,research_area,email,phone,office_location,avatar_url,create_time,update_time,is_deleted FROM t_teacher WHERE id=? AND is_deleted=0
2025-06-18 09:46:12.056 [http-nio-8082-exec-3] DEBUG hit.cs.sciencefms.mapper.TeacherMapper.selectById - ==> Parameters: 1(Long)
2025-06-18 09:46:12.090 [http-nio-8082-exec-3] DEBUG hit.cs.sciencefms.mapper.TeacherMapper.selectById - <==      Total: 1
2025-06-18 09:46:12.090 [http-nio-8082-exec-3] DEBUG hit.cs.sciencefms.mapper.TeacherMapper.selectById - ==>  Preparing: SELECT id,username,real_name,gender,birth_date,title,department,position,research_area,email,phone,office_location,avatar_url,create_time,update_time,is_deleted FROM t_teacher WHERE id=? AND is_deleted=0
2025-06-18 09:46:12.090 [http-nio-8082-exec-3] DEBUG hit.cs.sciencefms.mapper.TeacherMapper.selectById - ==> Parameters: 1(Long)
2025-06-18 09:46:12.132 [http-nio-8082-exec-3] DEBUG hit.cs.sciencefms.mapper.TeacherMapper.selectById - <==      Total: 1
2025-06-18 09:46:12.132 [http-nio-8082-exec-3] DEBUG hit.cs.sciencefms.mapper.TeacherMapper.selectById - ==>  Preparing: SELECT id,username,real_name,gender,birth_date,title,department,position,research_area,email,phone,office_location,avatar_url,create_time,update_time,is_deleted FROM t_teacher WHERE id=? AND is_deleted=0
2025-06-18 09:46:12.132 [http-nio-8082-exec-3] DEBUG hit.cs.sciencefms.mapper.TeacherMapper.selectById - ==> Parameters: 3(Long)
2025-06-18 09:46:12.181 [http-nio-8082-exec-3] DEBUG hit.cs.sciencefms.mapper.TeacherMapper.selectById - <==      Total: 1
2025-06-18 09:46:12.181 [http-nio-8082-exec-3] DEBUG hit.cs.sciencefms.mapper.TeacherMapper.selectById - ==>  Preparing: SELECT id,username,real_name,gender,birth_date,title,department,position,research_area,email,phone,office_location,avatar_url,create_time,update_time,is_deleted FROM t_teacher WHERE id=? AND is_deleted=0
2025-06-18 09:46:12.181 [http-nio-8082-exec-3] DEBUG hit.cs.sciencefms.mapper.TeacherMapper.selectById - ==> Parameters: 1(Long)
2025-06-18 09:46:12.215 [http-nio-8082-exec-3] DEBUG hit.cs.sciencefms.mapper.TeacherMapper.selectById - <==      Total: 1
2025-06-18 09:46:12.215 [http-nio-8082-exec-3] DEBUG hit.cs.sciencefms.mapper.TeacherMapper.selectById - ==>  Preparing: SELECT id,username,real_name,gender,birth_date,title,department,position,research_area,email,phone,office_location,avatar_url,create_time,update_time,is_deleted FROM t_teacher WHERE id=? AND is_deleted=0
2025-06-18 09:46:12.215 [http-nio-8082-exec-3] DEBUG hit.cs.sciencefms.mapper.TeacherMapper.selectById - ==> Parameters: 2(Long)
2025-06-18 09:46:12.251 [http-nio-8082-exec-3] DEBUG hit.cs.sciencefms.mapper.TeacherMapper.selectById - <==      Total: 1
2025-06-18 09:46:12.252 [http-nio-8082-exec-3] DEBUG hit.cs.sciencefms.mapper.TeacherMapper.selectById - ==>  Preparing: SELECT id,username,real_name,gender,birth_date,title,department,position,research_area,email,phone,office_location,avatar_url,create_time,update_time,is_deleted FROM t_teacher WHERE id=? AND is_deleted=0
2025-06-18 09:46:12.252 [http-nio-8082-exec-3] DEBUG hit.cs.sciencefms.mapper.TeacherMapper.selectById - ==> Parameters: 2(Long)
2025-06-18 09:46:12.292 [http-nio-8082-exec-3] DEBUG hit.cs.sciencefms.mapper.TeacherMapper.selectById - <==      Total: 1
2025-06-18 09:46:12.819 [http-nio-8082-exec-3] ERROR o.a.c.c.C.[.[localhost].[/].[dispatcherServlet] - Servlet.service() for servlet [dispatcherServlet] in context with path [] threw exception [Request processing failed: java.lang.IllegalArgumentException: text cannot be null or blank] with root cause
java.lang.IllegalArgumentException: text cannot be null or blank
	at dev.langchain4j.internal.Exceptions.illegalArgument(Exceptions.java:19)
	at dev.langchain4j.internal.ValidationUtils.ensureNotBlank(ValidationUtils.java:98)
	at dev.langchain4j.data.message.AiMessage.<init>(AiMessage.java:30)
	at dev.langchain4j.data.message.AiMessage.from(AiMessage.java:100)
	at dev.langchain4j.data.message.AiMessage.aiMessage(AiMessage.java:127)
	at dev.langchain4j.model.qianfan.InternalQianfanHelper.aiMessageFrom(InternalQianfanHelper.java:162)
	at dev.langchain4j.model.qianfan.QianfanChatModel.generate(QianfanChatModel.java:131)
	at dev.langchain4j.model.qianfan.QianfanChatModel.generate(QianfanChatModel.java:90)
	at dev.langchain4j.model.chat.ChatLanguageModel.generate(ChatLanguageModel.java:39)
	at dev.langchain4j.model.chat.ChatLanguageModel.generate(ChatLanguageModel.java:27)
	at hit.cs.sciencefms.service.impl.ResearchSummaryServiceImpl.generateTrendAnalysis(ResearchSummaryServiceImpl.java:132)
	at hit.cs.sciencefms.service.impl.ResearchSummaryServiceImpl.generateResearchAnalysis(ResearchSummaryServiceImpl.java:92)
	at hit.cs.sciencefms.controller.AdminDashboardController.getResearchAnalysis(AdminDashboardController.java:51)
	at java.base/jdk.internal.reflect.NativeMethodAccessorImpl.invoke0(Native Method)
	at java.base/jdk.internal.reflect.NativeMethodAccessorImpl.invoke(NativeMethodAccessorImpl.java:77)
	at java.base/jdk.internal.reflect.DelegatingMethodAccessorImpl.invoke(DelegatingMethodAccessorImpl.java:43)
	at java.base/java.lang.reflect.Method.invoke(Method.java:568)
	at org.springframework.web.method.support.InvocableHandlerMethod.doInvoke(InvocableHandlerMethod.java:207)
	at org.springframework.web.method.support.InvocableHandlerMethod.invokeForRequest(InvocableHandlerMethod.java:152)
	at org.springframework.web.servlet.mvc.method.annotation.ServletInvocableHandlerMethod.invokeAndHandle(ServletInvocableHandlerMethod.java:117)
	at org.springframework.web.servlet.mvc.method.annotation.RequestMappingHandlerAdapter.invokeHandlerMethod(RequestMappingHandlerAdapter.java:884)
	at org.springframework.web.servlet.mvc.method.annotation.RequestMappingHandlerAdapter.handleInternal(RequestMappingHandlerAdapter.java:797)
	at org.springframework.web.servlet.mvc.method.AbstractHandlerMethodAdapter.handle(AbstractHandlerMethodAdapter.java:87)
	at org.springframework.web.servlet.DispatcherServlet.doDispatch(DispatcherServlet.java:1080)
	at org.springframework.web.servlet.DispatcherServlet.doService(DispatcherServlet.java:973)
	at org.springframework.web.servlet.FrameworkServlet.processRequest(FrameworkServlet.java:1011)
	at org.springframework.web.servlet.FrameworkServlet.doGet(FrameworkServlet.java:903)
	at jakarta.servlet.http.HttpServlet.service(HttpServlet.java:705)
	at org.springframework.web.servlet.FrameworkServlet.service(FrameworkServlet.java:885)
	at jakarta.servlet.http.HttpServlet.service(HttpServlet.java:814)
	at org.apache.catalina.core.ApplicationFilterChain.internalDoFilter(ApplicationFilterChain.java:223)
	at org.apache.catalina.core.ApplicationFilterChain.doFilter(ApplicationFilterChain.java:158)
	at org.apache.tomcat.websocket.server.WsFilter.doFilter(WsFilter.java:53)
	at org.apache.catalina.core.ApplicationFilterChain.internalDoFilter(ApplicationFilterChain.java:185)
	at org.apache.catalina.core.ApplicationFilterChain.doFilter(ApplicationFilterChain.java:158)
	at org.springframework.web.filter.RequestContextFilter.doFilterInternal(RequestContextFilter.java:100)
	at org.springframework.web.filter.OncePerRequestFilter.doFilter(OncePerRequestFilter.java:116)
	at org.apache.catalina.core.ApplicationFilterChain.internalDoFilter(ApplicationFilterChain.java:185)
	at org.apache.catalina.core.ApplicationFilterChain.doFilter(ApplicationFilterChain.java:158)
	at org.springframework.web.filter.FormContentFilter.doFilterInternal(FormContentFilter.java:93)
	at org.springframework.web.filter.OncePerRequestFilter.doFilter(OncePerRequestFilter.java:116)
	at org.apache.catalina.core.ApplicationFilterChain.internalDoFilter(ApplicationFilterChain.java:185)
	at org.apache.catalina.core.ApplicationFilterChain.doFilter(ApplicationFilterChain.java:158)
	at hit.cs.sciencefms.config.JwtFilter.doFilterInternal(JwtFilter.java:91)
	at org.springframework.web.filter.OncePerRequestFilter.doFilter(OncePerRequestFilter.java:116)
	at org.apache.catalina.core.ApplicationFilterChain.internalDoFilter(ApplicationFilterChain.java:185)
	at org.apache.catalina.core.ApplicationFilterChain.doFilter(ApplicationFilterChain.java:158)
	at org.springframework.web.filter.CharacterEncodingFilter.doFilterInternal(CharacterEncodingFilter.java:201)
	at org.springframework.web.filter.OncePerRequestFilter.doFilter(OncePerRequestFilter.java:116)
	at org.apache.catalina.core.ApplicationFilterChain.internalDoFilter(ApplicationFilterChain.java:185)
	at org.apache.catalina.core.ApplicationFilterChain.doFilter(ApplicationFilterChain.java:158)
	at hit.cs.sciencefms.config.CorsFilter.doFilter(CorsFilter.java:44)
	at org.apache.catalina.core.ApplicationFilterChain.internalDoFilter(ApplicationFilterChain.java:185)
	at org.apache.catalina.core.ApplicationFilterChain.doFilter(ApplicationFilterChain.java:158)
	at org.apache.catalina.core.StandardWrapperValve.invoke(StandardWrapperValve.java:177)
	at org.apache.catalina.core.StandardContextValve.invoke(StandardContextValve.java:97)
	at org.apache.catalina.authenticator.AuthenticatorBase.invoke(AuthenticatorBase.java:542)
	at org.apache.catalina.core.StandardHostValve.invoke(StandardHostValve.java:119)
	at org.apache.catalina.valves.ErrorReportValve.invoke(ErrorReportValve.java:92)
	at org.apache.catalina.core.StandardEngineValve.invoke(StandardEngineValve.java:78)
	at org.apache.catalina.connector.CoyoteAdapter.service(CoyoteAdapter.java:357)
	at org.apache.coyote.http11.Http11Processor.service(Http11Processor.java:400)
	at org.apache.coyote.AbstractProcessorLight.process(AbstractProcessorLight.java:65)
	at org.apache.coyote.AbstractProtocol$ConnectionHandler.process(AbstractProtocol.java:859)
	at org.apache.tomcat.util.net.NioEndpoint$SocketProcessor.doRun(NioEndpoint.java:1734)
	at org.apache.tomcat.util.net.SocketProcessorBase.run(SocketProcessorBase.java:52)
	at org.apache.tomcat.util.threads.ThreadPoolExecutor.runWorker(ThreadPoolExecutor.java:1191)
	at org.apache.tomcat.util.threads.ThreadPoolExecutor$Worker.run(ThreadPoolExecutor.java:659)
	at org.apache.tomcat.util.threads.TaskThread$WrappingRunnable.run(TaskThread.java:61)
	at java.base/java.lang.Thread.run(Thread.java:842)
2025-06-18 09:46:36.716 [http-nio-8082-exec-6] INFO  hit.cs.sciencefms.service.impl.UserServiceImpl - 用户登录: admin1
2025-06-18 09:46:36.751 [http-nio-8082-exec-6] DEBUG hit.cs.sciencefms.mapper.UserMapper.selectList - ==>  Preparing: SELECT id,username,password,role,real_name,email,phone,status,login_fail_count,create_time,update_time FROM t_user WHERE (username = ?)
2025-06-18 09:46:36.751 [http-nio-8082-exec-6] DEBUG hit.cs.sciencefms.mapper.UserMapper.selectList - ==> Parameters: admin1(String)
2025-06-18 09:46:36.788 [http-nio-8082-exec-6] DEBUG hit.cs.sciencefms.mapper.UserMapper.selectList - <==      Total: 1
2025-06-18 09:46:36.788 [http-nio-8082-exec-6] DEBUG h.c.s.mapper.UserMapper.resetLoginFailCount - ==>  Preparing: UPDATE t_user SET login_fail_count = 0 WHERE username = ?
2025-06-18 09:46:36.789 [http-nio-8082-exec-6] DEBUG h.c.s.mapper.UserMapper.resetLoginFailCount - ==> Parameters: admin1(String)
2025-06-18 09:46:36.826 [http-nio-8082-exec-6] DEBUG h.c.s.mapper.UserMapper.resetLoginFailCount - <==    Updates: 1
2025-06-18 09:46:36.828 [http-nio-8082-exec-6] INFO  hit.cs.sciencefms.service.impl.UserServiceImpl - JWT token: eyJhbGciOiJIUzUxMiJ9.eyJyb2xlIjoiYWRtaW4iLCJ1c2VySWQiOjEsInVzZXJuYW1lIjoiYWRtaW4xIiwiaWF0IjoxNzUwMjExMTk2LCJleHAiOjE3NTAyOTc1OTZ9._AxjlBHGva_Tn-3cSRHMUPy5t8bKyj45ZhBCS0gnUhP3afG3RDPKNH5Rpj5yJnxG7g8mgVTTiN-zRwAG12wBIg
2025-06-18 09:46:36.864 [http-nio-8082-exec-4] INFO  hit.cs.sciencefms.util.JwtUtil - JWT验证成功
2025-06-18 09:46:36.864 [http-nio-8082-exec-4] DEBUG hit.cs.sciencefms.mapper.UserMapper.selectCount - ==>  Preparing: SELECT COUNT( * ) AS total FROM t_user
2025-06-18 09:46:36.865 [http-nio-8082-exec-4] DEBUG hit.cs.sciencefms.mapper.UserMapper.selectCount - ==> Parameters: 
2025-06-18 09:46:36.899 [http-nio-8082-exec-4] DEBUG hit.cs.sciencefms.mapper.UserMapper.selectCount - <==      Total: 1
2025-06-18 09:46:36.899 [http-nio-8082-exec-4] DEBUG h.c.s.m.IntellectualPropertyMapper.selectCount - ==>  Preparing: SELECT COUNT( * ) AS total FROM t_intellectual_property WHERE is_deleted=0
2025-06-18 09:46:36.899 [http-nio-8082-exec-4] DEBUG h.c.s.m.IntellectualPropertyMapper.selectCount - ==> Parameters: 
2025-06-18 09:46:36.935 [http-nio-8082-exec-4] DEBUG h.c.s.m.IntellectualPropertyMapper.selectCount - <==      Total: 1
2025-06-18 09:46:36.936 [http-nio-8082-exec-4] DEBUG hit.cs.sciencefms.mapper.AwardMapper.selectCount - ==>  Preparing: SELECT COUNT( * ) AS total FROM t_award WHERE is_deleted=0
2025-06-18 09:46:36.936 [http-nio-8082-exec-4] DEBUG hit.cs.sciencefms.mapper.AwardMapper.selectCount - ==> Parameters: 
2025-06-18 09:46:36.971 [http-nio-8082-exec-4] DEBUG hit.cs.sciencefms.mapper.AwardMapper.selectCount - <==      Total: 1
2025-06-18 09:46:36.971 [http-nio-8082-exec-4] DEBUG h.c.s.mapper.ResearchProjectMapper.selectCount - ==>  Preparing: SELECT COUNT( * ) AS total FROM t_research_project WHERE is_deleted=0
2025-06-18 09:46:36.971 [http-nio-8082-exec-4] DEBUG h.c.s.mapper.ResearchProjectMapper.selectCount - ==> Parameters: 
2025-06-18 09:46:37.017 [http-nio-8082-exec-4] DEBUG h.c.s.mapper.ResearchProjectMapper.selectCount - <==      Total: 1
2025-06-18 09:46:37.018 [http-nio-8082-exec-4] DEBUG h.c.s.mapper.VisitRecordMapper.selectCount - ==>  Preparing: SELECT COUNT( * ) AS total FROM t_visit_record WHERE is_deleted=0
2025-06-18 09:46:37.018 [http-nio-8082-exec-4] DEBUG h.c.s.mapper.VisitRecordMapper.selectCount - ==> Parameters: 
2025-06-18 09:46:37.053 [http-nio-8082-exec-4] DEBUG h.c.s.mapper.VisitRecordMapper.selectCount - <==      Total: 1
2025-06-18 09:46:41.575 [http-nio-8082-exec-10] INFO  hit.cs.sciencefms.util.JwtUtil - JWT验证成功
2025-06-18 09:46:41.611 [http-nio-8082-exec-10] DEBUG hit.cs.sciencefms.mapper.TeacherMapper.selectList - ==>  Preparing: SELECT id,username,real_name,gender,birth_date,title,department,position,research_area,email,phone,office_location,avatar_url,create_time,update_time,is_deleted FROM t_teacher WHERE is_deleted=0
2025-06-18 09:46:41.611 [http-nio-8082-exec-10] DEBUG hit.cs.sciencefms.mapper.TeacherMapper.selectList - ==> Parameters: 
2025-06-18 09:46:41.649 [http-nio-8082-exec-10] DEBUG hit.cs.sciencefms.mapper.TeacherMapper.selectList - <==      Total: 10
2025-06-18 09:46:41.649 [http-nio-8082-exec-10] DEBUG h.c.s.mapper.ResearchProjectMapper.findByTimeRange - ==>  Preparing: SELECT * FROM t_research_project WHERE EXTRACT(YEAR FROM start_date) >= ? AND EXTRACT(YEAR FROM end_date) <= ? AND is_deleted = 0 ORDER BY start_date DESC
2025-06-18 09:46:41.650 [http-nio-8082-exec-10] DEBUG h.c.s.mapper.ResearchProjectMapper.findByTimeRange - ==> Parameters: 2020(Integer), 2025(Integer)
2025-06-18 09:46:41.686 [http-nio-8082-exec-10] DEBUG h.c.s.mapper.ResearchProjectMapper.findByTimeRange - <==      Total: 25
2025-06-18 09:46:41.686 [http-nio-8082-exec-10] DEBUG h.c.s.m.IntellectualPropertyMapper.findByTimeRange - ==>  Preparing: SELECT * FROM t_intellectual_property WHERE EXTRACT(YEAR FROM auth_date) >= ? AND EXTRACT(YEAR FROM auth_date) <= ? AND is_deleted = 0 ORDER BY auth_date DESC
2025-06-18 09:46:41.686 [http-nio-8082-exec-10] DEBUG h.c.s.m.IntellectualPropertyMapper.findByTimeRange - ==> Parameters: 2020(Integer), 2025(Integer)
2025-06-18 09:46:41.723 [http-nio-8082-exec-10] DEBUG h.c.s.m.IntellectualPropertyMapper.findByTimeRange - <==      Total: 10
2025-06-18 09:46:41.724 [http-nio-8082-exec-10] DEBUG h.cs.sciencefms.mapper.AwardMapper.findByTimeRange - ==>  Preparing: SELECT * FROM t_award WHERE EXTRACT(YEAR FROM award_date) >= ? AND EXTRACT(YEAR FROM award_date) <= ? AND is_deleted = 0 ORDER BY award_date DESC
2025-06-18 09:46:41.724 [http-nio-8082-exec-10] DEBUG h.cs.sciencefms.mapper.AwardMapper.findByTimeRange - ==> Parameters: 2020(Integer), 2025(Integer)
2025-06-18 09:46:41.767 [http-nio-8082-exec-10] DEBUG h.cs.sciencefms.mapper.AwardMapper.findByTimeRange - <==      Total: 14
2025-06-18 09:46:41.768 [http-nio-8082-exec-10] DEBUG h.c.s.mapper.VisitRecordMapper.findByTimeRange - ==>  Preparing: SELECT * FROM t_visit_record WHERE EXTRACT(YEAR FROM start_date) >= ? AND EXTRACT(YEAR FROM end_date) <= ? AND is_deleted = 0 ORDER BY start_date DESC
2025-06-18 09:46:41.768 [http-nio-8082-exec-10] DEBUG h.c.s.mapper.VisitRecordMapper.findByTimeRange - ==> Parameters: 2020(Integer), 2025(Integer)
2025-06-18 09:46:41.808 [http-nio-8082-exec-10] DEBUG h.c.s.mapper.VisitRecordMapper.findByTimeRange - <==      Total: 16
2025-06-18 09:46:41.809 [http-nio-8082-exec-10] DEBUG hit.cs.sciencefms.mapper.TeacherMapper.selectById - ==>  Preparing: SELECT id,username,real_name,gender,birth_date,title,department,position,research_area,email,phone,office_location,avatar_url,create_time,update_time,is_deleted FROM t_teacher WHERE id=? AND is_deleted=0
2025-06-18 09:46:41.809 [http-nio-8082-exec-10] DEBUG hit.cs.sciencefms.mapper.TeacherMapper.selectById - ==> Parameters: 1(Long)
2025-06-18 09:46:41.843 [http-nio-8082-exec-10] DEBUG hit.cs.sciencefms.mapper.TeacherMapper.selectById - <==      Total: 1
2025-06-18 09:46:41.843 [http-nio-8082-exec-10] DEBUG hit.cs.sciencefms.mapper.TeacherMapper.selectById - ==>  Preparing: SELECT id,username,real_name,gender,birth_date,title,department,position,research_area,email,phone,office_location,avatar_url,create_time,update_time,is_deleted FROM t_teacher WHERE id=? AND is_deleted=0
2025-06-18 09:46:41.843 [http-nio-8082-exec-10] DEBUG hit.cs.sciencefms.mapper.TeacherMapper.selectById - ==> Parameters: 1(Long)
2025-06-18 09:46:41.878 [http-nio-8082-exec-10] DEBUG hit.cs.sciencefms.mapper.TeacherMapper.selectById - <==      Total: 1
2025-06-18 09:46:41.878 [http-nio-8082-exec-10] DEBUG hit.cs.sciencefms.mapper.TeacherMapper.selectById - ==>  Preparing: SELECT id,username,real_name,gender,birth_date,title,department,position,research_area,email,phone,office_location,avatar_url,create_time,update_time,is_deleted FROM t_teacher WHERE id=? AND is_deleted=0
2025-06-18 09:46:41.879 [http-nio-8082-exec-10] DEBUG hit.cs.sciencefms.mapper.TeacherMapper.selectById - ==> Parameters: 1(Long)
2025-06-18 09:46:41.911 [http-nio-8082-exec-10] DEBUG hit.cs.sciencefms.mapper.TeacherMapper.selectById - <==      Total: 1
2025-06-18 09:46:41.912 [http-nio-8082-exec-10] DEBUG hit.cs.sciencefms.mapper.TeacherMapper.selectById - ==>  Preparing: SELECT id,username,real_name,gender,birth_date,title,department,position,research_area,email,phone,office_location,avatar_url,create_time,update_time,is_deleted FROM t_teacher WHERE id=? AND is_deleted=0
2025-06-18 09:46:41.912 [http-nio-8082-exec-10] DEBUG hit.cs.sciencefms.mapper.TeacherMapper.selectById - ==> Parameters: 1(Long)
2025-06-18 09:46:41.951 [http-nio-8082-exec-10] DEBUG hit.cs.sciencefms.mapper.TeacherMapper.selectById - <==      Total: 1
2025-06-18 09:46:41.951 [http-nio-8082-exec-10] DEBUG hit.cs.sciencefms.mapper.TeacherMapper.selectById - ==>  Preparing: SELECT id,username,real_name,gender,birth_date,title,department,position,research_area,email,phone,office_location,avatar_url,create_time,update_time,is_deleted FROM t_teacher WHERE id=? AND is_deleted=0
2025-06-18 09:46:41.951 [http-nio-8082-exec-10] DEBUG hit.cs.sciencefms.mapper.TeacherMapper.selectById - ==> Parameters: 3(Long)
2025-06-18 09:46:41.986 [http-nio-8082-exec-10] DEBUG hit.cs.sciencefms.mapper.TeacherMapper.selectById - <==      Total: 1
2025-06-18 09:46:41.986 [http-nio-8082-exec-10] DEBUG hit.cs.sciencefms.mapper.TeacherMapper.selectById - ==>  Preparing: SELECT id,username,real_name,gender,birth_date,title,department,position,research_area,email,phone,office_location,avatar_url,create_time,update_time,is_deleted FROM t_teacher WHERE id=? AND is_deleted=0
2025-06-18 09:46:41.987 [http-nio-8082-exec-10] DEBUG hit.cs.sciencefms.mapper.TeacherMapper.selectById - ==> Parameters: 3(Long)
2025-06-18 09:46:42.023 [http-nio-8082-exec-10] DEBUG hit.cs.sciencefms.mapper.TeacherMapper.selectById - <==      Total: 1
2025-06-18 09:46:42.023 [http-nio-8082-exec-10] DEBUG hit.cs.sciencefms.mapper.TeacherMapper.selectById - ==>  Preparing: SELECT id,username,real_name,gender,birth_date,title,department,position,research_area,email,phone,office_location,avatar_url,create_time,update_time,is_deleted FROM t_teacher WHERE id=? AND is_deleted=0
2025-06-18 09:46:42.024 [http-nio-8082-exec-10] DEBUG hit.cs.sciencefms.mapper.TeacherMapper.selectById - ==> Parameters: 42(Long)
2025-06-18 09:46:42.064 [http-nio-8082-exec-10] DEBUG hit.cs.sciencefms.mapper.TeacherMapper.selectById - <==      Total: 1
2025-06-18 09:46:42.065 [http-nio-8082-exec-10] DEBUG hit.cs.sciencefms.mapper.TeacherMapper.selectById - ==>  Preparing: SELECT id,username,real_name,gender,birth_date,title,department,position,research_area,email,phone,office_location,avatar_url,create_time,update_time,is_deleted FROM t_teacher WHERE id=? AND is_deleted=0
2025-06-18 09:46:42.065 [http-nio-8082-exec-10] DEBUG hit.cs.sciencefms.mapper.TeacherMapper.selectById - ==> Parameters: 41(Long)
2025-06-18 09:46:42.099 [http-nio-8082-exec-10] DEBUG hit.cs.sciencefms.mapper.TeacherMapper.selectById - <==      Total: 1
2025-06-18 09:46:42.099 [http-nio-8082-exec-10] DEBUG hit.cs.sciencefms.mapper.TeacherMapper.selectById - ==>  Preparing: SELECT id,username,real_name,gender,birth_date,title,department,position,research_area,email,phone,office_location,avatar_url,create_time,update_time,is_deleted FROM t_teacher WHERE id=? AND is_deleted=0
2025-06-18 09:46:42.099 [http-nio-8082-exec-10] DEBUG hit.cs.sciencefms.mapper.TeacherMapper.selectById - ==> Parameters: 3(Long)
2025-06-18 09:46:42.134 [http-nio-8082-exec-10] DEBUG hit.cs.sciencefms.mapper.TeacherMapper.selectById - <==      Total: 1
2025-06-18 09:46:42.134 [http-nio-8082-exec-10] DEBUG hit.cs.sciencefms.mapper.TeacherMapper.selectById - ==>  Preparing: SELECT id,username,real_name,gender,birth_date,title,department,position,research_area,email,phone,office_location,avatar_url,create_time,update_time,is_deleted FROM t_teacher WHERE id=? AND is_deleted=0
2025-06-18 09:46:42.134 [http-nio-8082-exec-10] DEBUG hit.cs.sciencefms.mapper.TeacherMapper.selectById - ==> Parameters: 2(Long)
2025-06-18 09:46:42.171 [http-nio-8082-exec-10] DEBUG hit.cs.sciencefms.mapper.TeacherMapper.selectById - <==      Total: 1
2025-06-18 09:46:42.172 [http-nio-8082-exec-10] DEBUG hit.cs.sciencefms.mapper.TeacherMapper.selectById - ==>  Preparing: SELECT id,username,real_name,gender,birth_date,title,department,position,research_area,email,phone,office_location,avatar_url,create_time,update_time,is_deleted FROM t_teacher WHERE id=? AND is_deleted=0
2025-06-18 09:46:42.172 [http-nio-8082-exec-10] DEBUG hit.cs.sciencefms.mapper.TeacherMapper.selectById - ==> Parameters: 3(Long)
2025-06-18 09:46:42.206 [http-nio-8082-exec-10] DEBUG hit.cs.sciencefms.mapper.TeacherMapper.selectById - <==      Total: 1
2025-06-18 09:46:42.206 [http-nio-8082-exec-10] DEBUG hit.cs.sciencefms.mapper.TeacherMapper.selectById - ==>  Preparing: SELECT id,username,real_name,gender,birth_date,title,department,position,research_area,email,phone,office_location,avatar_url,create_time,update_time,is_deleted FROM t_teacher WHERE id=? AND is_deleted=0
2025-06-18 09:46:42.206 [http-nio-8082-exec-10] DEBUG hit.cs.sciencefms.mapper.TeacherMapper.selectById - ==> Parameters: 2(Long)
2025-06-18 09:46:42.244 [http-nio-8082-exec-10] DEBUG hit.cs.sciencefms.mapper.TeacherMapper.selectById - <==      Total: 1
2025-06-18 09:46:42.244 [http-nio-8082-exec-10] DEBUG hit.cs.sciencefms.mapper.TeacherMapper.selectById - ==>  Preparing: SELECT id,username,real_name,gender,birth_date,title,department,position,research_area,email,phone,office_location,avatar_url,create_time,update_time,is_deleted FROM t_teacher WHERE id=? AND is_deleted=0
2025-06-18 09:46:42.244 [http-nio-8082-exec-10] DEBUG hit.cs.sciencefms.mapper.TeacherMapper.selectById - ==> Parameters: 3(Long)
2025-06-18 09:46:42.278 [http-nio-8082-exec-10] DEBUG hit.cs.sciencefms.mapper.TeacherMapper.selectById - <==      Total: 1
2025-06-18 09:46:42.279 [http-nio-8082-exec-10] DEBUG hit.cs.sciencefms.mapper.TeacherMapper.selectById - ==>  Preparing: SELECT id,username,real_name,gender,birth_date,title,department,position,research_area,email,phone,office_location,avatar_url,create_time,update_time,is_deleted FROM t_teacher WHERE id=? AND is_deleted=0
2025-06-18 09:46:42.279 [http-nio-8082-exec-10] DEBUG hit.cs.sciencefms.mapper.TeacherMapper.selectById - ==> Parameters: 46(Long)
2025-06-18 09:46:42.315 [http-nio-8082-exec-10] DEBUG hit.cs.sciencefms.mapper.TeacherMapper.selectById - <==      Total: 1
2025-06-18 09:46:42.316 [http-nio-8082-exec-10] DEBUG hit.cs.sciencefms.mapper.TeacherMapper.selectById - ==>  Preparing: SELECT id,username,real_name,gender,birth_date,title,department,position,research_area,email,phone,office_location,avatar_url,create_time,update_time,is_deleted FROM t_teacher WHERE id=? AND is_deleted=0
2025-06-18 09:46:42.316 [http-nio-8082-exec-10] DEBUG hit.cs.sciencefms.mapper.TeacherMapper.selectById - ==> Parameters: 45(Long)
2025-06-18 09:46:42.353 [http-nio-8082-exec-10] DEBUG hit.cs.sciencefms.mapper.TeacherMapper.selectById - <==      Total: 1
2025-06-18 09:46:42.353 [http-nio-8082-exec-10] DEBUG hit.cs.sciencefms.mapper.TeacherMapper.selectById - ==>  Preparing: SELECT id,username,real_name,gender,birth_date,title,department,position,research_area,email,phone,office_location,avatar_url,create_time,update_time,is_deleted FROM t_teacher WHERE id=? AND is_deleted=0
2025-06-18 09:46:42.353 [http-nio-8082-exec-10] DEBUG hit.cs.sciencefms.mapper.TeacherMapper.selectById - ==> Parameters: 44(Long)
2025-06-18 09:46:42.391 [http-nio-8082-exec-10] DEBUG hit.cs.sciencefms.mapper.TeacherMapper.selectById - <==      Total: 1
2025-06-18 09:46:42.391 [http-nio-8082-exec-10] DEBUG hit.cs.sciencefms.mapper.TeacherMapper.selectById - ==>  Preparing: SELECT id,username,real_name,gender,birth_date,title,department,position,research_area,email,phone,office_location,avatar_url,create_time,update_time,is_deleted FROM t_teacher WHERE id=? AND is_deleted=0
2025-06-18 09:46:42.391 [http-nio-8082-exec-10] DEBUG hit.cs.sciencefms.mapper.TeacherMapper.selectById - ==> Parameters: 43(Long)
2025-06-18 09:46:42.428 [http-nio-8082-exec-10] DEBUG hit.cs.sciencefms.mapper.TeacherMapper.selectById - <==      Total: 1
2025-06-18 09:46:42.428 [http-nio-8082-exec-10] DEBUG hit.cs.sciencefms.mapper.TeacherMapper.selectById - ==>  Preparing: SELECT id,username,real_name,gender,birth_date,title,department,position,research_area,email,phone,office_location,avatar_url,create_time,update_time,is_deleted FROM t_teacher WHERE id=? AND is_deleted=0
2025-06-18 09:46:42.429 [http-nio-8082-exec-10] DEBUG hit.cs.sciencefms.mapper.TeacherMapper.selectById - ==> Parameters: 42(Long)
2025-06-18 09:46:42.463 [http-nio-8082-exec-10] DEBUG hit.cs.sciencefms.mapper.TeacherMapper.selectById - <==      Total: 1
2025-06-18 09:46:42.468 [http-nio-8082-exec-10] DEBUG hit.cs.sciencefms.mapper.TeacherMapper.selectById - ==>  Preparing: SELECT id,username,real_name,gender,birth_date,title,department,position,research_area,email,phone,office_location,avatar_url,create_time,update_time,is_deleted FROM t_teacher WHERE id=? AND is_deleted=0
2025-06-18 09:46:42.468 [http-nio-8082-exec-10] DEBUG hit.cs.sciencefms.mapper.TeacherMapper.selectById - ==> Parameters: 41(Long)
2025-06-18 09:46:42.507 [http-nio-8082-exec-10] DEBUG hit.cs.sciencefms.mapper.TeacherMapper.selectById - <==      Total: 1
2025-06-18 09:46:42.508 [http-nio-8082-exec-10] DEBUG hit.cs.sciencefms.mapper.TeacherMapper.selectById - ==>  Preparing: SELECT id,username,real_name,gender,birth_date,title,department,position,research_area,email,phone,office_location,avatar_url,create_time,update_time,is_deleted FROM t_teacher WHERE id=? AND is_deleted=0
2025-06-18 09:46:42.508 [http-nio-8082-exec-10] DEBUG hit.cs.sciencefms.mapper.TeacherMapper.selectById - ==> Parameters: 3(Long)
2025-06-18 09:46:42.542 [http-nio-8082-exec-10] DEBUG hit.cs.sciencefms.mapper.TeacherMapper.selectById - <==      Total: 1
2025-06-18 09:46:42.542 [http-nio-8082-exec-10] DEBUG hit.cs.sciencefms.mapper.TeacherMapper.selectById - ==>  Preparing: SELECT id,username,real_name,gender,birth_date,title,department,position,research_area,email,phone,office_location,avatar_url,create_time,update_time,is_deleted FROM t_teacher WHERE id=? AND is_deleted=0
2025-06-18 09:46:42.543 [http-nio-8082-exec-10] DEBUG hit.cs.sciencefms.mapper.TeacherMapper.selectById - ==> Parameters: 2(Long)
2025-06-18 09:46:42.577 [http-nio-8082-exec-10] DEBUG hit.cs.sciencefms.mapper.TeacherMapper.selectById - <==      Total: 1
2025-06-18 09:46:42.577 [http-nio-8082-exec-10] DEBUG hit.cs.sciencefms.mapper.TeacherMapper.selectById - ==>  Preparing: SELECT id,username,real_name,gender,birth_date,title,department,position,research_area,email,phone,office_location,avatar_url,create_time,update_time,is_deleted FROM t_teacher WHERE id=? AND is_deleted=0
2025-06-18 09:46:42.577 [http-nio-8082-exec-10] DEBUG hit.cs.sciencefms.mapper.TeacherMapper.selectById - ==> Parameters: 1(Long)
2025-06-18 09:46:42.620 [http-nio-8082-exec-10] DEBUG hit.cs.sciencefms.mapper.TeacherMapper.selectById - <==      Total: 1
2025-06-18 09:46:42.621 [http-nio-8082-exec-10] DEBUG hit.cs.sciencefms.mapper.TeacherMapper.selectById - ==>  Preparing: SELECT id,username,real_name,gender,birth_date,title,department,position,research_area,email,phone,office_location,avatar_url,create_time,update_time,is_deleted FROM t_teacher WHERE id=? AND is_deleted=0
2025-06-18 09:46:42.621 [http-nio-8082-exec-10] DEBUG hit.cs.sciencefms.mapper.TeacherMapper.selectById - ==> Parameters: 3(Long)
2025-06-18 09:46:42.658 [http-nio-8082-exec-10] DEBUG hit.cs.sciencefms.mapper.TeacherMapper.selectById - <==      Total: 1
2025-06-18 09:46:42.658 [http-nio-8082-exec-10] DEBUG hit.cs.sciencefms.mapper.TeacherMapper.selectById - ==>  Preparing: SELECT id,username,real_name,gender,birth_date,title,department,position,research_area,email,phone,office_location,avatar_url,create_time,update_time,is_deleted FROM t_teacher WHERE id=? AND is_deleted=0
2025-06-18 09:46:42.659 [http-nio-8082-exec-10] DEBUG hit.cs.sciencefms.mapper.TeacherMapper.selectById - ==> Parameters: 46(Long)
2025-06-18 09:46:42.694 [http-nio-8082-exec-10] DEBUG hit.cs.sciencefms.mapper.TeacherMapper.selectById - <==      Total: 1
2025-06-18 09:46:42.694 [http-nio-8082-exec-10] DEBUG hit.cs.sciencefms.mapper.TeacherMapper.selectById - ==>  Preparing: SELECT id,username,real_name,gender,birth_date,title,department,position,research_area,email,phone,office_location,avatar_url,create_time,update_time,is_deleted FROM t_teacher WHERE id=? AND is_deleted=0
2025-06-18 09:46:42.694 [http-nio-8082-exec-10] DEBUG hit.cs.sciencefms.mapper.TeacherMapper.selectById - ==> Parameters: 2(Long)
2025-06-18 09:46:42.730 [http-nio-8082-exec-10] DEBUG hit.cs.sciencefms.mapper.TeacherMapper.selectById - <==      Total: 1
2025-06-18 09:46:42.730 [http-nio-8082-exec-10] DEBUG hit.cs.sciencefms.mapper.TeacherMapper.selectById - ==>  Preparing: SELECT id,username,real_name,gender,birth_date,title,department,position,research_area,email,phone,office_location,avatar_url,create_time,update_time,is_deleted FROM t_teacher WHERE id=? AND is_deleted=0
2025-06-18 09:46:42.731 [http-nio-8082-exec-10] DEBUG hit.cs.sciencefms.mapper.TeacherMapper.selectById - ==> Parameters: 2(Long)
2025-06-18 09:46:42.766 [http-nio-8082-exec-10] DEBUG hit.cs.sciencefms.mapper.TeacherMapper.selectById - <==      Total: 1
2025-06-18 09:46:42.767 [http-nio-8082-exec-10] DEBUG hit.cs.sciencefms.mapper.TeacherMapper.selectById - ==>  Preparing: SELECT id,username,real_name,gender,birth_date,title,department,position,research_area,email,phone,office_location,avatar_url,create_time,update_time,is_deleted FROM t_teacher WHERE id=? AND is_deleted=0
2025-06-18 09:46:42.767 [http-nio-8082-exec-10] DEBUG hit.cs.sciencefms.mapper.TeacherMapper.selectById - ==> Parameters: 2(Long)
2025-06-18 09:46:42.801 [http-nio-8082-exec-10] DEBUG hit.cs.sciencefms.mapper.TeacherMapper.selectById - <==      Total: 1
2025-06-18 09:46:42.801 [http-nio-8082-exec-10] DEBUG hit.cs.sciencefms.mapper.TeacherMapper.selectById - ==>  Preparing: SELECT id,username,real_name,gender,birth_date,title,department,position,research_area,email,phone,office_location,avatar_url,create_time,update_time,is_deleted FROM t_teacher WHERE id=? AND is_deleted=0
2025-06-18 09:46:42.802 [http-nio-8082-exec-10] DEBUG hit.cs.sciencefms.mapper.TeacherMapper.selectById - ==> Parameters: 2(Long)
2025-06-18 09:46:42.839 [http-nio-8082-exec-10] DEBUG hit.cs.sciencefms.mapper.TeacherMapper.selectById - <==      Total: 1
2025-06-18 09:46:42.840 [http-nio-8082-exec-10] DEBUG hit.cs.sciencefms.mapper.TeacherMapper.selectById - ==>  Preparing: SELECT id,username,real_name,gender,birth_date,title,department,position,research_area,email,phone,office_location,avatar_url,create_time,update_time,is_deleted FROM t_teacher WHERE id=? AND is_deleted=0
2025-06-18 09:46:42.840 [http-nio-8082-exec-10] DEBUG hit.cs.sciencefms.mapper.TeacherMapper.selectById - ==> Parameters: 1(Long)
2025-06-18 09:46:42.886 [http-nio-8082-exec-10] DEBUG hit.cs.sciencefms.mapper.TeacherMapper.selectById - <==      Total: 1
2025-06-18 09:46:42.887 [http-nio-8082-exec-10] DEBUG hit.cs.sciencefms.mapper.TeacherMapper.selectById - ==>  Preparing: SELECT id,username,real_name,gender,birth_date,title,department,position,research_area,email,phone,office_location,avatar_url,create_time,update_time,is_deleted FROM t_teacher WHERE id=? AND is_deleted=0
2025-06-18 09:46:42.887 [http-nio-8082-exec-10] DEBUG hit.cs.sciencefms.mapper.TeacherMapper.selectById - ==> Parameters: 3(Long)
2025-06-18 09:46:42.924 [http-nio-8082-exec-10] DEBUG hit.cs.sciencefms.mapper.TeacherMapper.selectById - <==      Total: 1
2025-06-18 09:46:42.925 [http-nio-8082-exec-10] DEBUG hit.cs.sciencefms.mapper.TeacherMapper.selectById - ==>  Preparing: SELECT id,username,real_name,gender,birth_date,title,department,position,research_area,email,phone,office_location,avatar_url,create_time,update_time,is_deleted FROM t_teacher WHERE id=? AND is_deleted=0
2025-06-18 09:46:42.925 [http-nio-8082-exec-10] DEBUG hit.cs.sciencefms.mapper.TeacherMapper.selectById - ==> Parameters: 3(Long)
2025-06-18 09:46:42.961 [http-nio-8082-exec-10] DEBUG hit.cs.sciencefms.mapper.TeacherMapper.selectById - <==      Total: 1
2025-06-18 09:46:42.962 [http-nio-8082-exec-10] DEBUG hit.cs.sciencefms.mapper.TeacherMapper.selectById - ==>  Preparing: SELECT id,username,real_name,gender,birth_date,title,department,position,research_area,email,phone,office_location,avatar_url,create_time,update_time,is_deleted FROM t_teacher WHERE id=? AND is_deleted=0
2025-06-18 09:46:42.962 [http-nio-8082-exec-10] DEBUG hit.cs.sciencefms.mapper.TeacherMapper.selectById - ==> Parameters: 2(Long)
2025-06-18 09:46:42.999 [http-nio-8082-exec-10] DEBUG hit.cs.sciencefms.mapper.TeacherMapper.selectById - <==      Total: 1
2025-06-18 09:46:43.000 [http-nio-8082-exec-10] DEBUG hit.cs.sciencefms.mapper.TeacherMapper.selectById - ==>  Preparing: SELECT id,username,real_name,gender,birth_date,title,department,position,research_area,email,phone,office_location,avatar_url,create_time,update_time,is_deleted FROM t_teacher WHERE id=? AND is_deleted=0
2025-06-18 09:46:43.000 [http-nio-8082-exec-10] DEBUG hit.cs.sciencefms.mapper.TeacherMapper.selectById - ==> Parameters: 1(Long)
2025-06-18 09:46:43.035 [http-nio-8082-exec-10] DEBUG hit.cs.sciencefms.mapper.TeacherMapper.selectById - <==      Total: 1
2025-06-18 09:46:43.035 [http-nio-8082-exec-10] DEBUG hit.cs.sciencefms.mapper.TeacherMapper.selectById - ==>  Preparing: SELECT id,username,real_name,gender,birth_date,title,department,position,research_area,email,phone,office_location,avatar_url,create_time,update_time,is_deleted FROM t_teacher WHERE id=? AND is_deleted=0
2025-06-18 09:46:43.035 [http-nio-8082-exec-10] DEBUG hit.cs.sciencefms.mapper.TeacherMapper.selectById - ==> Parameters: 2(Long)
2025-06-18 09:46:43.072 [http-nio-8082-exec-10] DEBUG hit.cs.sciencefms.mapper.TeacherMapper.selectById - <==      Total: 1
2025-06-18 09:46:43.073 [http-nio-8082-exec-10] DEBUG hit.cs.sciencefms.mapper.TeacherMapper.selectById - ==>  Preparing: SELECT id,username,real_name,gender,birth_date,title,department,position,research_area,email,phone,office_location,avatar_url,create_time,update_time,is_deleted FROM t_teacher WHERE id=? AND is_deleted=0
2025-06-18 09:46:43.074 [http-nio-8082-exec-10] DEBUG hit.cs.sciencefms.mapper.TeacherMapper.selectById - ==> Parameters: 1(Long)
2025-06-18 09:46:43.108 [http-nio-8082-exec-10] DEBUG hit.cs.sciencefms.mapper.TeacherMapper.selectById - <==      Total: 1
2025-06-18 09:46:43.109 [http-nio-8082-exec-10] DEBUG hit.cs.sciencefms.mapper.TeacherMapper.selectById - ==>  Preparing: SELECT id,username,real_name,gender,birth_date,title,department,position,research_area,email,phone,office_location,avatar_url,create_time,update_time,is_deleted FROM t_teacher WHERE id=? AND is_deleted=0
2025-06-18 09:46:43.109 [http-nio-8082-exec-10] DEBUG hit.cs.sciencefms.mapper.TeacherMapper.selectById - ==> Parameters: 3(Long)
2025-06-18 09:46:43.145 [http-nio-8082-exec-10] DEBUG hit.cs.sciencefms.mapper.TeacherMapper.selectById - <==      Total: 1
2025-06-18 09:46:43.145 [http-nio-8082-exec-10] DEBUG hit.cs.sciencefms.mapper.TeacherMapper.selectById - ==>  Preparing: SELECT id,username,real_name,gender,birth_date,title,department,position,research_area,email,phone,office_location,avatar_url,create_time,update_time,is_deleted FROM t_teacher WHERE id=? AND is_deleted=0
2025-06-18 09:46:43.145 [http-nio-8082-exec-10] DEBUG hit.cs.sciencefms.mapper.TeacherMapper.selectById - ==> Parameters: 46(Long)
2025-06-18 09:46:43.184 [http-nio-8082-exec-10] DEBUG hit.cs.sciencefms.mapper.TeacherMapper.selectById - <==      Total: 1
2025-06-18 09:46:43.185 [http-nio-8082-exec-10] DEBUG hit.cs.sciencefms.mapper.TeacherMapper.selectById - ==>  Preparing: SELECT id,username,real_name,gender,birth_date,title,department,position,research_area,email,phone,office_location,avatar_url,create_time,update_time,is_deleted FROM t_teacher WHERE id=? AND is_deleted=0
2025-06-18 09:46:43.185 [http-nio-8082-exec-10] DEBUG hit.cs.sciencefms.mapper.TeacherMapper.selectById - ==> Parameters: 45(Long)
2025-06-18 09:46:43.222 [http-nio-8082-exec-10] DEBUG hit.cs.sciencefms.mapper.TeacherMapper.selectById - <==      Total: 1
2025-06-18 09:46:43.223 [http-nio-8082-exec-10] DEBUG hit.cs.sciencefms.mapper.TeacherMapper.selectById - ==>  Preparing: SELECT id,username,real_name,gender,birth_date,title,department,position,research_area,email,phone,office_location,avatar_url,create_time,update_time,is_deleted FROM t_teacher WHERE id=? AND is_deleted=0
2025-06-18 09:46:43.224 [http-nio-8082-exec-10] DEBUG hit.cs.sciencefms.mapper.TeacherMapper.selectById - ==> Parameters: 3(Long)
2025-06-18 09:46:43.260 [http-nio-8082-exec-10] DEBUG hit.cs.sciencefms.mapper.TeacherMapper.selectById - <==      Total: 1
2025-06-18 09:46:43.261 [http-nio-8082-exec-10] DEBUG hit.cs.sciencefms.mapper.TeacherMapper.selectById - ==>  Preparing: SELECT id,username,real_name,gender,birth_date,title,department,position,research_area,email,phone,office_location,avatar_url,create_time,update_time,is_deleted FROM t_teacher WHERE id=? AND is_deleted=0
2025-06-18 09:46:43.261 [http-nio-8082-exec-10] DEBUG hit.cs.sciencefms.mapper.TeacherMapper.selectById - ==> Parameters: 1(Long)
2025-06-18 09:46:43.309 [http-nio-8082-exec-10] DEBUG hit.cs.sciencefms.mapper.TeacherMapper.selectById - <==      Total: 1
2025-06-18 09:46:43.309 [http-nio-8082-exec-10] DEBUG hit.cs.sciencefms.mapper.TeacherMapper.selectById - ==>  Preparing: SELECT id,username,real_name,gender,birth_date,title,department,position,research_area,email,phone,office_location,avatar_url,create_time,update_time,is_deleted FROM t_teacher WHERE id=? AND is_deleted=0
2025-06-18 09:46:43.309 [http-nio-8082-exec-10] DEBUG hit.cs.sciencefms.mapper.TeacherMapper.selectById - ==> Parameters: 1(Long)
2025-06-18 09:46:43.348 [http-nio-8082-exec-10] DEBUG hit.cs.sciencefms.mapper.TeacherMapper.selectById - <==      Total: 1
2025-06-18 09:46:43.350 [http-nio-8082-exec-10] DEBUG hit.cs.sciencefms.mapper.TeacherMapper.selectById - ==>  Preparing: SELECT id,username,real_name,gender,birth_date,title,department,position,research_area,email,phone,office_location,avatar_url,create_time,update_time,is_deleted FROM t_teacher WHERE id=? AND is_deleted=0
2025-06-18 09:46:43.350 [http-nio-8082-exec-10] DEBUG hit.cs.sciencefms.mapper.TeacherMapper.selectById - ==> Parameters: 44(Long)
2025-06-18 09:46:43.391 [http-nio-8082-exec-10] DEBUG hit.cs.sciencefms.mapper.TeacherMapper.selectById - <==      Total: 1
2025-06-18 09:46:43.391 [http-nio-8082-exec-10] DEBUG hit.cs.sciencefms.mapper.TeacherMapper.selectById - ==>  Preparing: SELECT id,username,real_name,gender,birth_date,title,department,position,research_area,email,phone,office_location,avatar_url,create_time,update_time,is_deleted FROM t_teacher WHERE id=? AND is_deleted=0
2025-06-18 09:46:43.391 [http-nio-8082-exec-10] DEBUG hit.cs.sciencefms.mapper.TeacherMapper.selectById - ==> Parameters: 3(Long)
2025-06-18 09:46:43.426 [http-nio-8082-exec-10] DEBUG hit.cs.sciencefms.mapper.TeacherMapper.selectById - <==      Total: 1
2025-06-18 09:46:43.426 [http-nio-8082-exec-10] DEBUG hit.cs.sciencefms.mapper.TeacherMapper.selectById - ==>  Preparing: SELECT id,username,real_name,gender,birth_date,title,department,position,research_area,email,phone,office_location,avatar_url,create_time,update_time,is_deleted FROM t_teacher WHERE id=? AND is_deleted=0
2025-06-18 09:46:43.426 [http-nio-8082-exec-10] DEBUG hit.cs.sciencefms.mapper.TeacherMapper.selectById - ==> Parameters: 2(Long)
2025-06-18 09:46:43.460 [http-nio-8082-exec-10] DEBUG hit.cs.sciencefms.mapper.TeacherMapper.selectById - <==      Total: 1
2025-06-18 09:46:43.461 [http-nio-8082-exec-10] DEBUG hit.cs.sciencefms.mapper.TeacherMapper.selectById - ==>  Preparing: SELECT id,username,real_name,gender,birth_date,title,department,position,research_area,email,phone,office_location,avatar_url,create_time,update_time,is_deleted FROM t_teacher WHERE id=? AND is_deleted=0
2025-06-18 09:46:43.461 [http-nio-8082-exec-10] DEBUG hit.cs.sciencefms.mapper.TeacherMapper.selectById - ==> Parameters: 43(Long)
2025-06-18 09:46:43.498 [http-nio-8082-exec-10] DEBUG hit.cs.sciencefms.mapper.TeacherMapper.selectById - <==      Total: 1
2025-06-18 09:46:43.498 [http-nio-8082-exec-10] DEBUG hit.cs.sciencefms.mapper.TeacherMapper.selectById - ==>  Preparing: SELECT id,username,real_name,gender,birth_date,title,department,position,research_area,email,phone,office_location,avatar_url,create_time,update_time,is_deleted FROM t_teacher WHERE id=? AND is_deleted=0
2025-06-18 09:46:43.498 [http-nio-8082-exec-10] DEBUG hit.cs.sciencefms.mapper.TeacherMapper.selectById - ==> Parameters: 42(Long)
2025-06-18 09:46:43.541 [http-nio-8082-exec-10] DEBUG hit.cs.sciencefms.mapper.TeacherMapper.selectById - <==      Total: 1
2025-06-18 09:46:43.541 [http-nio-8082-exec-10] DEBUG hit.cs.sciencefms.mapper.TeacherMapper.selectById - ==>  Preparing: SELECT id,username,real_name,gender,birth_date,title,department,position,research_area,email,phone,office_location,avatar_url,create_time,update_time,is_deleted FROM t_teacher WHERE id=? AND is_deleted=0
2025-06-18 09:46:43.541 [http-nio-8082-exec-10] DEBUG hit.cs.sciencefms.mapper.TeacherMapper.selectById - ==> Parameters: 41(Long)
2025-06-18 09:46:43.574 [http-nio-8082-exec-10] DEBUG hit.cs.sciencefms.mapper.TeacherMapper.selectById - <==      Total: 1
2025-06-18 09:46:43.575 [http-nio-8082-exec-10] DEBUG hit.cs.sciencefms.mapper.TeacherMapper.selectById - ==>  Preparing: SELECT id,username,real_name,gender,birth_date,title,department,position,research_area,email,phone,office_location,avatar_url,create_time,update_time,is_deleted FROM t_teacher WHERE id=? AND is_deleted=0
2025-06-18 09:46:43.575 [http-nio-8082-exec-10] DEBUG hit.cs.sciencefms.mapper.TeacherMapper.selectById - ==> Parameters: 2(Long)
2025-06-18 09:46:43.609 [http-nio-8082-exec-10] DEBUG hit.cs.sciencefms.mapper.TeacherMapper.selectById - <==      Total: 1
2025-06-18 09:46:43.609 [http-nio-8082-exec-10] DEBUG hit.cs.sciencefms.mapper.TeacherMapper.selectById - ==>  Preparing: SELECT id,username,real_name,gender,birth_date,title,department,position,research_area,email,phone,office_location,avatar_url,create_time,update_time,is_deleted FROM t_teacher WHERE id=? AND is_deleted=0
2025-06-18 09:46:43.610 [http-nio-8082-exec-10] DEBUG hit.cs.sciencefms.mapper.TeacherMapper.selectById - ==> Parameters: 1(Long)
2025-06-18 09:46:43.645 [http-nio-8082-exec-10] DEBUG hit.cs.sciencefms.mapper.TeacherMapper.selectById - <==      Total: 1
2025-06-18 09:46:43.646 [http-nio-8082-exec-10] DEBUG hit.cs.sciencefms.mapper.TeacherMapper.selectById - ==>  Preparing: SELECT id,username,real_name,gender,birth_date,title,department,position,research_area,email,phone,office_location,avatar_url,create_time,update_time,is_deleted FROM t_teacher WHERE id=? AND is_deleted=0
2025-06-18 09:46:43.647 [http-nio-8082-exec-10] DEBUG hit.cs.sciencefms.mapper.TeacherMapper.selectById - ==> Parameters: 3(Long)
2025-06-18 09:46:43.688 [http-nio-8082-exec-10] DEBUG hit.cs.sciencefms.mapper.TeacherMapper.selectById - <==      Total: 1
2025-06-18 09:46:43.689 [http-nio-8082-exec-10] DEBUG hit.cs.sciencefms.mapper.TeacherMapper.selectById - ==>  Preparing: SELECT id,username,real_name,gender,birth_date,title,department,position,research_area,email,phone,office_location,avatar_url,create_time,update_time,is_deleted FROM t_teacher WHERE id=? AND is_deleted=0
2025-06-18 09:46:43.690 [http-nio-8082-exec-10] DEBUG hit.cs.sciencefms.mapper.TeacherMapper.selectById - ==> Parameters: 42(Long)
2025-06-18 09:46:43.726 [http-nio-8082-exec-10] DEBUG hit.cs.sciencefms.mapper.TeacherMapper.selectById - <==      Total: 1
2025-06-18 09:46:43.727 [http-nio-8082-exec-10] DEBUG hit.cs.sciencefms.mapper.TeacherMapper.selectById - ==>  Preparing: SELECT id,username,real_name,gender,birth_date,title,department,position,research_area,email,phone,office_location,avatar_url,create_time,update_time,is_deleted FROM t_teacher WHERE id=? AND is_deleted=0
2025-06-18 09:46:43.727 [http-nio-8082-exec-10] DEBUG hit.cs.sciencefms.mapper.TeacherMapper.selectById - ==> Parameters: 43(Long)
2025-06-18 09:46:43.764 [http-nio-8082-exec-10] DEBUG hit.cs.sciencefms.mapper.TeacherMapper.selectById - <==      Total: 1
2025-06-18 09:46:43.766 [http-nio-8082-exec-10] DEBUG hit.cs.sciencefms.mapper.TeacherMapper.selectById - ==>  Preparing: SELECT id,username,real_name,gender,birth_date,title,department,position,research_area,email,phone,office_location,avatar_url,create_time,update_time,is_deleted FROM t_teacher WHERE id=? AND is_deleted=0
2025-06-18 09:46:43.766 [http-nio-8082-exec-10] DEBUG hit.cs.sciencefms.mapper.TeacherMapper.selectById - ==> Parameters: 42(Long)
2025-06-18 09:46:43.801 [http-nio-8082-exec-10] DEBUG hit.cs.sciencefms.mapper.TeacherMapper.selectById - <==      Total: 1
2025-06-18 09:46:43.802 [http-nio-8082-exec-10] DEBUG hit.cs.sciencefms.mapper.TeacherMapper.selectById - ==>  Preparing: SELECT id,username,real_name,gender,birth_date,title,department,position,research_area,email,phone,office_location,avatar_url,create_time,update_time,is_deleted FROM t_teacher WHERE id=? AND is_deleted=0
2025-06-18 09:46:43.802 [http-nio-8082-exec-10] DEBUG hit.cs.sciencefms.mapper.TeacherMapper.selectById - ==> Parameters: 40(Long)
2025-06-18 09:46:43.838 [http-nio-8082-exec-10] DEBUG hit.cs.sciencefms.mapper.TeacherMapper.selectById - <==      Total: 1
2025-06-18 09:46:43.839 [http-nio-8082-exec-10] DEBUG hit.cs.sciencefms.mapper.TeacherMapper.selectById - ==>  Preparing: SELECT id,username,real_name,gender,birth_date,title,department,position,research_area,email,phone,office_location,avatar_url,create_time,update_time,is_deleted FROM t_teacher WHERE id=? AND is_deleted=0
2025-06-18 09:46:43.840 [http-nio-8082-exec-10] DEBUG hit.cs.sciencefms.mapper.TeacherMapper.selectById - ==> Parameters: 41(Long)
2025-06-18 09:46:43.875 [http-nio-8082-exec-10] DEBUG hit.cs.sciencefms.mapper.TeacherMapper.selectById - <==      Total: 1
2025-06-18 09:46:43.875 [http-nio-8082-exec-10] DEBUG hit.cs.sciencefms.mapper.TeacherMapper.selectById - ==>  Preparing: SELECT id,username,real_name,gender,birth_date,title,department,position,research_area,email,phone,office_location,avatar_url,create_time,update_time,is_deleted FROM t_teacher WHERE id=? AND is_deleted=0
2025-06-18 09:46:43.876 [http-nio-8082-exec-10] DEBUG hit.cs.sciencefms.mapper.TeacherMapper.selectById - ==> Parameters: 41(Long)
2025-06-18 09:46:43.912 [http-nio-8082-exec-10] DEBUG hit.cs.sciencefms.mapper.TeacherMapper.selectById - <==      Total: 1
2025-06-18 09:46:43.913 [http-nio-8082-exec-10] DEBUG hit.cs.sciencefms.mapper.TeacherMapper.selectById - ==>  Preparing: SELECT id,username,real_name,gender,birth_date,title,department,position,research_area,email,phone,office_location,avatar_url,create_time,update_time,is_deleted FROM t_teacher WHERE id=? AND is_deleted=0
2025-06-18 09:46:43.914 [http-nio-8082-exec-10] DEBUG hit.cs.sciencefms.mapper.TeacherMapper.selectById - ==> Parameters: 1(Long)
2025-06-18 09:46:43.949 [http-nio-8082-exec-10] DEBUG hit.cs.sciencefms.mapper.TeacherMapper.selectById - <==      Total: 1
2025-06-18 09:46:43.950 [http-nio-8082-exec-10] DEBUG hit.cs.sciencefms.mapper.TeacherMapper.selectById - ==>  Preparing: SELECT id,username,real_name,gender,birth_date,title,department,position,research_area,email,phone,office_location,avatar_url,create_time,update_time,is_deleted FROM t_teacher WHERE id=? AND is_deleted=0
2025-06-18 09:46:43.950 [http-nio-8082-exec-10] DEBUG hit.cs.sciencefms.mapper.TeacherMapper.selectById - ==> Parameters: 2(Long)
2025-06-18 09:46:43.988 [http-nio-8082-exec-10] DEBUG hit.cs.sciencefms.mapper.TeacherMapper.selectById - <==      Total: 1
2025-06-18 09:46:43.989 [http-nio-8082-exec-10] DEBUG hit.cs.sciencefms.mapper.TeacherMapper.selectById - ==>  Preparing: SELECT id,username,real_name,gender,birth_date,title,department,position,research_area,email,phone,office_location,avatar_url,create_time,update_time,is_deleted FROM t_teacher WHERE id=? AND is_deleted=0
2025-06-18 09:46:43.990 [http-nio-8082-exec-10] DEBUG hit.cs.sciencefms.mapper.TeacherMapper.selectById - ==> Parameters: 3(Long)
2025-06-18 09:46:44.024 [http-nio-8082-exec-10] DEBUG hit.cs.sciencefms.mapper.TeacherMapper.selectById - <==      Total: 1
2025-06-18 09:46:44.025 [http-nio-8082-exec-10] DEBUG hit.cs.sciencefms.mapper.TeacherMapper.selectById - ==>  Preparing: SELECT id,username,real_name,gender,birth_date,title,department,position,research_area,email,phone,office_location,avatar_url,create_time,update_time,is_deleted FROM t_teacher WHERE id=? AND is_deleted=0
2025-06-18 09:46:44.025 [http-nio-8082-exec-10] DEBUG hit.cs.sciencefms.mapper.TeacherMapper.selectById - ==> Parameters: 1(Long)
2025-06-18 09:46:44.060 [http-nio-8082-exec-10] DEBUG hit.cs.sciencefms.mapper.TeacherMapper.selectById - <==      Total: 1
2025-06-18 09:46:44.060 [http-nio-8082-exec-10] DEBUG hit.cs.sciencefms.mapper.TeacherMapper.selectById - ==>  Preparing: SELECT id,username,real_name,gender,birth_date,title,department,position,research_area,email,phone,office_location,avatar_url,create_time,update_time,is_deleted FROM t_teacher WHERE id=? AND is_deleted=0
2025-06-18 09:46:44.060 [http-nio-8082-exec-10] DEBUG hit.cs.sciencefms.mapper.TeacherMapper.selectById - ==> Parameters: 1(Long)
2025-06-18 09:46:44.106 [http-nio-8082-exec-10] DEBUG hit.cs.sciencefms.mapper.TeacherMapper.selectById - <==      Total: 1
2025-06-18 09:46:44.107 [http-nio-8082-exec-10] DEBUG hit.cs.sciencefms.mapper.TeacherMapper.selectById - ==>  Preparing: SELECT id,username,real_name,gender,birth_date,title,department,position,research_area,email,phone,office_location,avatar_url,create_time,update_time,is_deleted FROM t_teacher WHERE id=? AND is_deleted=0
2025-06-18 09:46:44.107 [http-nio-8082-exec-10] DEBUG hit.cs.sciencefms.mapper.TeacherMapper.selectById - ==> Parameters: 3(Long)
2025-06-18 09:46:44.142 [http-nio-8082-exec-10] DEBUG hit.cs.sciencefms.mapper.TeacherMapper.selectById - <==      Total: 1
2025-06-18 09:46:44.142 [http-nio-8082-exec-10] DEBUG hit.cs.sciencefms.mapper.TeacherMapper.selectById - ==>  Preparing: SELECT id,username,real_name,gender,birth_date,title,department,position,research_area,email,phone,office_location,avatar_url,create_time,update_time,is_deleted FROM t_teacher WHERE id=? AND is_deleted=0
2025-06-18 09:46:44.142 [http-nio-8082-exec-10] DEBUG hit.cs.sciencefms.mapper.TeacherMapper.selectById - ==> Parameters: 1(Long)
2025-06-18 09:46:44.178 [http-nio-8082-exec-10] DEBUG hit.cs.sciencefms.mapper.TeacherMapper.selectById - <==      Total: 1
2025-06-18 09:46:44.178 [http-nio-8082-exec-10] DEBUG hit.cs.sciencefms.mapper.TeacherMapper.selectById - ==>  Preparing: SELECT id,username,real_name,gender,birth_date,title,department,position,research_area,email,phone,office_location,avatar_url,create_time,update_time,is_deleted FROM t_teacher WHERE id=? AND is_deleted=0
2025-06-18 09:46:44.178 [http-nio-8082-exec-10] DEBUG hit.cs.sciencefms.mapper.TeacherMapper.selectById - ==> Parameters: 2(Long)
2025-06-18 09:46:44.215 [http-nio-8082-exec-10] DEBUG hit.cs.sciencefms.mapper.TeacherMapper.selectById - <==      Total: 1
2025-06-18 09:46:44.215 [http-nio-8082-exec-10] DEBUG hit.cs.sciencefms.mapper.TeacherMapper.selectById - ==>  Preparing: SELECT id,username,real_name,gender,birth_date,title,department,position,research_area,email,phone,office_location,avatar_url,create_time,update_time,is_deleted FROM t_teacher WHERE id=? AND is_deleted=0
2025-06-18 09:46:44.216 [http-nio-8082-exec-10] DEBUG hit.cs.sciencefms.mapper.TeacherMapper.selectById - ==> Parameters: 2(Long)
2025-06-18 09:46:44.257 [http-nio-8082-exec-10] DEBUG hit.cs.sciencefms.mapper.TeacherMapper.selectById - <==      Total: 1
2025-06-18 09:46:44.412 [http-nio-8082-exec-10] ERROR o.a.c.c.C.[.[localhost].[/].[dispatcherServlet] - Servlet.service() for servlet [dispatcherServlet] in context with path [] threw exception [Request processing failed: java.lang.IllegalArgumentException: text cannot be null or blank] with root cause
java.lang.IllegalArgumentException: text cannot be null or blank
	at dev.langchain4j.internal.Exceptions.illegalArgument(Exceptions.java:19)
	at dev.langchain4j.internal.ValidationUtils.ensureNotBlank(ValidationUtils.java:98)
	at dev.langchain4j.data.message.AiMessage.<init>(AiMessage.java:30)
	at dev.langchain4j.data.message.AiMessage.from(AiMessage.java:100)
	at dev.langchain4j.data.message.AiMessage.aiMessage(AiMessage.java:127)
	at dev.langchain4j.model.qianfan.InternalQianfanHelper.aiMessageFrom(InternalQianfanHelper.java:162)
	at dev.langchain4j.model.qianfan.QianfanChatModel.generate(QianfanChatModel.java:131)
	at dev.langchain4j.model.qianfan.QianfanChatModel.generate(QianfanChatModel.java:90)
	at dev.langchain4j.model.chat.ChatLanguageModel.generate(ChatLanguageModel.java:39)
	at dev.langchain4j.model.chat.ChatLanguageModel.generate(ChatLanguageModel.java:27)
	at hit.cs.sciencefms.service.impl.ResearchSummaryServiceImpl.generateTrendAnalysis(ResearchSummaryServiceImpl.java:132)
	at hit.cs.sciencefms.service.impl.ResearchSummaryServiceImpl.generateResearchAnalysis(ResearchSummaryServiceImpl.java:92)
	at hit.cs.sciencefms.controller.AdminDashboardController.getResearchAnalysis(AdminDashboardController.java:51)
	at java.base/jdk.internal.reflect.NativeMethodAccessorImpl.invoke0(Native Method)
	at java.base/jdk.internal.reflect.NativeMethodAccessorImpl.invoke(NativeMethodAccessorImpl.java:77)
	at java.base/jdk.internal.reflect.DelegatingMethodAccessorImpl.invoke(DelegatingMethodAccessorImpl.java:43)
	at java.base/java.lang.reflect.Method.invoke(Method.java:568)
	at org.springframework.web.method.support.InvocableHandlerMethod.doInvoke(InvocableHandlerMethod.java:207)
	at org.springframework.web.method.support.InvocableHandlerMethod.invokeForRequest(InvocableHandlerMethod.java:152)
	at org.springframework.web.servlet.mvc.method.annotation.ServletInvocableHandlerMethod.invokeAndHandle(ServletInvocableHandlerMethod.java:117)
	at org.springframework.web.servlet.mvc.method.annotation.RequestMappingHandlerAdapter.invokeHandlerMethod(RequestMappingHandlerAdapter.java:884)
	at org.springframework.web.servlet.mvc.method.annotation.RequestMappingHandlerAdapter.handleInternal(RequestMappingHandlerAdapter.java:797)
	at org.springframework.web.servlet.mvc.method.AbstractHandlerMethodAdapter.handle(AbstractHandlerMethodAdapter.java:87)
	at org.springframework.web.servlet.DispatcherServlet.doDispatch(DispatcherServlet.java:1080)
	at org.springframework.web.servlet.DispatcherServlet.doService(DispatcherServlet.java:973)
	at org.springframework.web.servlet.FrameworkServlet.processRequest(FrameworkServlet.java:1011)
	at org.springframework.web.servlet.FrameworkServlet.doGet(FrameworkServlet.java:903)
	at jakarta.servlet.http.HttpServlet.service(HttpServlet.java:705)
	at org.springframework.web.servlet.FrameworkServlet.service(FrameworkServlet.java:885)
	at jakarta.servlet.http.HttpServlet.service(HttpServlet.java:814)
	at org.apache.catalina.core.ApplicationFilterChain.internalDoFilter(ApplicationFilterChain.java:223)
	at org.apache.catalina.core.ApplicationFilterChain.doFilter(ApplicationFilterChain.java:158)
	at org.apache.tomcat.websocket.server.WsFilter.doFilter(WsFilter.java:53)
	at org.apache.catalina.core.ApplicationFilterChain.internalDoFilter(ApplicationFilterChain.java:185)
	at org.apache.catalina.core.ApplicationFilterChain.doFilter(ApplicationFilterChain.java:158)
	at org.springframework.web.filter.RequestContextFilter.doFilterInternal(RequestContextFilter.java:100)
	at org.springframework.web.filter.OncePerRequestFilter.doFilter(OncePerRequestFilter.java:116)
	at org.apache.catalina.core.ApplicationFilterChain.internalDoFilter(ApplicationFilterChain.java:185)
	at org.apache.catalina.core.ApplicationFilterChain.doFilter(ApplicationFilterChain.java:158)
	at org.springframework.web.filter.FormContentFilter.doFilterInternal(FormContentFilter.java:93)
	at org.springframework.web.filter.OncePerRequestFilter.doFilter(OncePerRequestFilter.java:116)
	at org.apache.catalina.core.ApplicationFilterChain.internalDoFilter(ApplicationFilterChain.java:185)
	at org.apache.catalina.core.ApplicationFilterChain.doFilter(ApplicationFilterChain.java:158)
	at hit.cs.sciencefms.config.JwtFilter.doFilterInternal(JwtFilter.java:91)
	at org.springframework.web.filter.OncePerRequestFilter.doFilter(OncePerRequestFilter.java:116)
	at org.apache.catalina.core.ApplicationFilterChain.internalDoFilter(ApplicationFilterChain.java:185)
	at org.apache.catalina.core.ApplicationFilterChain.doFilter(ApplicationFilterChain.java:158)
	at org.springframework.web.filter.CharacterEncodingFilter.doFilterInternal(CharacterEncodingFilter.java:201)
	at org.springframework.web.filter.OncePerRequestFilter.doFilter(OncePerRequestFilter.java:116)
	at org.apache.catalina.core.ApplicationFilterChain.internalDoFilter(ApplicationFilterChain.java:185)
	at org.apache.catalina.core.ApplicationFilterChain.doFilter(ApplicationFilterChain.java:158)
	at hit.cs.sciencefms.config.CorsFilter.doFilter(CorsFilter.java:44)
	at org.apache.catalina.core.ApplicationFilterChain.internalDoFilter(ApplicationFilterChain.java:185)
	at org.apache.catalina.core.ApplicationFilterChain.doFilter(ApplicationFilterChain.java:158)
	at org.apache.catalina.core.StandardWrapperValve.invoke(StandardWrapperValve.java:177)
	at org.apache.catalina.core.StandardContextValve.invoke(StandardContextValve.java:97)
	at org.apache.catalina.authenticator.AuthenticatorBase.invoke(AuthenticatorBase.java:542)
	at org.apache.catalina.core.StandardHostValve.invoke(StandardHostValve.java:119)
	at org.apache.catalina.valves.ErrorReportValve.invoke(ErrorReportValve.java:92)
	at org.apache.catalina.core.StandardEngineValve.invoke(StandardEngineValve.java:78)
	at org.apache.catalina.connector.CoyoteAdapter.service(CoyoteAdapter.java:357)
	at org.apache.coyote.http11.Http11Processor.service(Http11Processor.java:400)
	at org.apache.coyote.AbstractProcessorLight.process(AbstractProcessorLight.java:65)
	at org.apache.coyote.AbstractProtocol$ConnectionHandler.process(AbstractProtocol.java:859)
	at org.apache.tomcat.util.net.NioEndpoint$SocketProcessor.doRun(NioEndpoint.java:1734)
	at org.apache.tomcat.util.net.SocketProcessorBase.run(SocketProcessorBase.java:52)
	at org.apache.tomcat.util.threads.ThreadPoolExecutor.runWorker(ThreadPoolExecutor.java:1191)
	at org.apache.tomcat.util.threads.ThreadPoolExecutor$Worker.run(ThreadPoolExecutor.java:659)
	at org.apache.tomcat.util.threads.TaskThread$WrappingRunnable.run(TaskThread.java:61)
	at java.base/java.lang.Thread.run(Thread.java:842)
2025-06-18 09:52:27.481 [SpringApplicationShutdownHook] INFO  com.zaxxer.hikari.HikariDataSource - HikariPool-1 - Shutdown initiated...
2025-06-18 09:52:27.484 [SpringApplicationShutdownHook] INFO  com.zaxxer.hikari.HikariDataSource - HikariPool-1 - Shutdown completed.
2025-06-18 09:52:30.365 [main] INFO  hit.cs.sciencefms.ScienceFmsApplication - Starting ScienceFmsApplication using Java 17.0.10 with PID 10576 (D:\Codes\SchoolProject\Java\SoftwareProjection\scienceSystem\BackEnd\scienceFMS\target\classes started by DELL in D:\Codes\SchoolProject\Java\SoftwareProjection\scienceSystem\BackEnd)
2025-06-18 09:52:30.366 [main] DEBUG hit.cs.sciencefms.ScienceFmsApplication - Running with Spring Boot v3.0.2, Spring v6.0.4
2025-06-18 09:52:30.367 [main] INFO  hit.cs.sciencefms.ScienceFmsApplication - No active profile set, falling back to 1 default profile: "default"
2025-06-18 09:52:31.031 [main] INFO  o.s.boot.web.embedded.tomcat.TomcatWebServer - Tomcat initialized with port(s): 8082 (http)
2025-06-18 09:52:31.038 [main] INFO  org.apache.catalina.core.StandardService - Starting service [Tomcat]
2025-06-18 09:52:31.039 [main] INFO  org.apache.catalina.core.StandardEngine - Starting Servlet engine: [Apache Tomcat/10.1.5]
2025-06-18 09:52:31.093 [main] INFO  o.a.c.core.ContainerBase.[Tomcat].[localhost].[/] - Initializing Spring embedded WebApplicationContext
2025-06-18 09:52:31.094 [main] INFO  o.s.b.w.s.c.ServletWebServerApplicationContext - Root WebApplicationContext: initialization completed in 698 ms
2025-06-18 09:52:31.174 [main] DEBUG hit.cs.sciencefms.config.JwtFilter - Filter 'jwtFilter' configured for use
2025-06-18 09:52:31.182 [main] WARN  o.s.b.w.s.c.AnnotationConfigServletWebServerApplicationContext - Exception encountered during context initialization - cancelling refresh attempt: org.springframework.beans.factory.BeanCreationException: Error creating bean with name 'langChain4jConfig': Injection of autowired dependencies failed
2025-06-18 09:52:31.183 [main] INFO  org.apache.catalina.core.StandardService - Stopping service [Tomcat]
2025-06-18 09:52:31.194 [main] INFO  o.s.b.a.logging.ConditionEvaluationReportLogger - 

Error starting ApplicationContext. To display the condition evaluation report re-run your application with 'debug' enabled.
2025-06-18 09:52:31.206 [main] ERROR org.springframework.boot.SpringApplication - Application run failed
org.springframework.beans.factory.BeanCreationException: Error creating bean with name 'langChain4jConfig': Injection of autowired dependencies failed
	at org.springframework.beans.factory.annotation.AutowiredAnnotationBeanPostProcessor.postProcessProperties(AutowiredAnnotationBeanPostProcessor.java:487)
	at org.springframework.beans.factory.support.AbstractAutowireCapableBeanFactory.populateBean(AbstractAutowireCapableBeanFactory.java:1397)
	at org.springframework.beans.factory.support.AbstractAutowireCapableBeanFactory.doCreateBean(AbstractAutowireCapableBeanFactory.java:598)
	at org.springframework.beans.factory.support.AbstractAutowireCapableBeanFactory.createBean(AbstractAutowireCapableBeanFactory.java:521)
	at org.springframework.beans.factory.support.AbstractBeanFactory.lambda$doGetBean$0(AbstractBeanFactory.java:326)
	at org.springframework.beans.factory.support.DefaultSingletonBeanRegistry.getSingleton(DefaultSingletonBeanRegistry.java:234)
	at org.springframework.beans.factory.support.AbstractBeanFactory.doGetBean(AbstractBeanFactory.java:324)
	at org.springframework.beans.factory.support.AbstractBeanFactory.getBean(AbstractBeanFactory.java:200)
	at org.springframework.beans.factory.support.DefaultListableBeanFactory.preInstantiateSingletons(DefaultListableBeanFactory.java:961)
	at org.springframework.context.support.AbstractApplicationContext.finishBeanFactoryInitialization(AbstractApplicationContext.java:915)
	at org.springframework.context.support.AbstractApplicationContext.refresh(AbstractApplicationContext.java:584)
	at org.springframework.boot.web.servlet.context.ServletWebServerApplicationContext.refresh(ServletWebServerApplicationContext.java:146)
	at org.springframework.boot.SpringApplication.refresh(SpringApplication.java:730)
	at org.springframework.boot.SpringApplication.refreshContext(SpringApplication.java:432)
	at org.springframework.boot.SpringApplication.run(SpringApplication.java:308)
	at org.springframework.boot.SpringApplication.run(SpringApplication.java:1302)
	at org.springframework.boot.SpringApplication.run(SpringApplication.java:1291)
	at hit.cs.sciencefms.ScienceFmsApplication.main(ScienceFmsApplication.java:10)
Caused by: java.lang.IllegalArgumentException: Could not resolve placeholder 'langchain4j.qianfan.chat-model.secret-key' in value "${langchain4j.qianfan.chat-model.secret-key}"
	at org.springframework.util.PropertyPlaceholderHelper.parseStringValue(PropertyPlaceholderHelper.java:180)
	at org.springframework.util.PropertyPlaceholderHelper.replacePlaceholders(PropertyPlaceholderHelper.java:126)
	at org.springframework.core.env.AbstractPropertyResolver.doResolvePlaceholders(AbstractPropertyResolver.java:239)
	at org.springframework.core.env.AbstractPropertyResolver.resolveRequiredPlaceholders(AbstractPropertyResolver.java:210)
	at org.springframework.context.support.PropertySourcesPlaceholderConfigurer.lambda$processProperties$0(PropertySourcesPlaceholderConfigurer.java:191)
	at org.springframework.beans.factory.support.AbstractBeanFactory.resolveEmbeddedValue(AbstractBeanFactory.java:920)
	at org.springframework.beans.factory.support.DefaultListableBeanFactory.doResolveDependency(DefaultListableBeanFactory.java:1346)
	at org.springframework.beans.factory.support.DefaultListableBeanFactory.resolveDependency(DefaultListableBeanFactory.java:1325)
	at org.springframework.beans.factory.annotation.AutowiredAnnotationBeanPostProcessor$AutowiredFieldElement.resolveFieldValue(AutowiredAnnotationBeanPostProcessor.java:709)
	at org.springframework.beans.factory.annotation.AutowiredAnnotationBeanPostProcessor$AutowiredFieldElement.inject(AutowiredAnnotationBeanPostProcessor.java:692)
	at org.springframework.beans.factory.annotation.InjectionMetadata.inject(InjectionMetadata.java:133)
	at org.springframework.beans.factory.annotation.AutowiredAnnotationBeanPostProcessor.postProcessProperties(AutowiredAnnotationBeanPostProcessor.java:481)
	... 17 common frames omitted
2025-06-18 09:55:09.009 [main] INFO  hit.cs.sciencefms.ScienceFmsApplication - Starting ScienceFmsApplication using Java 17.0.10 with PID 31164 (D:\Codes\SchoolProject\Java\SoftwareProjection\scienceSystem\BackEnd\scienceFMS\target\classes started by DELL in D:\Codes\SchoolProject\Java\SoftwareProjection\scienceSystem\BackEnd)
2025-06-18 09:55:09.010 [main] DEBUG hit.cs.sciencefms.ScienceFmsApplication - Running with Spring Boot v3.0.2, Spring v6.0.4
2025-06-18 09:55:09.010 [main] INFO  hit.cs.sciencefms.ScienceFmsApplication - No active profile set, falling back to 1 default profile: "default"
2025-06-18 09:55:09.739 [main] INFO  o.s.boot.web.embedded.tomcat.TomcatWebServer - Tomcat initialized with port(s): 8082 (http)
2025-06-18 09:55:09.746 [main] INFO  org.apache.catalina.core.StandardService - Starting service [Tomcat]
2025-06-18 09:55:09.746 [main] INFO  org.apache.catalina.core.StandardEngine - Starting Servlet engine: [Apache Tomcat/10.1.5]
2025-06-18 09:55:09.824 [main] INFO  o.a.c.core.ContainerBase.[Tomcat].[localhost].[/] - Initializing Spring embedded WebApplicationContext
2025-06-18 09:55:09.824 [main] INFO  o.s.b.w.s.c.ServletWebServerApplicationContext - Root WebApplicationContext: initialization completed in 781 ms
2025-06-18 09:55:09.899 [main] DEBUG hit.cs.sciencefms.config.JwtFilter - Filter 'jwtFilter' configured for use
2025-06-18 09:55:10.188 [main] WARN  o.s.b.w.s.c.AnnotationConfigServletWebServerApplicationContext - Exception encountered during context initialization - cancelling refresh attempt: org.springframework.beans.factory.UnsatisfiedDependencyException: Error creating bean with name 'adminDashboardController' defined in file [D:\Codes\SchoolProject\Java\SoftwareProjection\scienceSystem\BackEnd\scienceFMS\target\classes\hit\cs\sciencefms\controller\AdminDashboardController.class]: Unsatisfied dependency expressed through constructor parameter 1: Error creating bean with name 'researchSummaryServiceImpl': Unsatisfied dependency expressed through field 'chatLanguageModel': Error creating bean with name 'qianfanChatLanguageModel' defined in class path resource [hit/cs/sciencefms/config/LangChain4jConfig.class]: Failed to instantiate [dev.langchain4j.model.chat.ChatLanguageModel]: Factory method 'qianfanChatLanguageModel' threw exception with message:  api key and secret key must be defined. It can be generated here: https://console.bce.baidu.com/qianfan/ais/console/applicationConsole/application
2025-06-18 09:55:10.190 [main] INFO  org.apache.catalina.core.StandardService - Stopping service [Tomcat]
2025-06-18 09:55:10.198 [main] INFO  o.s.b.a.logging.ConditionEvaluationReportLogger - 

Error starting ApplicationContext. To display the condition evaluation report re-run your application with 'debug' enabled.
2025-06-18 09:55:10.209 [main] ERROR org.springframework.boot.SpringApplication - Application run failed
org.springframework.beans.factory.UnsatisfiedDependencyException: Error creating bean with name 'adminDashboardController' defined in file [D:\Codes\SchoolProject\Java\SoftwareProjection\scienceSystem\BackEnd\scienceFMS\target\classes\hit\cs\sciencefms\controller\AdminDashboardController.class]: Unsatisfied dependency expressed through constructor parameter 1: Error creating bean with name 'researchSummaryServiceImpl': Unsatisfied dependency expressed through field 'chatLanguageModel': Error creating bean with name 'qianfanChatLanguageModel' defined in class path resource [hit/cs/sciencefms/config/LangChain4jConfig.class]: Failed to instantiate [dev.langchain4j.model.chat.ChatLanguageModel]: Factory method 'qianfanChatLanguageModel' threw exception with message:  api key and secret key must be defined. It can be generated here: https://console.bce.baidu.com/qianfan/ais/console/applicationConsole/application
	at org.springframework.beans.factory.support.ConstructorResolver.createArgumentArray(ConstructorResolver.java:798)
	at org.springframework.beans.factory.support.ConstructorResolver.autowireConstructor(ConstructorResolver.java:245)
	at org.springframework.beans.factory.support.AbstractAutowireCapableBeanFactory.autowireConstructor(AbstractAutowireCapableBeanFactory.java:1344)
	at org.springframework.beans.factory.support.AbstractAutowireCapableBeanFactory.createBeanInstance(AbstractAutowireCapableBeanFactory.java:1188)
	at org.springframework.beans.factory.support.AbstractAutowireCapableBeanFactory.doCreateBean(AbstractAutowireCapableBeanFactory.java:561)
	at org.springframework.beans.factory.support.AbstractAutowireCapableBeanFactory.createBean(AbstractAutowireCapableBeanFactory.java:521)
	at org.springframework.beans.factory.support.AbstractBeanFactory.lambda$doGetBean$0(AbstractBeanFactory.java:326)
	at org.springframework.beans.factory.support.DefaultSingletonBeanRegistry.getSingleton(DefaultSingletonBeanRegistry.java:234)
	at org.springframework.beans.factory.support.AbstractBeanFactory.doGetBean(AbstractBeanFactory.java:324)
	at org.springframework.beans.factory.support.AbstractBeanFactory.getBean(AbstractBeanFactory.java:200)
	at org.springframework.beans.factory.support.DefaultListableBeanFactory.preInstantiateSingletons(DefaultListableBeanFactory.java:961)
	at org.springframework.context.support.AbstractApplicationContext.finishBeanFactoryInitialization(AbstractApplicationContext.java:915)
	at org.springframework.context.support.AbstractApplicationContext.refresh(AbstractApplicationContext.java:584)
	at org.springframework.boot.web.servlet.context.ServletWebServerApplicationContext.refresh(ServletWebServerApplicationContext.java:146)
	at org.springframework.boot.SpringApplication.refresh(SpringApplication.java:730)
	at org.springframework.boot.SpringApplication.refreshContext(SpringApplication.java:432)
	at org.springframework.boot.SpringApplication.run(SpringApplication.java:308)
	at org.springframework.boot.SpringApplication.run(SpringApplication.java:1302)
	at org.springframework.boot.SpringApplication.run(SpringApplication.java:1291)
	at hit.cs.sciencefms.ScienceFmsApplication.main(ScienceFmsApplication.java:10)
Caused by: org.springframework.beans.factory.UnsatisfiedDependencyException: Error creating bean with name 'researchSummaryServiceImpl': Unsatisfied dependency expressed through field 'chatLanguageModel': Error creating bean with name 'qianfanChatLanguageModel' defined in class path resource [hit/cs/sciencefms/config/LangChain4jConfig.class]: Failed to instantiate [dev.langchain4j.model.chat.ChatLanguageModel]: Factory method 'qianfanChatLanguageModel' threw exception with message:  api key and secret key must be defined. It can be generated here: https://console.bce.baidu.com/qianfan/ais/console/applicationConsole/application
	at org.springframework.beans.factory.annotation.AutowiredAnnotationBeanPostProcessor$AutowiredFieldElement.resolveFieldValue(AutowiredAnnotationBeanPostProcessor.java:712)
	at org.springframework.beans.factory.annotation.AutowiredAnnotationBeanPostProcessor$AutowiredFieldElement.inject(AutowiredAnnotationBeanPostProcessor.java:692)
	at org.springframework.beans.factory.annotation.InjectionMetadata.inject(InjectionMetadata.java:133)
	at org.springframework.beans.factory.annotation.AutowiredAnnotationBeanPostProcessor.postProcessProperties(AutowiredAnnotationBeanPostProcessor.java:481)
	at org.springframework.beans.factory.support.AbstractAutowireCapableBeanFactory.populateBean(AbstractAutowireCapableBeanFactory.java:1397)
	at org.springframework.beans.factory.support.AbstractAutowireCapableBeanFactory.doCreateBean(AbstractAutowireCapableBeanFactory.java:598)
	at org.springframework.beans.factory.support.AbstractAutowireCapableBeanFactory.createBean(AbstractAutowireCapableBeanFactory.java:521)
	at org.springframework.beans.factory.support.AbstractBeanFactory.lambda$doGetBean$0(AbstractBeanFactory.java:326)
	at org.springframework.beans.factory.support.DefaultSingletonBeanRegistry.getSingleton(DefaultSingletonBeanRegistry.java:234)
	at org.springframework.beans.factory.support.AbstractBeanFactory.doGetBean(AbstractBeanFactory.java:324)
	at org.springframework.beans.factory.support.AbstractBeanFactory.getBean(AbstractBeanFactory.java:200)
	at org.springframework.beans.factory.config.DependencyDescriptor.resolveCandidate(DependencyDescriptor.java:254)
	at org.springframework.beans.factory.support.DefaultListableBeanFactory.doResolveDependency(DefaultListableBeanFactory.java:1405)
	at org.springframework.beans.factory.support.DefaultListableBeanFactory.resolveDependency(DefaultListableBeanFactory.java:1325)
	at org.springframework.beans.factory.support.ConstructorResolver.resolveAutowiredArgument(ConstructorResolver.java:885)
	at org.springframework.beans.factory.support.ConstructorResolver.createArgumentArray(ConstructorResolver.java:789)
	... 19 common frames omitted
Caused by: org.springframework.beans.factory.BeanCreationException: Error creating bean with name 'qianfanChatLanguageModel' defined in class path resource [hit/cs/sciencefms/config/LangChain4jConfig.class]: Failed to instantiate [dev.langchain4j.model.chat.ChatLanguageModel]: Factory method 'qianfanChatLanguageModel' threw exception with message:  api key and secret key must be defined. It can be generated here: https://console.bce.baidu.com/qianfan/ais/console/applicationConsole/application
	at org.springframework.beans.factory.support.ConstructorResolver.instantiate(ConstructorResolver.java:657)
	at org.springframework.beans.factory.support.ConstructorResolver.instantiateUsingFactoryMethod(ConstructorResolver.java:491)
	at org.springframework.beans.factory.support.AbstractAutowireCapableBeanFactory.instantiateUsingFactoryMethod(AbstractAutowireCapableBeanFactory.java:1324)
	at org.springframework.beans.factory.support.AbstractAutowireCapableBeanFactory.createBeanInstance(AbstractAutowireCapableBeanFactory.java:1161)
	at org.springframework.beans.factory.support.AbstractAutowireCapableBeanFactory.doCreateBean(AbstractAutowireCapableBeanFactory.java:561)
	at org.springframework.beans.factory.support.AbstractAutowireCapableBeanFactory.createBean(AbstractAutowireCapableBeanFactory.java:521)
	at org.springframework.beans.factory.support.AbstractBeanFactory.lambda$doGetBean$0(AbstractBeanFactory.java:326)
	at org.springframework.beans.factory.support.DefaultSingletonBeanRegistry.getSingleton(DefaultSingletonBeanRegistry.java:234)
	at org.springframework.beans.factory.support.AbstractBeanFactory.doGetBean(AbstractBeanFactory.java:324)
	at org.springframework.beans.factory.support.AbstractBeanFactory.getBean(AbstractBeanFactory.java:200)
	at org.springframework.beans.factory.config.DependencyDescriptor.resolveCandidate(DependencyDescriptor.java:254)
	at org.springframework.beans.factory.support.DefaultListableBeanFactory.doResolveDependency(DefaultListableBeanFactory.java:1405)
	at org.springframework.beans.factory.support.DefaultListableBeanFactory.resolveDependency(DefaultListableBeanFactory.java:1325)
	at org.springframework.beans.factory.annotation.AutowiredAnnotationBeanPostProcessor$AutowiredFieldElement.resolveFieldValue(AutowiredAnnotationBeanPostProcessor.java:709)
	... 34 common frames omitted
Caused by: org.springframework.beans.BeanInstantiationException: Failed to instantiate [dev.langchain4j.model.chat.ChatLanguageModel]: Factory method 'qianfanChatLanguageModel' threw exception with message:  api key and secret key must be defined. It can be generated here: https://console.bce.baidu.com/qianfan/ais/console/applicationConsole/application
	at org.springframework.beans.factory.support.SimpleInstantiationStrategy.instantiate(SimpleInstantiationStrategy.java:171)
	at org.springframework.beans.factory.support.ConstructorResolver.instantiate(ConstructorResolver.java:653)
	... 47 common frames omitted
Caused by: java.lang.IllegalArgumentException:  api key and secret key must be defined. It can be generated here: https://console.bce.baidu.com/qianfan/ais/console/applicationConsole/application
	at dev.langchain4j.model.qianfan.QianfanChatModel.<init>(QianfanChatModel.java:60)
	at dev.langchain4j.model.qianfan.QianfanChatModel$QianfanChatModelBuilder.build(QianfanChatModel.java:45)
	at hit.cs.sciencefms.config.LangChain4jConfig.qianfanChatLanguageModel(LangChain4jConfig.java:38)
	at hit.cs.sciencefms.config.LangChain4jConfig$$SpringCGLIB$$0.CGLIB$qianfanChatLanguageModel$0(<generated>)
	at hit.cs.sciencefms.config.LangChain4jConfig$$SpringCGLIB$$2.invoke(<generated>)
	at org.springframework.cglib.proxy.MethodProxy.invokeSuper(MethodProxy.java:258)
	at org.springframework.context.annotation.ConfigurationClassEnhancer$BeanMethodInterceptor.intercept(ConfigurationClassEnhancer.java:331)
	at hit.cs.sciencefms.config.LangChain4jConfig$$SpringCGLIB$$0.qianfanChatLanguageModel(<generated>)
	at java.base/jdk.internal.reflect.NativeMethodAccessorImpl.invoke0(Native Method)
	at java.base/jdk.internal.reflect.NativeMethodAccessorImpl.invoke(NativeMethodAccessorImpl.java:77)
	at java.base/jdk.internal.reflect.DelegatingMethodAccessorImpl.invoke(DelegatingMethodAccessorImpl.java:43)
	at java.base/java.lang.reflect.Method.invoke(Method.java:568)
	at org.springframework.beans.factory.support.SimpleInstantiationStrategy.instantiate(SimpleInstantiationStrategy.java:139)
	... 48 common frames omitted
2025-06-18 09:56:42.985 [main] INFO  hit.cs.sciencefms.ScienceFmsApplication - Starting ScienceFmsApplication using Java 17.0.10 with PID 30644 (D:\Codes\SchoolProject\Java\SoftwareProjection\scienceSystem\BackEnd\scienceFMS\target\classes started by DELL in D:\Codes\SchoolProject\Java\SoftwareProjection\scienceSystem\BackEnd)
2025-06-18 09:56:42.986 [main] DEBUG hit.cs.sciencefms.ScienceFmsApplication - Running with Spring Boot v3.0.2, Spring v6.0.4
2025-06-18 09:56:42.987 [main] INFO  hit.cs.sciencefms.ScienceFmsApplication - No active profile set, falling back to 1 default profile: "default"
2025-06-18 09:56:43.652 [main] INFO  o.s.boot.web.embedded.tomcat.TomcatWebServer - Tomcat initialized with port(s): 8082 (http)
2025-06-18 09:56:43.660 [main] INFO  org.apache.catalina.core.StandardService - Starting service [Tomcat]
2025-06-18 09:56:43.660 [main] INFO  org.apache.catalina.core.StandardEngine - Starting Servlet engine: [Apache Tomcat/10.1.5]
2025-06-18 09:56:43.711 [main] INFO  o.a.c.core.ContainerBase.[Tomcat].[localhost].[/] - Initializing Spring embedded WebApplicationContext
2025-06-18 09:56:43.712 [main] INFO  o.s.b.w.s.c.ServletWebServerApplicationContext - Root WebApplicationContext: initialization completed in 699 ms
2025-06-18 09:56:43.784 [main] DEBUG hit.cs.sciencefms.config.JwtFilter - Filter 'jwtFilter' configured for use
2025-06-18 09:56:44.052 [main] WARN  o.s.b.w.s.c.AnnotationConfigServletWebServerApplicationContext - Exception encountered during context initialization - cancelling refresh attempt: org.springframework.beans.factory.UnsatisfiedDependencyException: Error creating bean with name 'adminDashboardController' defined in file [D:\Codes\SchoolProject\Java\SoftwareProjection\scienceSystem\BackEnd\scienceFMS\target\classes\hit\cs\sciencefms\controller\AdminDashboardController.class]: Unsatisfied dependency expressed through constructor parameter 1: Error creating bean with name 'researchSummaryServiceImpl': Unsatisfied dependency expressed through field 'chatLanguageModel': Error creating bean with name 'qianfanChatLanguageModel' defined in class path resource [hit/cs/sciencefms/config/LangChain4jConfig.class]: Failed to instantiate [dev.langchain4j.model.chat.ChatLanguageModel]: Factory method 'qianfanChatLanguageModel' threw exception with message:  api key and secret key must be defined. It can be generated here: https://console.bce.baidu.com/qianfan/ais/console/applicationConsole/application
2025-06-18 09:56:44.055 [main] INFO  org.apache.catalina.core.StandardService - Stopping service [Tomcat]
2025-06-18 09:56:44.062 [main] INFO  o.s.b.a.logging.ConditionEvaluationReportLogger - 

Error starting ApplicationContext. To display the condition evaluation report re-run your application with 'debug' enabled.
2025-06-18 09:56:44.071 [main] ERROR org.springframework.boot.SpringApplication - Application run failed
org.springframework.beans.factory.UnsatisfiedDependencyException: Error creating bean with name 'adminDashboardController' defined in file [D:\Codes\SchoolProject\Java\SoftwareProjection\scienceSystem\BackEnd\scienceFMS\target\classes\hit\cs\sciencefms\controller\AdminDashboardController.class]: Unsatisfied dependency expressed through constructor parameter 1: Error creating bean with name 'researchSummaryServiceImpl': Unsatisfied dependency expressed through field 'chatLanguageModel': Error creating bean with name 'qianfanChatLanguageModel' defined in class path resource [hit/cs/sciencefms/config/LangChain4jConfig.class]: Failed to instantiate [dev.langchain4j.model.chat.ChatLanguageModel]: Factory method 'qianfanChatLanguageModel' threw exception with message:  api key and secret key must be defined. It can be generated here: https://console.bce.baidu.com/qianfan/ais/console/applicationConsole/application
	at org.springframework.beans.factory.support.ConstructorResolver.createArgumentArray(ConstructorResolver.java:798)
	at org.springframework.beans.factory.support.ConstructorResolver.autowireConstructor(ConstructorResolver.java:245)
	at org.springframework.beans.factory.support.AbstractAutowireCapableBeanFactory.autowireConstructor(AbstractAutowireCapableBeanFactory.java:1344)
	at org.springframework.beans.factory.support.AbstractAutowireCapableBeanFactory.createBeanInstance(AbstractAutowireCapableBeanFactory.java:1188)
	at org.springframework.beans.factory.support.AbstractAutowireCapableBeanFactory.doCreateBean(AbstractAutowireCapableBeanFactory.java:561)
	at org.springframework.beans.factory.support.AbstractAutowireCapableBeanFactory.createBean(AbstractAutowireCapableBeanFactory.java:521)
	at org.springframework.beans.factory.support.AbstractBeanFactory.lambda$doGetBean$0(AbstractBeanFactory.java:326)
	at org.springframework.beans.factory.support.DefaultSingletonBeanRegistry.getSingleton(DefaultSingletonBeanRegistry.java:234)
	at org.springframework.beans.factory.support.AbstractBeanFactory.doGetBean(AbstractBeanFactory.java:324)
	at org.springframework.beans.factory.support.AbstractBeanFactory.getBean(AbstractBeanFactory.java:200)
	at org.springframework.beans.factory.support.DefaultListableBeanFactory.preInstantiateSingletons(DefaultListableBeanFactory.java:961)
	at org.springframework.context.support.AbstractApplicationContext.finishBeanFactoryInitialization(AbstractApplicationContext.java:915)
	at org.springframework.context.support.AbstractApplicationContext.refresh(AbstractApplicationContext.java:584)
	at org.springframework.boot.web.servlet.context.ServletWebServerApplicationContext.refresh(ServletWebServerApplicationContext.java:146)
	at org.springframework.boot.SpringApplication.refresh(SpringApplication.java:730)
	at org.springframework.boot.SpringApplication.refreshContext(SpringApplication.java:432)
	at org.springframework.boot.SpringApplication.run(SpringApplication.java:308)
	at org.springframework.boot.SpringApplication.run(SpringApplication.java:1302)
	at org.springframework.boot.SpringApplication.run(SpringApplication.java:1291)
	at hit.cs.sciencefms.ScienceFmsApplication.main(ScienceFmsApplication.java:10)
Caused by: org.springframework.beans.factory.UnsatisfiedDependencyException: Error creating bean with name 'researchSummaryServiceImpl': Unsatisfied dependency expressed through field 'chatLanguageModel': Error creating bean with name 'qianfanChatLanguageModel' defined in class path resource [hit/cs/sciencefms/config/LangChain4jConfig.class]: Failed to instantiate [dev.langchain4j.model.chat.ChatLanguageModel]: Factory method 'qianfanChatLanguageModel' threw exception with message:  api key and secret key must be defined. It can be generated here: https://console.bce.baidu.com/qianfan/ais/console/applicationConsole/application
	at org.springframework.beans.factory.annotation.AutowiredAnnotationBeanPostProcessor$AutowiredFieldElement.resolveFieldValue(AutowiredAnnotationBeanPostProcessor.java:712)
	at org.springframework.beans.factory.annotation.AutowiredAnnotationBeanPostProcessor$AutowiredFieldElement.inject(AutowiredAnnotationBeanPostProcessor.java:692)
	at org.springframework.beans.factory.annotation.InjectionMetadata.inject(InjectionMetadata.java:133)
	at org.springframework.beans.factory.annotation.AutowiredAnnotationBeanPostProcessor.postProcessProperties(AutowiredAnnotationBeanPostProcessor.java:481)
	at org.springframework.beans.factory.support.AbstractAutowireCapableBeanFactory.populateBean(AbstractAutowireCapableBeanFactory.java:1397)
	at org.springframework.beans.factory.support.AbstractAutowireCapableBeanFactory.doCreateBean(AbstractAutowireCapableBeanFactory.java:598)
	at org.springframework.beans.factory.support.AbstractAutowireCapableBeanFactory.createBean(AbstractAutowireCapableBeanFactory.java:521)
	at org.springframework.beans.factory.support.AbstractBeanFactory.lambda$doGetBean$0(AbstractBeanFactory.java:326)
	at org.springframework.beans.factory.support.DefaultSingletonBeanRegistry.getSingleton(DefaultSingletonBeanRegistry.java:234)
	at org.springframework.beans.factory.support.AbstractBeanFactory.doGetBean(AbstractBeanFactory.java:324)
	at org.springframework.beans.factory.support.AbstractBeanFactory.getBean(AbstractBeanFactory.java:200)
	at org.springframework.beans.factory.config.DependencyDescriptor.resolveCandidate(DependencyDescriptor.java:254)
	at org.springframework.beans.factory.support.DefaultListableBeanFactory.doResolveDependency(DefaultListableBeanFactory.java:1405)
	at org.springframework.beans.factory.support.DefaultListableBeanFactory.resolveDependency(DefaultListableBeanFactory.java:1325)
	at org.springframework.beans.factory.support.ConstructorResolver.resolveAutowiredArgument(ConstructorResolver.java:885)
	at org.springframework.beans.factory.support.ConstructorResolver.createArgumentArray(ConstructorResolver.java:789)
	... 19 common frames omitted
Caused by: org.springframework.beans.factory.BeanCreationException: Error creating bean with name 'qianfanChatLanguageModel' defined in class path resource [hit/cs/sciencefms/config/LangChain4jConfig.class]: Failed to instantiate [dev.langchain4j.model.chat.ChatLanguageModel]: Factory method 'qianfanChatLanguageModel' threw exception with message:  api key and secret key must be defined. It can be generated here: https://console.bce.baidu.com/qianfan/ais/console/applicationConsole/application
	at org.springframework.beans.factory.support.ConstructorResolver.instantiate(ConstructorResolver.java:657)
	at org.springframework.beans.factory.support.ConstructorResolver.instantiateUsingFactoryMethod(ConstructorResolver.java:491)
	at org.springframework.beans.factory.support.AbstractAutowireCapableBeanFactory.instantiateUsingFactoryMethod(AbstractAutowireCapableBeanFactory.java:1324)
	at org.springframework.beans.factory.support.AbstractAutowireCapableBeanFactory.createBeanInstance(AbstractAutowireCapableBeanFactory.java:1161)
	at org.springframework.beans.factory.support.AbstractAutowireCapableBeanFactory.doCreateBean(AbstractAutowireCapableBeanFactory.java:561)
	at org.springframework.beans.factory.support.AbstractAutowireCapableBeanFactory.createBean(AbstractAutowireCapableBeanFactory.java:521)
	at org.springframework.beans.factory.support.AbstractBeanFactory.lambda$doGetBean$0(AbstractBeanFactory.java:326)
	at org.springframework.beans.factory.support.DefaultSingletonBeanRegistry.getSingleton(DefaultSingletonBeanRegistry.java:234)
	at org.springframework.beans.factory.support.AbstractBeanFactory.doGetBean(AbstractBeanFactory.java:324)
	at org.springframework.beans.factory.support.AbstractBeanFactory.getBean(AbstractBeanFactory.java:200)
	at org.springframework.beans.factory.config.DependencyDescriptor.resolveCandidate(DependencyDescriptor.java:254)
	at org.springframework.beans.factory.support.DefaultListableBeanFactory.doResolveDependency(DefaultListableBeanFactory.java:1405)
	at org.springframework.beans.factory.support.DefaultListableBeanFactory.resolveDependency(DefaultListableBeanFactory.java:1325)
	at org.springframework.beans.factory.annotation.AutowiredAnnotationBeanPostProcessor$AutowiredFieldElement.resolveFieldValue(AutowiredAnnotationBeanPostProcessor.java:709)
	... 34 common frames omitted
Caused by: org.springframework.beans.BeanInstantiationException: Failed to instantiate [dev.langchain4j.model.chat.ChatLanguageModel]: Factory method 'qianfanChatLanguageModel' threw exception with message:  api key and secret key must be defined. It can be generated here: https://console.bce.baidu.com/qianfan/ais/console/applicationConsole/application
	at org.springframework.beans.factory.support.SimpleInstantiationStrategy.instantiate(SimpleInstantiationStrategy.java:171)
	at org.springframework.beans.factory.support.ConstructorResolver.instantiate(ConstructorResolver.java:653)
	... 47 common frames omitted
Caused by: java.lang.IllegalArgumentException:  api key and secret key must be defined. It can be generated here: https://console.bce.baidu.com/qianfan/ais/console/applicationConsole/application
	at dev.langchain4j.model.qianfan.QianfanChatModel.<init>(QianfanChatModel.java:60)
	at dev.langchain4j.model.qianfan.QianfanChatModel$QianfanChatModelBuilder.build(QianfanChatModel.java:45)
	at hit.cs.sciencefms.config.LangChain4jConfig.qianfanChatLanguageModel(LangChain4jConfig.java:43)
	at hit.cs.sciencefms.config.LangChain4jConfig$$SpringCGLIB$$0.CGLIB$qianfanChatLanguageModel$0(<generated>)
	at hit.cs.sciencefms.config.LangChain4jConfig$$SpringCGLIB$$2.invoke(<generated>)
	at org.springframework.cglib.proxy.MethodProxy.invokeSuper(MethodProxy.java:258)
	at org.springframework.context.annotation.ConfigurationClassEnhancer$BeanMethodInterceptor.intercept(ConfigurationClassEnhancer.java:331)
	at hit.cs.sciencefms.config.LangChain4jConfig$$SpringCGLIB$$0.qianfanChatLanguageModel(<generated>)
	at java.base/jdk.internal.reflect.NativeMethodAccessorImpl.invoke0(Native Method)
	at java.base/jdk.internal.reflect.NativeMethodAccessorImpl.invoke(NativeMethodAccessorImpl.java:77)
	at java.base/jdk.internal.reflect.DelegatingMethodAccessorImpl.invoke(DelegatingMethodAccessorImpl.java:43)
	at java.base/java.lang.reflect.Method.invoke(Method.java:568)
	at org.springframework.beans.factory.support.SimpleInstantiationStrategy.instantiate(SimpleInstantiationStrategy.java:139)
	... 48 common frames omitted
2025-06-18 10:02:52.427 [main] INFO  hit.cs.sciencefms.ScienceFmsApplication - Starting ScienceFmsApplication using Java 17.0.10 with PID 28612 (D:\Codes\SchoolProject\Java\SoftwareProjection\scienceSystem\BackEnd\scienceFMS\target\classes started by DELL in D:\Codes\SchoolProject\Java\SoftwareProjection\scienceSystem\BackEnd)
2025-06-18 10:02:52.428 [main] DEBUG hit.cs.sciencefms.ScienceFmsApplication - Running with Spring Boot v3.0.2, Spring v6.0.4
2025-06-18 10:02:52.429 [main] INFO  hit.cs.sciencefms.ScienceFmsApplication - No active profile set, falling back to 1 default profile: "default"
2025-06-18 10:02:53.241 [main] INFO  o.s.boot.web.embedded.tomcat.TomcatWebServer - Tomcat initialized with port(s): 8082 (http)
2025-06-18 10:02:53.248 [main] INFO  org.apache.catalina.core.StandardService - Starting service [Tomcat]
2025-06-18 10:02:53.248 [main] INFO  org.apache.catalina.core.StandardEngine - Starting Servlet engine: [Apache Tomcat/10.1.5]
2025-06-18 10:02:53.315 [main] INFO  o.a.c.core.ContainerBase.[Tomcat].[localhost].[/] - Initializing Spring embedded WebApplicationContext
2025-06-18 10:02:53.316 [main] INFO  o.s.b.w.s.c.ServletWebServerApplicationContext - Root WebApplicationContext: initialization completed in 859 ms
2025-06-18 10:02:53.388 [main] DEBUG hit.cs.sciencefms.config.JwtFilter - Filter 'jwtFilter' configured for use
2025-06-18 10:02:54.013 [main] INFO  o.s.b.a.web.servlet.WelcomePageHandlerMapping - Adding welcome page: class path resource [static/index.html]
2025-06-18 10:02:54.163 [main] INFO  o.s.boot.web.embedded.tomcat.TomcatWebServer - Tomcat started on port(s): 8082 (http) with context path ''
2025-06-18 10:02:54.168 [main] INFO  hit.cs.sciencefms.ScienceFmsApplication - Started ScienceFmsApplication in 2.069 seconds (process running for 2.417)
2025-06-18 10:02:58.791 [http-nio-8082-exec-1] INFO  o.a.c.core.ContainerBase.[Tomcat].[localhost].[/] - Initializing Spring DispatcherServlet 'dispatcherServlet'
2025-06-18 10:02:58.792 [http-nio-8082-exec-1] INFO  org.springframework.web.servlet.DispatcherServlet - Initializing Servlet 'dispatcherServlet'
2025-06-18 10:02:58.792 [http-nio-8082-exec-1] INFO  org.springframework.web.servlet.DispatcherServlet - Completed initialization in 0 ms
2025-06-18 10:02:58.831 [http-nio-8082-exec-1] ERROR hit.cs.sciencefms.util.JwtUtil - JWT验证失败: JWT signature does not match locally computed signature. JWT validity cannot be asserted and should not be trusted.
2025-06-18 10:03:04.172 [http-nio-8082-exec-3] INFO  hit.cs.sciencefms.service.impl.UserServiceImpl - 用户登录: admin1
2025-06-18 10:03:04.205 [http-nio-8082-exec-3] WARN  c.b.m.core.toolkit.support.ReflectLambdaMeta - Unable to make field private final java.lang.Class java.lang.invoke.SerializedLambda.capturingClass accessible: module java.base does not "opens java.lang.invoke" to unnamed module @75d4a5c2
2025-06-18 10:03:04.214 [http-nio-8082-exec-3] INFO  com.zaxxer.hikari.HikariDataSource - HikariPool-1 - Starting...
2025-06-18 10:03:04.574 [http-nio-8082-exec-3] INFO  com.zaxxer.hikari.pool.HikariPool - HikariPool-1 - Added connection org.postgresql.jdbc.PgConnection@6cfe94cb
2025-06-18 10:03:04.577 [http-nio-8082-exec-3] INFO  com.zaxxer.hikari.HikariDataSource - HikariPool-1 - Start completed.
2025-06-18 10:03:04.581 [http-nio-8082-exec-3] DEBUG hit.cs.sciencefms.mapper.UserMapper.selectList - ==>  Preparing: SELECT id,username,password,role,real_name,email,phone,status,login_fail_count,create_time,update_time FROM t_user WHERE (username = ?)
2025-06-18 10:03:04.589 [http-nio-8082-exec-3] DEBUG hit.cs.sciencefms.mapper.UserMapper.selectList - ==> Parameters: admin1(String)
2025-06-18 10:03:04.643 [http-nio-8082-exec-3] DEBUG hit.cs.sciencefms.mapper.UserMapper.selectList - <==      Total: 1
2025-06-18 10:03:04.648 [http-nio-8082-exec-3] DEBUG h.c.s.mapper.UserMapper.resetLoginFailCount - ==>  Preparing: UPDATE t_user SET login_fail_count = 0 WHERE username = ?
2025-06-18 10:03:04.649 [http-nio-8082-exec-3] DEBUG h.c.s.mapper.UserMapper.resetLoginFailCount - ==> Parameters: admin1(String)
2025-06-18 10:03:04.690 [http-nio-8082-exec-3] DEBUG h.c.s.mapper.UserMapper.resetLoginFailCount - <==    Updates: 1
2025-06-18 10:03:04.703 [http-nio-8082-exec-3] INFO  hit.cs.sciencefms.service.impl.UserServiceImpl - JWT token: eyJhbGciOiJIUzUxMiJ9.eyJyb2xlIjoiYWRtaW4iLCJ1c2VySWQiOjEsInVzZXJuYW1lIjoiYWRtaW4xIiwiaWF0IjoxNzUwMjEyMTg0LCJleHAiOjE3NTAyOTg1ODR9.1TQ2EXYse1aLtOF-GPXtGmicKjZCb9We6GZAQTgUnYba5ySjrFaM4UKomwQRqoprFDFMmdlifhMdBOMyV8-f5Q
2025-06-18 10:03:04.731 [http-nio-8082-exec-2] INFO  hit.cs.sciencefms.util.JwtUtil - JWT验证成功
2025-06-18 10:03:04.737 [http-nio-8082-exec-2] DEBUG hit.cs.sciencefms.mapper.UserMapper.selectCount - ==>  Preparing: SELECT COUNT( * ) AS total FROM t_user
2025-06-18 10:03:04.737 [http-nio-8082-exec-2] DEBUG hit.cs.sciencefms.mapper.UserMapper.selectCount - ==> Parameters: 
2025-06-18 10:03:04.772 [http-nio-8082-exec-2] DEBUG hit.cs.sciencefms.mapper.UserMapper.selectCount - <==      Total: 1
2025-06-18 10:03:04.774 [http-nio-8082-exec-2] DEBUG h.c.s.m.IntellectualPropertyMapper.selectCount - ==>  Preparing: SELECT COUNT( * ) AS total FROM t_intellectual_property WHERE is_deleted=0
2025-06-18 10:03:04.774 [http-nio-8082-exec-2] DEBUG h.c.s.m.IntellectualPropertyMapper.selectCount - ==> Parameters: 
2025-06-18 10:03:04.810 [http-nio-8082-exec-2] DEBUG h.c.s.m.IntellectualPropertyMapper.selectCount - <==      Total: 1
2025-06-18 10:03:04.811 [http-nio-8082-exec-2] DEBUG hit.cs.sciencefms.mapper.AwardMapper.selectCount - ==>  Preparing: SELECT COUNT( * ) AS total FROM t_award WHERE is_deleted=0
2025-06-18 10:03:04.811 [http-nio-8082-exec-2] DEBUG hit.cs.sciencefms.mapper.AwardMapper.selectCount - ==> Parameters: 
2025-06-18 10:03:04.851 [http-nio-8082-exec-2] DEBUG hit.cs.sciencefms.mapper.AwardMapper.selectCount - <==      Total: 1
2025-06-18 10:03:04.852 [http-nio-8082-exec-2] DEBUG h.c.s.mapper.ResearchProjectMapper.selectCount - ==>  Preparing: SELECT COUNT( * ) AS total FROM t_research_project WHERE is_deleted=0
2025-06-18 10:03:04.852 [http-nio-8082-exec-2] DEBUG h.c.s.mapper.ResearchProjectMapper.selectCount - ==> Parameters: 
2025-06-18 10:03:04.890 [http-nio-8082-exec-2] DEBUG h.c.s.mapper.ResearchProjectMapper.selectCount - <==      Total: 1
2025-06-18 10:03:04.890 [http-nio-8082-exec-2] DEBUG h.c.s.mapper.VisitRecordMapper.selectCount - ==>  Preparing: SELECT COUNT( * ) AS total FROM t_visit_record WHERE is_deleted=0
2025-06-18 10:03:04.890 [http-nio-8082-exec-2] DEBUG h.c.s.mapper.VisitRecordMapper.selectCount - ==> Parameters: 
2025-06-18 10:03:04.928 [http-nio-8082-exec-2] DEBUG h.c.s.mapper.VisitRecordMapper.selectCount - <==      Total: 1
2025-06-18 10:03:06.615 [http-nio-8082-exec-4] INFO  hit.cs.sciencefms.util.JwtUtil - JWT验证成功
2025-06-18 10:03:06.617 [http-nio-8082-exec-4] WARN  o.s.core.LocalVariableTableParameterNameDiscoverer - Using deprecated '-debug' fallback for parameter name resolution. Compile the affected code with '-parameters' instead or avoid its introspection: hit.cs.sciencefms.controller.AdminDashboardController
2025-06-18 10:03:06.661 [http-nio-8082-exec-4] DEBUG hit.cs.sciencefms.mapper.TeacherMapper.selectList - ==>  Preparing: SELECT id,username,real_name,gender,birth_date,title,department,position,research_area,email,phone,office_location,avatar_url,create_time,update_time,is_deleted FROM t_teacher WHERE is_deleted=0
2025-06-18 10:03:06.662 [http-nio-8082-exec-4] DEBUG hit.cs.sciencefms.mapper.TeacherMapper.selectList - ==> Parameters: 
2025-06-18 10:03:06.732 [http-nio-8082-exec-4] DEBUG hit.cs.sciencefms.mapper.TeacherMapper.selectList - <==      Total: 10
2025-06-18 10:03:06.733 [http-nio-8082-exec-4] DEBUG h.c.s.mapper.ResearchProjectMapper.findByTimeRange - ==>  Preparing: SELECT * FROM t_research_project WHERE EXTRACT(YEAR FROM start_date) >= ? AND EXTRACT(YEAR FROM end_date) <= ? AND is_deleted = 0 ORDER BY start_date DESC
2025-06-18 10:03:06.734 [http-nio-8082-exec-4] DEBUG h.c.s.mapper.ResearchProjectMapper.findByTimeRange - ==> Parameters: 2020(Integer), 2025(Integer)
2025-06-18 10:03:06.779 [http-nio-8082-exec-4] DEBUG h.c.s.mapper.ResearchProjectMapper.findByTimeRange - <==      Total: 25
2025-06-18 10:03:06.781 [http-nio-8082-exec-4] DEBUG h.c.s.m.IntellectualPropertyMapper.findByTimeRange - ==>  Preparing: SELECT * FROM t_intellectual_property WHERE EXTRACT(YEAR FROM auth_date) >= ? AND EXTRACT(YEAR FROM auth_date) <= ? AND is_deleted = 0 ORDER BY auth_date DESC
2025-06-18 10:03:06.781 [http-nio-8082-exec-4] DEBUG h.c.s.m.IntellectualPropertyMapper.findByTimeRange - ==> Parameters: 2020(Integer), 2025(Integer)
2025-06-18 10:03:06.826 [http-nio-8082-exec-4] DEBUG h.c.s.m.IntellectualPropertyMapper.findByTimeRange - <==      Total: 10
2025-06-18 10:03:06.827 [http-nio-8082-exec-4] DEBUG h.cs.sciencefms.mapper.AwardMapper.findByTimeRange - ==>  Preparing: SELECT * FROM t_award WHERE EXTRACT(YEAR FROM award_date) >= ? AND EXTRACT(YEAR FROM award_date) <= ? AND is_deleted = 0 ORDER BY award_date DESC
2025-06-18 10:03:06.828 [http-nio-8082-exec-4] DEBUG h.cs.sciencefms.mapper.AwardMapper.findByTimeRange - ==> Parameters: 2020(Integer), 2025(Integer)
2025-06-18 10:03:06.867 [http-nio-8082-exec-4] DEBUG h.cs.sciencefms.mapper.AwardMapper.findByTimeRange - <==      Total: 14
2025-06-18 10:03:06.868 [http-nio-8082-exec-4] DEBUG h.c.s.mapper.VisitRecordMapper.findByTimeRange - ==>  Preparing: SELECT * FROM t_visit_record WHERE EXTRACT(YEAR FROM start_date) >= ? AND EXTRACT(YEAR FROM end_date) <= ? AND is_deleted = 0 ORDER BY start_date DESC
2025-06-18 10:03:06.868 [http-nio-8082-exec-4] DEBUG h.c.s.mapper.VisitRecordMapper.findByTimeRange - ==> Parameters: 2020(Integer), 2025(Integer)
2025-06-18 10:03:06.910 [http-nio-8082-exec-4] DEBUG h.c.s.mapper.VisitRecordMapper.findByTimeRange - <==      Total: 16
2025-06-18 10:03:06.912 [http-nio-8082-exec-4] DEBUG hit.cs.sciencefms.mapper.TeacherMapper.selectById - ==>  Preparing: SELECT id,username,real_name,gender,birth_date,title,department,position,research_area,email,phone,office_location,avatar_url,create_time,update_time,is_deleted FROM t_teacher WHERE id=? AND is_deleted=0
2025-06-18 10:03:06.913 [http-nio-8082-exec-4] DEBUG hit.cs.sciencefms.mapper.TeacherMapper.selectById - ==> Parameters: 1(Long)
2025-06-18 10:03:06.950 [http-nio-8082-exec-4] DEBUG hit.cs.sciencefms.mapper.TeacherMapper.selectById - <==      Total: 1
2025-06-18 10:03:06.951 [http-nio-8082-exec-4] DEBUG hit.cs.sciencefms.mapper.TeacherMapper.selectById - ==>  Preparing: SELECT id,username,real_name,gender,birth_date,title,department,position,research_area,email,phone,office_location,avatar_url,create_time,update_time,is_deleted FROM t_teacher WHERE id=? AND is_deleted=0
2025-06-18 10:03:06.951 [http-nio-8082-exec-4] DEBUG hit.cs.sciencefms.mapper.TeacherMapper.selectById - ==> Parameters: 1(Long)
2025-06-18 10:03:06.992 [http-nio-8082-exec-4] DEBUG hit.cs.sciencefms.mapper.TeacherMapper.selectById - <==      Total: 1
2025-06-18 10:03:06.994 [http-nio-8082-exec-4] DEBUG hit.cs.sciencefms.mapper.TeacherMapper.selectById - ==>  Preparing: SELECT id,username,real_name,gender,birth_date,title,department,position,research_area,email,phone,office_location,avatar_url,create_time,update_time,is_deleted FROM t_teacher WHERE id=? AND is_deleted=0
2025-06-18 10:03:06.995 [http-nio-8082-exec-4] DEBUG hit.cs.sciencefms.mapper.TeacherMapper.selectById - ==> Parameters: 1(Long)
2025-06-18 10:03:07.034 [http-nio-8082-exec-4] DEBUG hit.cs.sciencefms.mapper.TeacherMapper.selectById - <==      Total: 1
2025-06-18 10:03:07.035 [http-nio-8082-exec-4] DEBUG hit.cs.sciencefms.mapper.TeacherMapper.selectById - ==>  Preparing: SELECT id,username,real_name,gender,birth_date,title,department,position,research_area,email,phone,office_location,avatar_url,create_time,update_time,is_deleted FROM t_teacher WHERE id=? AND is_deleted=0
2025-06-18 10:03:07.035 [http-nio-8082-exec-4] DEBUG hit.cs.sciencefms.mapper.TeacherMapper.selectById - ==> Parameters: 1(Long)
2025-06-18 10:03:07.075 [http-nio-8082-exec-4] DEBUG hit.cs.sciencefms.mapper.TeacherMapper.selectById - <==      Total: 1
2025-06-18 10:03:07.076 [http-nio-8082-exec-4] DEBUG hit.cs.sciencefms.mapper.TeacherMapper.selectById - ==>  Preparing: SELECT id,username,real_name,gender,birth_date,title,department,position,research_area,email,phone,office_location,avatar_url,create_time,update_time,is_deleted FROM t_teacher WHERE id=? AND is_deleted=0
2025-06-18 10:03:07.077 [http-nio-8082-exec-4] DEBUG hit.cs.sciencefms.mapper.TeacherMapper.selectById - ==> Parameters: 3(Long)
2025-06-18 10:03:07.115 [http-nio-8082-exec-4] DEBUG hit.cs.sciencefms.mapper.TeacherMapper.selectById - <==      Total: 1
2025-06-18 10:03:07.116 [http-nio-8082-exec-4] DEBUG hit.cs.sciencefms.mapper.TeacherMapper.selectById - ==>  Preparing: SELECT id,username,real_name,gender,birth_date,title,department,position,research_area,email,phone,office_location,avatar_url,create_time,update_time,is_deleted FROM t_teacher WHERE id=? AND is_deleted=0
2025-06-18 10:03:07.116 [http-nio-8082-exec-4] DEBUG hit.cs.sciencefms.mapper.TeacherMapper.selectById - ==> Parameters: 3(Long)
2025-06-18 10:03:07.159 [http-nio-8082-exec-4] DEBUG hit.cs.sciencefms.mapper.TeacherMapper.selectById - <==      Total: 1
2025-06-18 10:03:07.160 [http-nio-8082-exec-4] DEBUG hit.cs.sciencefms.mapper.TeacherMapper.selectById - ==>  Preparing: SELECT id,username,real_name,gender,birth_date,title,department,position,research_area,email,phone,office_location,avatar_url,create_time,update_time,is_deleted FROM t_teacher WHERE id=? AND is_deleted=0
2025-06-18 10:03:07.160 [http-nio-8082-exec-4] DEBUG hit.cs.sciencefms.mapper.TeacherMapper.selectById - ==> Parameters: 42(Long)
2025-06-18 10:03:07.199 [http-nio-8082-exec-4] DEBUG hit.cs.sciencefms.mapper.TeacherMapper.selectById - <==      Total: 1
2025-06-18 10:03:07.200 [http-nio-8082-exec-4] DEBUG hit.cs.sciencefms.mapper.TeacherMapper.selectById - ==>  Preparing: SELECT id,username,real_name,gender,birth_date,title,department,position,research_area,email,phone,office_location,avatar_url,create_time,update_time,is_deleted FROM t_teacher WHERE id=? AND is_deleted=0
2025-06-18 10:03:07.200 [http-nio-8082-exec-4] DEBUG hit.cs.sciencefms.mapper.TeacherMapper.selectById - ==> Parameters: 41(Long)
2025-06-18 10:03:07.237 [http-nio-8082-exec-4] DEBUG hit.cs.sciencefms.mapper.TeacherMapper.selectById - <==      Total: 1
2025-06-18 10:03:07.238 [http-nio-8082-exec-4] DEBUG hit.cs.sciencefms.mapper.TeacherMapper.selectById - ==>  Preparing: SELECT id,username,real_name,gender,birth_date,title,department,position,research_area,email,phone,office_location,avatar_url,create_time,update_time,is_deleted FROM t_teacher WHERE id=? AND is_deleted=0
2025-06-18 10:03:07.239 [http-nio-8082-exec-4] DEBUG hit.cs.sciencefms.mapper.TeacherMapper.selectById - ==> Parameters: 3(Long)
2025-06-18 10:03:07.277 [http-nio-8082-exec-4] DEBUG hit.cs.sciencefms.mapper.TeacherMapper.selectById - <==      Total: 1
2025-06-18 10:03:07.278 [http-nio-8082-exec-4] DEBUG hit.cs.sciencefms.mapper.TeacherMapper.selectById - ==>  Preparing: SELECT id,username,real_name,gender,birth_date,title,department,position,research_area,email,phone,office_location,avatar_url,create_time,update_time,is_deleted FROM t_teacher WHERE id=? AND is_deleted=0
2025-06-18 10:03:07.278 [http-nio-8082-exec-4] DEBUG hit.cs.sciencefms.mapper.TeacherMapper.selectById - ==> Parameters: 2(Long)
2025-06-18 10:03:07.319 [http-nio-8082-exec-4] DEBUG hit.cs.sciencefms.mapper.TeacherMapper.selectById - <==      Total: 1
2025-06-18 10:03:07.320 [http-nio-8082-exec-4] DEBUG hit.cs.sciencefms.mapper.TeacherMapper.selectById - ==>  Preparing: SELECT id,username,real_name,gender,birth_date,title,department,position,research_area,email,phone,office_location,avatar_url,create_time,update_time,is_deleted FROM t_teacher WHERE id=? AND is_deleted=0
2025-06-18 10:03:07.320 [http-nio-8082-exec-4] DEBUG hit.cs.sciencefms.mapper.TeacherMapper.selectById - ==> Parameters: 3(Long)
2025-06-18 10:03:07.358 [http-nio-8082-exec-4] DEBUG hit.cs.sciencefms.mapper.TeacherMapper.selectById - <==      Total: 1
2025-06-18 10:03:07.358 [http-nio-8082-exec-4] DEBUG hit.cs.sciencefms.mapper.TeacherMapper.selectById - ==>  Preparing: SELECT id,username,real_name,gender,birth_date,title,department,position,research_area,email,phone,office_location,avatar_url,create_time,update_time,is_deleted FROM t_teacher WHERE id=? AND is_deleted=0
2025-06-18 10:03:07.358 [http-nio-8082-exec-4] DEBUG hit.cs.sciencefms.mapper.TeacherMapper.selectById - ==> Parameters: 2(Long)
2025-06-18 10:03:07.397 [http-nio-8082-exec-4] DEBUG hit.cs.sciencefms.mapper.TeacherMapper.selectById - <==      Total: 1
2025-06-18 10:03:07.398 [http-nio-8082-exec-4] DEBUG hit.cs.sciencefms.mapper.TeacherMapper.selectById - ==>  Preparing: SELECT id,username,real_name,gender,birth_date,title,department,position,research_area,email,phone,office_location,avatar_url,create_time,update_time,is_deleted FROM t_teacher WHERE id=? AND is_deleted=0
2025-06-18 10:03:07.398 [http-nio-8082-exec-4] DEBUG hit.cs.sciencefms.mapper.TeacherMapper.selectById - ==> Parameters: 3(Long)
2025-06-18 10:03:07.438 [http-nio-8082-exec-4] DEBUG hit.cs.sciencefms.mapper.TeacherMapper.selectById - <==      Total: 1
2025-06-18 10:03:07.439 [http-nio-8082-exec-4] DEBUG hit.cs.sciencefms.mapper.TeacherMapper.selectById - ==>  Preparing: SELECT id,username,real_name,gender,birth_date,title,department,position,research_area,email,phone,office_location,avatar_url,create_time,update_time,is_deleted FROM t_teacher WHERE id=? AND is_deleted=0
2025-06-18 10:03:07.439 [http-nio-8082-exec-4] DEBUG hit.cs.sciencefms.mapper.TeacherMapper.selectById - ==> Parameters: 46(Long)
2025-06-18 10:03:07.477 [http-nio-8082-exec-4] DEBUG hit.cs.sciencefms.mapper.TeacherMapper.selectById - <==      Total: 1
2025-06-18 10:03:07.478 [http-nio-8082-exec-4] DEBUG hit.cs.sciencefms.mapper.TeacherMapper.selectById - ==>  Preparing: SELECT id,username,real_name,gender,birth_date,title,department,position,research_area,email,phone,office_location,avatar_url,create_time,update_time,is_deleted FROM t_teacher WHERE id=? AND is_deleted=0
2025-06-18 10:03:07.478 [http-nio-8082-exec-4] DEBUG hit.cs.sciencefms.mapper.TeacherMapper.selectById - ==> Parameters: 45(Long)
2025-06-18 10:03:07.517 [http-nio-8082-exec-4] DEBUG hit.cs.sciencefms.mapper.TeacherMapper.selectById - <==      Total: 1
2025-06-18 10:03:07.517 [http-nio-8082-exec-4] DEBUG hit.cs.sciencefms.mapper.TeacherMapper.selectById - ==>  Preparing: SELECT id,username,real_name,gender,birth_date,title,department,position,research_area,email,phone,office_location,avatar_url,create_time,update_time,is_deleted FROM t_teacher WHERE id=? AND is_deleted=0
2025-06-18 10:03:07.518 [http-nio-8082-exec-4] DEBUG hit.cs.sciencefms.mapper.TeacherMapper.selectById - ==> Parameters: 44(Long)
2025-06-18 10:03:07.558 [http-nio-8082-exec-4] DEBUG hit.cs.sciencefms.mapper.TeacherMapper.selectById - <==      Total: 1
2025-06-18 10:03:07.558 [http-nio-8082-exec-4] DEBUG hit.cs.sciencefms.mapper.TeacherMapper.selectById - ==>  Preparing: SELECT id,username,real_name,gender,birth_date,title,department,position,research_area,email,phone,office_location,avatar_url,create_time,update_time,is_deleted FROM t_teacher WHERE id=? AND is_deleted=0
2025-06-18 10:03:07.559 [http-nio-8082-exec-4] DEBUG hit.cs.sciencefms.mapper.TeacherMapper.selectById - ==> Parameters: 43(Long)
2025-06-18 10:03:07.593 [http-nio-8082-exec-4] DEBUG hit.cs.sciencefms.mapper.TeacherMapper.selectById - <==      Total: 1
2025-06-18 10:03:07.594 [http-nio-8082-exec-4] DEBUG hit.cs.sciencefms.mapper.TeacherMapper.selectById - ==>  Preparing: SELECT id,username,real_name,gender,birth_date,title,department,position,research_area,email,phone,office_location,avatar_url,create_time,update_time,is_deleted FROM t_teacher WHERE id=? AND is_deleted=0
2025-06-18 10:03:07.594 [http-nio-8082-exec-4] DEBUG hit.cs.sciencefms.mapper.TeacherMapper.selectById - ==> Parameters: 42(Long)
2025-06-18 10:03:07.631 [http-nio-8082-exec-4] DEBUG hit.cs.sciencefms.mapper.TeacherMapper.selectById - <==      Total: 1
2025-06-18 10:03:07.632 [http-nio-8082-exec-4] DEBUG hit.cs.sciencefms.mapper.TeacherMapper.selectById - ==>  Preparing: SELECT id,username,real_name,gender,birth_date,title,department,position,research_area,email,phone,office_location,avatar_url,create_time,update_time,is_deleted FROM t_teacher WHERE id=? AND is_deleted=0
2025-06-18 10:03:07.632 [http-nio-8082-exec-4] DEBUG hit.cs.sciencefms.mapper.TeacherMapper.selectById - ==> Parameters: 41(Long)
2025-06-18 10:03:07.678 [http-nio-8082-exec-4] DEBUG hit.cs.sciencefms.mapper.TeacherMapper.selectById - <==      Total: 1
2025-06-18 10:03:07.678 [http-nio-8082-exec-4] DEBUG hit.cs.sciencefms.mapper.TeacherMapper.selectById - ==>  Preparing: SELECT id,username,real_name,gender,birth_date,title,department,position,research_area,email,phone,office_location,avatar_url,create_time,update_time,is_deleted FROM t_teacher WHERE id=? AND is_deleted=0
2025-06-18 10:03:07.678 [http-nio-8082-exec-4] DEBUG hit.cs.sciencefms.mapper.TeacherMapper.selectById - ==> Parameters: 3(Long)
2025-06-18 10:03:07.716 [http-nio-8082-exec-4] DEBUG hit.cs.sciencefms.mapper.TeacherMapper.selectById - <==      Total: 1
2025-06-18 10:03:07.717 [http-nio-8082-exec-4] DEBUG hit.cs.sciencefms.mapper.TeacherMapper.selectById - ==>  Preparing: SELECT id,username,real_name,gender,birth_date,title,department,position,research_area,email,phone,office_location,avatar_url,create_time,update_time,is_deleted FROM t_teacher WHERE id=? AND is_deleted=0
2025-06-18 10:03:07.717 [http-nio-8082-exec-4] DEBUG hit.cs.sciencefms.mapper.TeacherMapper.selectById - ==> Parameters: 2(Long)
2025-06-18 10:03:07.755 [http-nio-8082-exec-4] DEBUG hit.cs.sciencefms.mapper.TeacherMapper.selectById - <==      Total: 1
2025-06-18 10:03:07.756 [http-nio-8082-exec-4] DEBUG hit.cs.sciencefms.mapper.TeacherMapper.selectById - ==>  Preparing: SELECT id,username,real_name,gender,birth_date,title,department,position,research_area,email,phone,office_location,avatar_url,create_time,update_time,is_deleted FROM t_teacher WHERE id=? AND is_deleted=0
2025-06-18 10:03:07.756 [http-nio-8082-exec-4] DEBUG hit.cs.sciencefms.mapper.TeacherMapper.selectById - ==> Parameters: 1(Long)
2025-06-18 10:03:07.795 [http-nio-8082-exec-4] DEBUG hit.cs.sciencefms.mapper.TeacherMapper.selectById - <==      Total: 1
2025-06-18 10:03:07.797 [http-nio-8082-exec-4] DEBUG hit.cs.sciencefms.mapper.TeacherMapper.selectById - ==>  Preparing: SELECT id,username,real_name,gender,birth_date,title,department,position,research_area,email,phone,office_location,avatar_url,create_time,update_time,is_deleted FROM t_teacher WHERE id=? AND is_deleted=0
2025-06-18 10:03:07.798 [http-nio-8082-exec-4] DEBUG hit.cs.sciencefms.mapper.TeacherMapper.selectById - ==> Parameters: 3(Long)
2025-06-18 10:03:07.836 [http-nio-8082-exec-4] DEBUG hit.cs.sciencefms.mapper.TeacherMapper.selectById - <==      Total: 1
2025-06-18 10:03:07.837 [http-nio-8082-exec-4] DEBUG hit.cs.sciencefms.mapper.TeacherMapper.selectById - ==>  Preparing: SELECT id,username,real_name,gender,birth_date,title,department,position,research_area,email,phone,office_location,avatar_url,create_time,update_time,is_deleted FROM t_teacher WHERE id=? AND is_deleted=0
2025-06-18 10:03:07.837 [http-nio-8082-exec-4] DEBUG hit.cs.sciencefms.mapper.TeacherMapper.selectById - ==> Parameters: 46(Long)
2025-06-18 10:03:07.870 [http-nio-8082-exec-4] DEBUG hit.cs.sciencefms.mapper.TeacherMapper.selectById - <==      Total: 1
2025-06-18 10:03:07.871 [http-nio-8082-exec-4] DEBUG hit.cs.sciencefms.mapper.TeacherMapper.selectById - ==>  Preparing: SELECT id,username,real_name,gender,birth_date,title,department,position,research_area,email,phone,office_location,avatar_url,create_time,update_time,is_deleted FROM t_teacher WHERE id=? AND is_deleted=0
2025-06-18 10:03:07.871 [http-nio-8082-exec-4] DEBUG hit.cs.sciencefms.mapper.TeacherMapper.selectById - ==> Parameters: 2(Long)
2025-06-18 10:03:07.907 [http-nio-8082-exec-4] DEBUG hit.cs.sciencefms.mapper.TeacherMapper.selectById - <==      Total: 1
2025-06-18 10:03:07.908 [http-nio-8082-exec-4] DEBUG hit.cs.sciencefms.mapper.TeacherMapper.selectById - ==>  Preparing: SELECT id,username,real_name,gender,birth_date,title,department,position,research_area,email,phone,office_location,avatar_url,create_time,update_time,is_deleted FROM t_teacher WHERE id=? AND is_deleted=0
2025-06-18 10:03:07.908 [http-nio-8082-exec-4] DEBUG hit.cs.sciencefms.mapper.TeacherMapper.selectById - ==> Parameters: 2(Long)
2025-06-18 10:03:07.947 [http-nio-8082-exec-4] DEBUG hit.cs.sciencefms.mapper.TeacherMapper.selectById - <==      Total: 1
2025-06-18 10:03:07.948 [http-nio-8082-exec-4] DEBUG hit.cs.sciencefms.mapper.TeacherMapper.selectById - ==>  Preparing: SELECT id,username,real_name,gender,birth_date,title,department,position,research_area,email,phone,office_location,avatar_url,create_time,update_time,is_deleted FROM t_teacher WHERE id=? AND is_deleted=0
2025-06-18 10:03:07.948 [http-nio-8082-exec-4] DEBUG hit.cs.sciencefms.mapper.TeacherMapper.selectById - ==> Parameters: 2(Long)
2025-06-18 10:03:07.995 [http-nio-8082-exec-4] DEBUG hit.cs.sciencefms.mapper.TeacherMapper.selectById - <==      Total: 1
2025-06-18 10:03:07.996 [http-nio-8082-exec-4] DEBUG hit.cs.sciencefms.mapper.TeacherMapper.selectById - ==>  Preparing: SELECT id,username,real_name,gender,birth_date,title,department,position,research_area,email,phone,office_location,avatar_url,create_time,update_time,is_deleted FROM t_teacher WHERE id=? AND is_deleted=0
2025-06-18 10:03:07.996 [http-nio-8082-exec-4] DEBUG hit.cs.sciencefms.mapper.TeacherMapper.selectById - ==> Parameters: 2(Long)
2025-06-18 10:03:08.028 [http-nio-8082-exec-4] DEBUG hit.cs.sciencefms.mapper.TeacherMapper.selectById - <==      Total: 1
2025-06-18 10:03:08.028 [http-nio-8082-exec-4] DEBUG hit.cs.sciencefms.mapper.TeacherMapper.selectById - ==>  Preparing: SELECT id,username,real_name,gender,birth_date,title,department,position,research_area,email,phone,office_location,avatar_url,create_time,update_time,is_deleted FROM t_teacher WHERE id=? AND is_deleted=0
2025-06-18 10:03:08.028 [http-nio-8082-exec-4] DEBUG hit.cs.sciencefms.mapper.TeacherMapper.selectById - ==> Parameters: 1(Long)
2025-06-18 10:03:08.067 [http-nio-8082-exec-4] DEBUG hit.cs.sciencefms.mapper.TeacherMapper.selectById - <==      Total: 1
2025-06-18 10:03:08.068 [http-nio-8082-exec-4] DEBUG hit.cs.sciencefms.mapper.TeacherMapper.selectById - ==>  Preparing: SELECT id,username,real_name,gender,birth_date,title,department,position,research_area,email,phone,office_location,avatar_url,create_time,update_time,is_deleted FROM t_teacher WHERE id=? AND is_deleted=0
2025-06-18 10:03:08.068 [http-nio-8082-exec-4] DEBUG hit.cs.sciencefms.mapper.TeacherMapper.selectById - ==> Parameters: 3(Long)
2025-06-18 10:03:08.106 [http-nio-8082-exec-4] DEBUG hit.cs.sciencefms.mapper.TeacherMapper.selectById - <==      Total: 1
2025-06-18 10:03:08.108 [http-nio-8082-exec-4] DEBUG hit.cs.sciencefms.mapper.TeacherMapper.selectById - ==>  Preparing: SELECT id,username,real_name,gender,birth_date,title,department,position,research_area,email,phone,office_location,avatar_url,create_time,update_time,is_deleted FROM t_teacher WHERE id=? AND is_deleted=0
2025-06-18 10:03:08.108 [http-nio-8082-exec-4] DEBUG hit.cs.sciencefms.mapper.TeacherMapper.selectById - ==> Parameters: 3(Long)
2025-06-18 10:03:08.147 [http-nio-8082-exec-4] DEBUG hit.cs.sciencefms.mapper.TeacherMapper.selectById - <==      Total: 1
2025-06-18 10:03:08.148 [http-nio-8082-exec-4] DEBUG hit.cs.sciencefms.mapper.TeacherMapper.selectById - ==>  Preparing: SELECT id,username,real_name,gender,birth_date,title,department,position,research_area,email,phone,office_location,avatar_url,create_time,update_time,is_deleted FROM t_teacher WHERE id=? AND is_deleted=0
2025-06-18 10:03:08.148 [http-nio-8082-exec-4] DEBUG hit.cs.sciencefms.mapper.TeacherMapper.selectById - ==> Parameters: 2(Long)
2025-06-18 10:03:08.186 [http-nio-8082-exec-4] DEBUG hit.cs.sciencefms.mapper.TeacherMapper.selectById - <==      Total: 1
2025-06-18 10:03:08.186 [http-nio-8082-exec-4] DEBUG hit.cs.sciencefms.mapper.TeacherMapper.selectById - ==>  Preparing: SELECT id,username,real_name,gender,birth_date,title,department,position,research_area,email,phone,office_location,avatar_url,create_time,update_time,is_deleted FROM t_teacher WHERE id=? AND is_deleted=0
2025-06-18 10:03:08.186 [http-nio-8082-exec-4] DEBUG hit.cs.sciencefms.mapper.TeacherMapper.selectById - ==> Parameters: 1(Long)
2025-06-18 10:03:08.228 [http-nio-8082-exec-4] DEBUG hit.cs.sciencefms.mapper.TeacherMapper.selectById - <==      Total: 1
2025-06-18 10:03:08.229 [http-nio-8082-exec-4] DEBUG hit.cs.sciencefms.mapper.TeacherMapper.selectById - ==>  Preparing: SELECT id,username,real_name,gender,birth_date,title,department,position,research_area,email,phone,office_location,avatar_url,create_time,update_time,is_deleted FROM t_teacher WHERE id=? AND is_deleted=0
2025-06-18 10:03:08.229 [http-nio-8082-exec-4] DEBUG hit.cs.sciencefms.mapper.TeacherMapper.selectById - ==> Parameters: 2(Long)
2025-06-18 10:03:08.268 [http-nio-8082-exec-4] DEBUG hit.cs.sciencefms.mapper.TeacherMapper.selectById - <==      Total: 1
2025-06-18 10:03:08.269 [http-nio-8082-exec-4] DEBUG hit.cs.sciencefms.mapper.TeacherMapper.selectById - ==>  Preparing: SELECT id,username,real_name,gender,birth_date,title,department,position,research_area,email,phone,office_location,avatar_url,create_time,update_time,is_deleted FROM t_teacher WHERE id=? AND is_deleted=0
2025-06-18 10:03:08.269 [http-nio-8082-exec-4] DEBUG hit.cs.sciencefms.mapper.TeacherMapper.selectById - ==> Parameters: 1(Long)
2025-06-18 10:03:08.308 [http-nio-8082-exec-4] DEBUG hit.cs.sciencefms.mapper.TeacherMapper.selectById - <==      Total: 1
2025-06-18 10:03:08.308 [http-nio-8082-exec-4] DEBUG hit.cs.sciencefms.mapper.TeacherMapper.selectById - ==>  Preparing: SELECT id,username,real_name,gender,birth_date,title,department,position,research_area,email,phone,office_location,avatar_url,create_time,update_time,is_deleted FROM t_teacher WHERE id=? AND is_deleted=0
2025-06-18 10:03:08.308 [http-nio-8082-exec-4] DEBUG hit.cs.sciencefms.mapper.TeacherMapper.selectById - ==> Parameters: 3(Long)
2025-06-18 10:03:08.347 [http-nio-8082-exec-4] DEBUG hit.cs.sciencefms.mapper.TeacherMapper.selectById - <==      Total: 1
2025-06-18 10:03:08.348 [http-nio-8082-exec-4] DEBUG hit.cs.sciencefms.mapper.TeacherMapper.selectById - ==>  Preparing: SELECT id,username,real_name,gender,birth_date,title,department,position,research_area,email,phone,office_location,avatar_url,create_time,update_time,is_deleted FROM t_teacher WHERE id=? AND is_deleted=0
2025-06-18 10:03:08.349 [http-nio-8082-exec-4] DEBUG hit.cs.sciencefms.mapper.TeacherMapper.selectById - ==> Parameters: 46(Long)
2025-06-18 10:03:08.386 [http-nio-8082-exec-4] DEBUG hit.cs.sciencefms.mapper.TeacherMapper.selectById - <==      Total: 1
2025-06-18 10:03:08.386 [http-nio-8082-exec-4] DEBUG hit.cs.sciencefms.mapper.TeacherMapper.selectById - ==>  Preparing: SELECT id,username,real_name,gender,birth_date,title,department,position,research_area,email,phone,office_location,avatar_url,create_time,update_time,is_deleted FROM t_teacher WHERE id=? AND is_deleted=0
2025-06-18 10:03:08.387 [http-nio-8082-exec-4] DEBUG hit.cs.sciencefms.mapper.TeacherMapper.selectById - ==> Parameters: 45(Long)
2025-06-18 10:03:08.425 [http-nio-8082-exec-4] DEBUG hit.cs.sciencefms.mapper.TeacherMapper.selectById - <==      Total: 1
2025-06-18 10:03:08.426 [http-nio-8082-exec-4] DEBUG hit.cs.sciencefms.mapper.TeacherMapper.selectById - ==>  Preparing: SELECT id,username,real_name,gender,birth_date,title,department,position,research_area,email,phone,office_location,avatar_url,create_time,update_time,is_deleted FROM t_teacher WHERE id=? AND is_deleted=0
2025-06-18 10:03:08.426 [http-nio-8082-exec-4] DEBUG hit.cs.sciencefms.mapper.TeacherMapper.selectById - ==> Parameters: 3(Long)
2025-06-18 10:03:08.468 [http-nio-8082-exec-4] DEBUG hit.cs.sciencefms.mapper.TeacherMapper.selectById - <==      Total: 1
2025-06-18 10:03:08.468 [http-nio-8082-exec-4] DEBUG hit.cs.sciencefms.mapper.TeacherMapper.selectById - ==>  Preparing: SELECT id,username,real_name,gender,birth_date,title,department,position,research_area,email,phone,office_location,avatar_url,create_time,update_time,is_deleted FROM t_teacher WHERE id=? AND is_deleted=0
2025-06-18 10:03:08.469 [http-nio-8082-exec-4] DEBUG hit.cs.sciencefms.mapper.TeacherMapper.selectById - ==> Parameters: 1(Long)
2025-06-18 10:03:08.508 [http-nio-8082-exec-4] DEBUG hit.cs.sciencefms.mapper.TeacherMapper.selectById - <==      Total: 1
2025-06-18 10:03:08.508 [http-nio-8082-exec-4] DEBUG hit.cs.sciencefms.mapper.TeacherMapper.selectById - ==>  Preparing: SELECT id,username,real_name,gender,birth_date,title,department,position,research_area,email,phone,office_location,avatar_url,create_time,update_time,is_deleted FROM t_teacher WHERE id=? AND is_deleted=0
2025-06-18 10:03:08.509 [http-nio-8082-exec-4] DEBUG hit.cs.sciencefms.mapper.TeacherMapper.selectById - ==> Parameters: 1(Long)
2025-06-18 10:03:08.552 [http-nio-8082-exec-4] DEBUG hit.cs.sciencefms.mapper.TeacherMapper.selectById - <==      Total: 1
2025-06-18 10:03:08.553 [http-nio-8082-exec-4] DEBUG hit.cs.sciencefms.mapper.TeacherMapper.selectById - ==>  Preparing: SELECT id,username,real_name,gender,birth_date,title,department,position,research_area,email,phone,office_location,avatar_url,create_time,update_time,is_deleted FROM t_teacher WHERE id=? AND is_deleted=0
2025-06-18 10:03:08.553 [http-nio-8082-exec-4] DEBUG hit.cs.sciencefms.mapper.TeacherMapper.selectById - ==> Parameters: 44(Long)
2025-06-18 10:03:08.592 [http-nio-8082-exec-4] DEBUG hit.cs.sciencefms.mapper.TeacherMapper.selectById - <==      Total: 1
2025-06-18 10:03:08.592 [http-nio-8082-exec-4] DEBUG hit.cs.sciencefms.mapper.TeacherMapper.selectById - ==>  Preparing: SELECT id,username,real_name,gender,birth_date,title,department,position,research_area,email,phone,office_location,avatar_url,create_time,update_time,is_deleted FROM t_teacher WHERE id=? AND is_deleted=0
2025-06-18 10:03:08.592 [http-nio-8082-exec-4] DEBUG hit.cs.sciencefms.mapper.TeacherMapper.selectById - ==> Parameters: 3(Long)
2025-06-18 10:03:08.630 [http-nio-8082-exec-4] DEBUG hit.cs.sciencefms.mapper.TeacherMapper.selectById - <==      Total: 1
2025-06-18 10:03:08.631 [http-nio-8082-exec-4] DEBUG hit.cs.sciencefms.mapper.TeacherMapper.selectById - ==>  Preparing: SELECT id,username,real_name,gender,birth_date,title,department,position,research_area,email,phone,office_location,avatar_url,create_time,update_time,is_deleted FROM t_teacher WHERE id=? AND is_deleted=0
2025-06-18 10:03:08.631 [http-nio-8082-exec-4] DEBUG hit.cs.sciencefms.mapper.TeacherMapper.selectById - ==> Parameters: 2(Long)
2025-06-18 10:03:08.670 [http-nio-8082-exec-4] DEBUG hit.cs.sciencefms.mapper.TeacherMapper.selectById - <==      Total: 1
2025-06-18 10:03:08.670 [http-nio-8082-exec-4] DEBUG hit.cs.sciencefms.mapper.TeacherMapper.selectById - ==>  Preparing: SELECT id,username,real_name,gender,birth_date,title,department,position,research_area,email,phone,office_location,avatar_url,create_time,update_time,is_deleted FROM t_teacher WHERE id=? AND is_deleted=0
2025-06-18 10:03:08.670 [http-nio-8082-exec-4] DEBUG hit.cs.sciencefms.mapper.TeacherMapper.selectById - ==> Parameters: 43(Long)
2025-06-18 10:03:08.712 [http-nio-8082-exec-4] DEBUG hit.cs.sciencefms.mapper.TeacherMapper.selectById - <==      Total: 1
2025-06-18 10:03:08.712 [http-nio-8082-exec-4] DEBUG hit.cs.sciencefms.mapper.TeacherMapper.selectById - ==>  Preparing: SELECT id,username,real_name,gender,birth_date,title,department,position,research_area,email,phone,office_location,avatar_url,create_time,update_time,is_deleted FROM t_teacher WHERE id=? AND is_deleted=0
2025-06-18 10:03:08.713 [http-nio-8082-exec-4] DEBUG hit.cs.sciencefms.mapper.TeacherMapper.selectById - ==> Parameters: 42(Long)
2025-06-18 10:03:08.772 [http-nio-8082-exec-4] DEBUG hit.cs.sciencefms.mapper.TeacherMapper.selectById - <==      Total: 1
2025-06-18 10:03:08.773 [http-nio-8082-exec-4] DEBUG hit.cs.sciencefms.mapper.TeacherMapper.selectById - ==>  Preparing: SELECT id,username,real_name,gender,birth_date,title,department,position,research_area,email,phone,office_location,avatar_url,create_time,update_time,is_deleted FROM t_teacher WHERE id=? AND is_deleted=0
2025-06-18 10:03:08.773 [http-nio-8082-exec-4] DEBUG hit.cs.sciencefms.mapper.TeacherMapper.selectById - ==> Parameters: 41(Long)
2025-06-18 10:03:08.815 [http-nio-8082-exec-4] DEBUG hit.cs.sciencefms.mapper.TeacherMapper.selectById - <==      Total: 1
2025-06-18 10:03:08.816 [http-nio-8082-exec-4] DEBUG hit.cs.sciencefms.mapper.TeacherMapper.selectById - ==>  Preparing: SELECT id,username,real_name,gender,birth_date,title,department,position,research_area,email,phone,office_location,avatar_url,create_time,update_time,is_deleted FROM t_teacher WHERE id=? AND is_deleted=0
2025-06-18 10:03:08.816 [http-nio-8082-exec-4] DEBUG hit.cs.sciencefms.mapper.TeacherMapper.selectById - ==> Parameters: 2(Long)
2025-06-18 10:03:08.858 [http-nio-8082-exec-4] DEBUG hit.cs.sciencefms.mapper.TeacherMapper.selectById - <==      Total: 1
2025-06-18 10:03:08.858 [http-nio-8082-exec-4] DEBUG hit.cs.sciencefms.mapper.TeacherMapper.selectById - ==>  Preparing: SELECT id,username,real_name,gender,birth_date,title,department,position,research_area,email,phone,office_location,avatar_url,create_time,update_time,is_deleted FROM t_teacher WHERE id=? AND is_deleted=0
2025-06-18 10:03:08.858 [http-nio-8082-exec-4] DEBUG hit.cs.sciencefms.mapper.TeacherMapper.selectById - ==> Parameters: 1(Long)
2025-06-18 10:03:08.896 [http-nio-8082-exec-4] DEBUG hit.cs.sciencefms.mapper.TeacherMapper.selectById - <==      Total: 1
2025-06-18 10:03:08.897 [http-nio-8082-exec-4] DEBUG hit.cs.sciencefms.mapper.TeacherMapper.selectById - ==>  Preparing: SELECT id,username,real_name,gender,birth_date,title,department,position,research_area,email,phone,office_location,avatar_url,create_time,update_time,is_deleted FROM t_teacher WHERE id=? AND is_deleted=0
2025-06-18 10:03:08.897 [http-nio-8082-exec-4] DEBUG hit.cs.sciencefms.mapper.TeacherMapper.selectById - ==> Parameters: 3(Long)
2025-06-18 10:03:08.932 [http-nio-8082-exec-4] DEBUG hit.cs.sciencefms.mapper.TeacherMapper.selectById - <==      Total: 1
2025-06-18 10:03:08.932 [http-nio-8082-exec-4] DEBUG hit.cs.sciencefms.mapper.TeacherMapper.selectById - ==>  Preparing: SELECT id,username,real_name,gender,birth_date,title,department,position,research_area,email,phone,office_location,avatar_url,create_time,update_time,is_deleted FROM t_teacher WHERE id=? AND is_deleted=0
2025-06-18 10:03:08.933 [http-nio-8082-exec-4] DEBUG hit.cs.sciencefms.mapper.TeacherMapper.selectById - ==> Parameters: 42(Long)
2025-06-18 10:03:08.974 [http-nio-8082-exec-4] DEBUG hit.cs.sciencefms.mapper.TeacherMapper.selectById - <==      Total: 1
2025-06-18 10:03:08.974 [http-nio-8082-exec-4] DEBUG hit.cs.sciencefms.mapper.TeacherMapper.selectById - ==>  Preparing: SELECT id,username,real_name,gender,birth_date,title,department,position,research_area,email,phone,office_location,avatar_url,create_time,update_time,is_deleted FROM t_teacher WHERE id=? AND is_deleted=0
2025-06-18 10:03:08.974 [http-nio-8082-exec-4] DEBUG hit.cs.sciencefms.mapper.TeacherMapper.selectById - ==> Parameters: 43(Long)
2025-06-18 10:03:09.010 [http-nio-8082-exec-4] DEBUG hit.cs.sciencefms.mapper.TeacherMapper.selectById - <==      Total: 1
2025-06-18 10:03:09.011 [http-nio-8082-exec-4] DEBUG hit.cs.sciencefms.mapper.TeacherMapper.selectById - ==>  Preparing: SELECT id,username,real_name,gender,birth_date,title,department,position,research_area,email,phone,office_location,avatar_url,create_time,update_time,is_deleted FROM t_teacher WHERE id=? AND is_deleted=0
2025-06-18 10:03:09.011 [http-nio-8082-exec-4] DEBUG hit.cs.sciencefms.mapper.TeacherMapper.selectById - ==> Parameters: 42(Long)
2025-06-18 10:03:09.050 [http-nio-8082-exec-4] DEBUG hit.cs.sciencefms.mapper.TeacherMapper.selectById - <==      Total: 1
2025-06-18 10:03:09.051 [http-nio-8082-exec-4] DEBUG hit.cs.sciencefms.mapper.TeacherMapper.selectById - ==>  Preparing: SELECT id,username,real_name,gender,birth_date,title,department,position,research_area,email,phone,office_location,avatar_url,create_time,update_time,is_deleted FROM t_teacher WHERE id=? AND is_deleted=0
2025-06-18 10:03:09.051 [http-nio-8082-exec-4] DEBUG hit.cs.sciencefms.mapper.TeacherMapper.selectById - ==> Parameters: 40(Long)
2025-06-18 10:03:09.090 [http-nio-8082-exec-4] DEBUG hit.cs.sciencefms.mapper.TeacherMapper.selectById - <==      Total: 1
2025-06-18 10:03:09.091 [http-nio-8082-exec-4] DEBUG hit.cs.sciencefms.mapper.TeacherMapper.selectById - ==>  Preparing: SELECT id,username,real_name,gender,birth_date,title,department,position,research_area,email,phone,office_location,avatar_url,create_time,update_time,is_deleted FROM t_teacher WHERE id=? AND is_deleted=0
2025-06-18 10:03:09.091 [http-nio-8082-exec-4] DEBUG hit.cs.sciencefms.mapper.TeacherMapper.selectById - ==> Parameters: 41(Long)
2025-06-18 10:03:09.134 [http-nio-8082-exec-4] DEBUG hit.cs.sciencefms.mapper.TeacherMapper.selectById - <==      Total: 1
2025-06-18 10:03:09.135 [http-nio-8082-exec-4] DEBUG hit.cs.sciencefms.mapper.TeacherMapper.selectById - ==>  Preparing: SELECT id,username,real_name,gender,birth_date,title,department,position,research_area,email,phone,office_location,avatar_url,create_time,update_time,is_deleted FROM t_teacher WHERE id=? AND is_deleted=0
2025-06-18 10:03:09.135 [http-nio-8082-exec-4] DEBUG hit.cs.sciencefms.mapper.TeacherMapper.selectById - ==> Parameters: 41(Long)
2025-06-18 10:03:09.174 [http-nio-8082-exec-4] DEBUG hit.cs.sciencefms.mapper.TeacherMapper.selectById - <==      Total: 1
2025-06-18 10:03:09.175 [http-nio-8082-exec-4] DEBUG hit.cs.sciencefms.mapper.TeacherMapper.selectById - ==>  Preparing: SELECT id,username,real_name,gender,birth_date,title,department,position,research_area,email,phone,office_location,avatar_url,create_time,update_time,is_deleted FROM t_teacher WHERE id=? AND is_deleted=0
2025-06-18 10:03:09.175 [http-nio-8082-exec-4] DEBUG hit.cs.sciencefms.mapper.TeacherMapper.selectById - ==> Parameters: 1(Long)
2025-06-18 10:03:09.216 [http-nio-8082-exec-4] DEBUG hit.cs.sciencefms.mapper.TeacherMapper.selectById - <==      Total: 1
2025-06-18 10:03:09.218 [http-nio-8082-exec-4] DEBUG hit.cs.sciencefms.mapper.TeacherMapper.selectById - ==>  Preparing: SELECT id,username,real_name,gender,birth_date,title,department,position,research_area,email,phone,office_location,avatar_url,create_time,update_time,is_deleted FROM t_teacher WHERE id=? AND is_deleted=0
2025-06-18 10:03:09.218 [http-nio-8082-exec-4] DEBUG hit.cs.sciencefms.mapper.TeacherMapper.selectById - ==> Parameters: 2(Long)
2025-06-18 10:03:09.261 [http-nio-8082-exec-4] DEBUG hit.cs.sciencefms.mapper.TeacherMapper.selectById - <==      Total: 1
2025-06-18 10:03:09.261 [http-nio-8082-exec-4] DEBUG hit.cs.sciencefms.mapper.TeacherMapper.selectById - ==>  Preparing: SELECT id,username,real_name,gender,birth_date,title,department,position,research_area,email,phone,office_location,avatar_url,create_time,update_time,is_deleted FROM t_teacher WHERE id=? AND is_deleted=0
2025-06-18 10:03:09.261 [http-nio-8082-exec-4] DEBUG hit.cs.sciencefms.mapper.TeacherMapper.selectById - ==> Parameters: 3(Long)
2025-06-18 10:03:09.299 [http-nio-8082-exec-4] DEBUG hit.cs.sciencefms.mapper.TeacherMapper.selectById - <==      Total: 1
2025-06-18 10:03:09.299 [http-nio-8082-exec-4] DEBUG hit.cs.sciencefms.mapper.TeacherMapper.selectById - ==>  Preparing: SELECT id,username,real_name,gender,birth_date,title,department,position,research_area,email,phone,office_location,avatar_url,create_time,update_time,is_deleted FROM t_teacher WHERE id=? AND is_deleted=0
2025-06-18 10:03:09.299 [http-nio-8082-exec-4] DEBUG hit.cs.sciencefms.mapper.TeacherMapper.selectById - ==> Parameters: 1(Long)
2025-06-18 10:03:09.335 [http-nio-8082-exec-4] DEBUG hit.cs.sciencefms.mapper.TeacherMapper.selectById - <==      Total: 1
2025-06-18 10:03:09.336 [http-nio-8082-exec-4] DEBUG hit.cs.sciencefms.mapper.TeacherMapper.selectById - ==>  Preparing: SELECT id,username,real_name,gender,birth_date,title,department,position,research_area,email,phone,office_location,avatar_url,create_time,update_time,is_deleted FROM t_teacher WHERE id=? AND is_deleted=0
2025-06-18 10:03:09.336 [http-nio-8082-exec-4] DEBUG hit.cs.sciencefms.mapper.TeacherMapper.selectById - ==> Parameters: 1(Long)
2025-06-18 10:03:09.369 [http-nio-8082-exec-4] DEBUG hit.cs.sciencefms.mapper.TeacherMapper.selectById - <==      Total: 1
2025-06-18 10:03:09.370 [http-nio-8082-exec-4] DEBUG hit.cs.sciencefms.mapper.TeacherMapper.selectById - ==>  Preparing: SELECT id,username,real_name,gender,birth_date,title,department,position,research_area,email,phone,office_location,avatar_url,create_time,update_time,is_deleted FROM t_teacher WHERE id=? AND is_deleted=0
2025-06-18 10:03:09.370 [http-nio-8082-exec-4] DEBUG hit.cs.sciencefms.mapper.TeacherMapper.selectById - ==> Parameters: 3(Long)
2025-06-18 10:03:09.400 [http-nio-8082-exec-4] DEBUG hit.cs.sciencefms.mapper.TeacherMapper.selectById - <==      Total: 1
2025-06-18 10:03:09.400 [http-nio-8082-exec-4] DEBUG hit.cs.sciencefms.mapper.TeacherMapper.selectById - ==>  Preparing: SELECT id,username,real_name,gender,birth_date,title,department,position,research_area,email,phone,office_location,avatar_url,create_time,update_time,is_deleted FROM t_teacher WHERE id=? AND is_deleted=0
2025-06-18 10:03:09.400 [http-nio-8082-exec-4] DEBUG hit.cs.sciencefms.mapper.TeacherMapper.selectById - ==> Parameters: 1(Long)
2025-06-18 10:03:09.440 [http-nio-8082-exec-4] DEBUG hit.cs.sciencefms.mapper.TeacherMapper.selectById - <==      Total: 1
2025-06-18 10:03:09.440 [http-nio-8082-exec-4] DEBUG hit.cs.sciencefms.mapper.TeacherMapper.selectById - ==>  Preparing: SELECT id,username,real_name,gender,birth_date,title,department,position,research_area,email,phone,office_location,avatar_url,create_time,update_time,is_deleted FROM t_teacher WHERE id=? AND is_deleted=0
2025-06-18 10:03:09.440 [http-nio-8082-exec-4] DEBUG hit.cs.sciencefms.mapper.TeacherMapper.selectById - ==> Parameters: 2(Long)
2025-06-18 10:03:09.479 [http-nio-8082-exec-4] DEBUG hit.cs.sciencefms.mapper.TeacherMapper.selectById - <==      Total: 1
2025-06-18 10:03:09.479 [http-nio-8082-exec-4] DEBUG hit.cs.sciencefms.mapper.TeacherMapper.selectById - ==>  Preparing: SELECT id,username,real_name,gender,birth_date,title,department,position,research_area,email,phone,office_location,avatar_url,create_time,update_time,is_deleted FROM t_teacher WHERE id=? AND is_deleted=0
2025-06-18 10:03:09.479 [http-nio-8082-exec-4] DEBUG hit.cs.sciencefms.mapper.TeacherMapper.selectById - ==> Parameters: 2(Long)
2025-06-18 10:03:09.519 [http-nio-8082-exec-4] DEBUG hit.cs.sciencefms.mapper.TeacherMapper.selectById - <==      Total: 1
2025-06-18 10:03:10.005 [http-nio-8082-exec-4] WARN  dev.langchain4j.internal.RetryUtils - Exception was thrown on attempt 1 of 3
dev.langchain4j.model.qianfan.client.QianfanHttpException: {"error_description":"unknown client id","error":"invalid_client"}

	at dev.langchain4j.model.qianfan.client.Utils.toException(Utils.java:11)
	at dev.langchain4j.model.qianfan.client.SyncRequestExecutor.execute(SyncRequestExecutor.java:29)
	at dev.langchain4j.model.qianfan.client.RequestExecutor.execute(RequestExecutor.java:64)
	at dev.langchain4j.model.qianfan.client.QianfanClient.refreshToken(QianfanClient.java:140)
	at dev.langchain4j.model.qianfan.client.QianfanClient.chatCompletion(QianfanClient.java:98)
	at dev.langchain4j.model.qianfan.QianfanChatModel.lambda$generate$0(QianfanChatModel.java:128)
	at dev.langchain4j.internal.RetryUtils$RetryPolicy.withRetry(RetryUtils.java:192)
	at dev.langchain4j.internal.RetryUtils.withRetry(RetryUtils.java:229)
	at dev.langchain4j.model.qianfan.QianfanChatModel.generate(QianfanChatModel.java:128)
	at dev.langchain4j.model.qianfan.QianfanChatModel.generate(QianfanChatModel.java:90)
	at dev.langchain4j.model.chat.ChatLanguageModel.generate(ChatLanguageModel.java:39)
	at dev.langchain4j.model.chat.ChatLanguageModel.generate(ChatLanguageModel.java:27)
	at hit.cs.sciencefms.service.impl.ResearchSummaryServiceImpl.generateTrendAnalysis(ResearchSummaryServiceImpl.java:132)
	at hit.cs.sciencefms.service.impl.ResearchSummaryServiceImpl.generateResearchAnalysis(ResearchSummaryServiceImpl.java:92)
	at hit.cs.sciencefms.controller.AdminDashboardController.getResearchAnalysis(AdminDashboardController.java:51)
	at java.base/jdk.internal.reflect.NativeMethodAccessorImpl.invoke0(Native Method)
	at java.base/jdk.internal.reflect.NativeMethodAccessorImpl.invoke(NativeMethodAccessorImpl.java:77)
	at java.base/jdk.internal.reflect.DelegatingMethodAccessorImpl.invoke(DelegatingMethodAccessorImpl.java:43)
	at java.base/java.lang.reflect.Method.invoke(Method.java:568)
	at org.springframework.web.method.support.InvocableHandlerMethod.doInvoke(InvocableHandlerMethod.java:207)
	at org.springframework.web.method.support.InvocableHandlerMethod.invokeForRequest(InvocableHandlerMethod.java:152)
	at org.springframework.web.servlet.mvc.method.annotation.ServletInvocableHandlerMethod.invokeAndHandle(ServletInvocableHandlerMethod.java:117)
	at org.springframework.web.servlet.mvc.method.annotation.RequestMappingHandlerAdapter.invokeHandlerMethod(RequestMappingHandlerAdapter.java:884)
	at org.springframework.web.servlet.mvc.method.annotation.RequestMappingHandlerAdapter.handleInternal(RequestMappingHandlerAdapter.java:797)
	at org.springframework.web.servlet.mvc.method.AbstractHandlerMethodAdapter.handle(AbstractHandlerMethodAdapter.java:87)
	at org.springframework.web.servlet.DispatcherServlet.doDispatch(DispatcherServlet.java:1080)
	at org.springframework.web.servlet.DispatcherServlet.doService(DispatcherServlet.java:973)
	at org.springframework.web.servlet.FrameworkServlet.processRequest(FrameworkServlet.java:1011)
	at org.springframework.web.servlet.FrameworkServlet.doGet(FrameworkServlet.java:903)
	at jakarta.servlet.http.HttpServlet.service(HttpServlet.java:705)
	at org.springframework.web.servlet.FrameworkServlet.service(FrameworkServlet.java:885)
	at jakarta.servlet.http.HttpServlet.service(HttpServlet.java:814)
	at org.apache.catalina.core.ApplicationFilterChain.internalDoFilter(ApplicationFilterChain.java:223)
	at org.apache.catalina.core.ApplicationFilterChain.doFilter(ApplicationFilterChain.java:158)
	at org.apache.tomcat.websocket.server.WsFilter.doFilter(WsFilter.java:53)
	at org.apache.catalina.core.ApplicationFilterChain.internalDoFilter(ApplicationFilterChain.java:185)
	at org.apache.catalina.core.ApplicationFilterChain.doFilter(ApplicationFilterChain.java:158)
	at org.springframework.web.filter.RequestContextFilter.doFilterInternal(RequestContextFilter.java:100)
	at org.springframework.web.filter.OncePerRequestFilter.doFilter(OncePerRequestFilter.java:116)
	at org.apache.catalina.core.ApplicationFilterChain.internalDoFilter(ApplicationFilterChain.java:185)
	at org.apache.catalina.core.ApplicationFilterChain.doFilter(ApplicationFilterChain.java:158)
	at org.springframework.web.filter.FormContentFilter.doFilterInternal(FormContentFilter.java:93)
	at org.springframework.web.filter.OncePerRequestFilter.doFilter(OncePerRequestFilter.java:116)
	at org.apache.catalina.core.ApplicationFilterChain.internalDoFilter(ApplicationFilterChain.java:185)
	at org.apache.catalina.core.ApplicationFilterChain.doFilter(ApplicationFilterChain.java:158)
	at hit.cs.sciencefms.config.JwtFilter.doFilterInternal(JwtFilter.java:91)
	at org.springframework.web.filter.OncePerRequestFilter.doFilter(OncePerRequestFilter.java:116)
	at org.apache.catalina.core.ApplicationFilterChain.internalDoFilter(ApplicationFilterChain.java:185)
	at org.apache.catalina.core.ApplicationFilterChain.doFilter(ApplicationFilterChain.java:158)
	at org.springframework.web.filter.CharacterEncodingFilter.doFilterInternal(CharacterEncodingFilter.java:201)
	at org.springframework.web.filter.OncePerRequestFilter.doFilter(OncePerRequestFilter.java:116)
	at org.apache.catalina.core.ApplicationFilterChain.internalDoFilter(ApplicationFilterChain.java:185)
	at org.apache.catalina.core.ApplicationFilterChain.doFilter(ApplicationFilterChain.java:158)
	at hit.cs.sciencefms.config.CorsFilter.doFilter(CorsFilter.java:44)
	at org.apache.catalina.core.ApplicationFilterChain.internalDoFilter(ApplicationFilterChain.java:185)
	at org.apache.catalina.core.ApplicationFilterChain.doFilter(ApplicationFilterChain.java:158)
	at org.apache.catalina.core.StandardWrapperValve.invoke(StandardWrapperValve.java:177)
	at org.apache.catalina.core.StandardContextValve.invoke(StandardContextValve.java:97)
	at org.apache.catalina.authenticator.AuthenticatorBase.invoke(AuthenticatorBase.java:542)
	at org.apache.catalina.core.StandardHostValve.invoke(StandardHostValve.java:119)
	at org.apache.catalina.valves.ErrorReportValve.invoke(ErrorReportValve.java:92)
	at org.apache.catalina.core.StandardEngineValve.invoke(StandardEngineValve.java:78)
	at org.apache.catalina.connector.CoyoteAdapter.service(CoyoteAdapter.java:357)
	at org.apache.coyote.http11.Http11Processor.service(Http11Processor.java:400)
	at org.apache.coyote.AbstractProcessorLight.process(AbstractProcessorLight.java:65)
	at org.apache.coyote.AbstractProtocol$ConnectionHandler.process(AbstractProtocol.java:859)
	at org.apache.tomcat.util.net.NioEndpoint$SocketProcessor.doRun(NioEndpoint.java:1734)
	at org.apache.tomcat.util.net.SocketProcessorBase.run(SocketProcessorBase.java:52)
	at org.apache.tomcat.util.threads.ThreadPoolExecutor.runWorker(ThreadPoolExecutor.java:1191)
	at org.apache.tomcat.util.threads.ThreadPoolExecutor$Worker.run(ThreadPoolExecutor.java:659)
	at org.apache.tomcat.util.threads.TaskThread$WrappingRunnable.run(TaskThread.java:61)
	at java.base/java.lang.Thread.run(Thread.java:842)
2025-06-18 10:03:10.568 [http-nio-8082-exec-4] WARN  dev.langchain4j.internal.RetryUtils - Exception was thrown on attempt 2 of 3
dev.langchain4j.model.qianfan.client.QianfanHttpException: {"error_description":"unknown client id","error":"invalid_client"}

	at dev.langchain4j.model.qianfan.client.Utils.toException(Utils.java:11)
	at dev.langchain4j.model.qianfan.client.SyncRequestExecutor.execute(SyncRequestExecutor.java:29)
	at dev.langchain4j.model.qianfan.client.RequestExecutor.execute(RequestExecutor.java:64)
	at dev.langchain4j.model.qianfan.client.QianfanClient.refreshToken(QianfanClient.java:140)
	at dev.langchain4j.model.qianfan.client.QianfanClient.chatCompletion(QianfanClient.java:98)
	at dev.langchain4j.model.qianfan.QianfanChatModel.lambda$generate$0(QianfanChatModel.java:128)
	at dev.langchain4j.internal.RetryUtils$RetryPolicy.withRetry(RetryUtils.java:192)
	at dev.langchain4j.internal.RetryUtils.withRetry(RetryUtils.java:229)
	at dev.langchain4j.model.qianfan.QianfanChatModel.generate(QianfanChatModel.java:128)
	at dev.langchain4j.model.qianfan.QianfanChatModel.generate(QianfanChatModel.java:90)
	at dev.langchain4j.model.chat.ChatLanguageModel.generate(ChatLanguageModel.java:39)
	at dev.langchain4j.model.chat.ChatLanguageModel.generate(ChatLanguageModel.java:27)
	at hit.cs.sciencefms.service.impl.ResearchSummaryServiceImpl.generateTrendAnalysis(ResearchSummaryServiceImpl.java:132)
	at hit.cs.sciencefms.service.impl.ResearchSummaryServiceImpl.generateResearchAnalysis(ResearchSummaryServiceImpl.java:92)
	at hit.cs.sciencefms.controller.AdminDashboardController.getResearchAnalysis(AdminDashboardController.java:51)
	at java.base/jdk.internal.reflect.NativeMethodAccessorImpl.invoke0(Native Method)
	at java.base/jdk.internal.reflect.NativeMethodAccessorImpl.invoke(NativeMethodAccessorImpl.java:77)
	at java.base/jdk.internal.reflect.DelegatingMethodAccessorImpl.invoke(DelegatingMethodAccessorImpl.java:43)
	at java.base/java.lang.reflect.Method.invoke(Method.java:568)
	at org.springframework.web.method.support.InvocableHandlerMethod.doInvoke(InvocableHandlerMethod.java:207)
	at org.springframework.web.method.support.InvocableHandlerMethod.invokeForRequest(InvocableHandlerMethod.java:152)
	at org.springframework.web.servlet.mvc.method.annotation.ServletInvocableHandlerMethod.invokeAndHandle(ServletInvocableHandlerMethod.java:117)
	at org.springframework.web.servlet.mvc.method.annotation.RequestMappingHandlerAdapter.invokeHandlerMethod(RequestMappingHandlerAdapter.java:884)
	at org.springframework.web.servlet.mvc.method.annotation.RequestMappingHandlerAdapter.handleInternal(RequestMappingHandlerAdapter.java:797)
	at org.springframework.web.servlet.mvc.method.AbstractHandlerMethodAdapter.handle(AbstractHandlerMethodAdapter.java:87)
	at org.springframework.web.servlet.DispatcherServlet.doDispatch(DispatcherServlet.java:1080)
	at org.springframework.web.servlet.DispatcherServlet.doService(DispatcherServlet.java:973)
	at org.springframework.web.servlet.FrameworkServlet.processRequest(FrameworkServlet.java:1011)
	at org.springframework.web.servlet.FrameworkServlet.doGet(FrameworkServlet.java:903)
	at jakarta.servlet.http.HttpServlet.service(HttpServlet.java:705)
	at org.springframework.web.servlet.FrameworkServlet.service(FrameworkServlet.java:885)
	at jakarta.servlet.http.HttpServlet.service(HttpServlet.java:814)
	at org.apache.catalina.core.ApplicationFilterChain.internalDoFilter(ApplicationFilterChain.java:223)
	at org.apache.catalina.core.ApplicationFilterChain.doFilter(ApplicationFilterChain.java:158)
	at org.apache.tomcat.websocket.server.WsFilter.doFilter(WsFilter.java:53)
	at org.apache.catalina.core.ApplicationFilterChain.internalDoFilter(ApplicationFilterChain.java:185)
	at org.apache.catalina.core.ApplicationFilterChain.doFilter(ApplicationFilterChain.java:158)
	at org.springframework.web.filter.RequestContextFilter.doFilterInternal(RequestContextFilter.java:100)
	at org.springframework.web.filter.OncePerRequestFilter.doFilter(OncePerRequestFilter.java:116)
	at org.apache.catalina.core.ApplicationFilterChain.internalDoFilter(ApplicationFilterChain.java:185)
	at org.apache.catalina.core.ApplicationFilterChain.doFilter(ApplicationFilterChain.java:158)
	at org.springframework.web.filter.FormContentFilter.doFilterInternal(FormContentFilter.java:93)
	at org.springframework.web.filter.OncePerRequestFilter.doFilter(OncePerRequestFilter.java:116)
	at org.apache.catalina.core.ApplicationFilterChain.internalDoFilter(ApplicationFilterChain.java:185)
	at org.apache.catalina.core.ApplicationFilterChain.doFilter(ApplicationFilterChain.java:158)
	at hit.cs.sciencefms.config.JwtFilter.doFilterInternal(JwtFilter.java:91)
	at org.springframework.web.filter.OncePerRequestFilter.doFilter(OncePerRequestFilter.java:116)
	at org.apache.catalina.core.ApplicationFilterChain.internalDoFilter(ApplicationFilterChain.java:185)
	at org.apache.catalina.core.ApplicationFilterChain.doFilter(ApplicationFilterChain.java:158)
	at org.springframework.web.filter.CharacterEncodingFilter.doFilterInternal(CharacterEncodingFilter.java:201)
	at org.springframework.web.filter.OncePerRequestFilter.doFilter(OncePerRequestFilter.java:116)
	at org.apache.catalina.core.ApplicationFilterChain.internalDoFilter(ApplicationFilterChain.java:185)
	at org.apache.catalina.core.ApplicationFilterChain.doFilter(ApplicationFilterChain.java:158)
	at hit.cs.sciencefms.config.CorsFilter.doFilter(CorsFilter.java:44)
	at org.apache.catalina.core.ApplicationFilterChain.internalDoFilter(ApplicationFilterChain.java:185)
	at org.apache.catalina.core.ApplicationFilterChain.doFilter(ApplicationFilterChain.java:158)
	at org.apache.catalina.core.StandardWrapperValve.invoke(StandardWrapperValve.java:177)
	at org.apache.catalina.core.StandardContextValve.invoke(StandardContextValve.java:97)
	at org.apache.catalina.authenticator.AuthenticatorBase.invoke(AuthenticatorBase.java:542)
	at org.apache.catalina.core.StandardHostValve.invoke(StandardHostValve.java:119)
	at org.apache.catalina.valves.ErrorReportValve.invoke(ErrorReportValve.java:92)
	at org.apache.catalina.core.StandardEngineValve.invoke(StandardEngineValve.java:78)
	at org.apache.catalina.connector.CoyoteAdapter.service(CoyoteAdapter.java:357)
	at org.apache.coyote.http11.Http11Processor.service(Http11Processor.java:400)
	at org.apache.coyote.AbstractProcessorLight.process(AbstractProcessorLight.java:65)
	at org.apache.coyote.AbstractProtocol$ConnectionHandler.process(AbstractProtocol.java:859)
	at org.apache.tomcat.util.net.NioEndpoint$SocketProcessor.doRun(NioEndpoint.java:1734)
	at org.apache.tomcat.util.net.SocketProcessorBase.run(SocketProcessorBase.java:52)
	at org.apache.tomcat.util.threads.ThreadPoolExecutor.runWorker(ThreadPoolExecutor.java:1191)
	at org.apache.tomcat.util.threads.ThreadPoolExecutor$Worker.run(ThreadPoolExecutor.java:659)
	at org.apache.tomcat.util.threads.TaskThread$WrappingRunnable.run(TaskThread.java:61)
	at java.base/java.lang.Thread.run(Thread.java:842)
2025-06-18 10:03:11.471 [http-nio-8082-exec-4] ERROR o.a.c.c.C.[.[localhost].[/].[dispatcherServlet] - Servlet.service() for servlet [dispatcherServlet] in context with path [] threw exception [Request processing failed: java.lang.RuntimeException: dev.langchain4j.model.qianfan.client.QianfanHttpException: {"error_description":"unknown client id","error":"invalid_client"}
] with root cause
dev.langchain4j.model.qianfan.client.QianfanHttpException: {"error_description":"unknown client id","error":"invalid_client"}

	at dev.langchain4j.model.qianfan.client.Utils.toException(Utils.java:11)
	at dev.langchain4j.model.qianfan.client.SyncRequestExecutor.execute(SyncRequestExecutor.java:29)
	at dev.langchain4j.model.qianfan.client.RequestExecutor.execute(RequestExecutor.java:64)
	at dev.langchain4j.model.qianfan.client.QianfanClient.refreshToken(QianfanClient.java:140)
	at dev.langchain4j.model.qianfan.client.QianfanClient.chatCompletion(QianfanClient.java:98)
	at dev.langchain4j.model.qianfan.QianfanChatModel.lambda$generate$0(QianfanChatModel.java:128)
	at dev.langchain4j.internal.RetryUtils$RetryPolicy.withRetry(RetryUtils.java:192)
	at dev.langchain4j.internal.RetryUtils.withRetry(RetryUtils.java:229)
	at dev.langchain4j.model.qianfan.QianfanChatModel.generate(QianfanChatModel.java:128)
	at dev.langchain4j.model.qianfan.QianfanChatModel.generate(QianfanChatModel.java:90)
	at dev.langchain4j.model.chat.ChatLanguageModel.generate(ChatLanguageModel.java:39)
	at dev.langchain4j.model.chat.ChatLanguageModel.generate(ChatLanguageModel.java:27)
	at hit.cs.sciencefms.service.impl.ResearchSummaryServiceImpl.generateTrendAnalysis(ResearchSummaryServiceImpl.java:132)
	at hit.cs.sciencefms.service.impl.ResearchSummaryServiceImpl.generateResearchAnalysis(ResearchSummaryServiceImpl.java:92)
	at hit.cs.sciencefms.controller.AdminDashboardController.getResearchAnalysis(AdminDashboardController.java:51)
	at java.base/jdk.internal.reflect.NativeMethodAccessorImpl.invoke0(Native Method)
	at java.base/jdk.internal.reflect.NativeMethodAccessorImpl.invoke(NativeMethodAccessorImpl.java:77)
	at java.base/jdk.internal.reflect.DelegatingMethodAccessorImpl.invoke(DelegatingMethodAccessorImpl.java:43)
	at java.base/java.lang.reflect.Method.invoke(Method.java:568)
	at org.springframework.web.method.support.InvocableHandlerMethod.doInvoke(InvocableHandlerMethod.java:207)
	at org.springframework.web.method.support.InvocableHandlerMethod.invokeForRequest(InvocableHandlerMethod.java:152)
	at org.springframework.web.servlet.mvc.method.annotation.ServletInvocableHandlerMethod.invokeAndHandle(ServletInvocableHandlerMethod.java:117)
	at org.springframework.web.servlet.mvc.method.annotation.RequestMappingHandlerAdapter.invokeHandlerMethod(RequestMappingHandlerAdapter.java:884)
	at org.springframework.web.servlet.mvc.method.annotation.RequestMappingHandlerAdapter.handleInternal(RequestMappingHandlerAdapter.java:797)
	at org.springframework.web.servlet.mvc.method.AbstractHandlerMethodAdapter.handle(AbstractHandlerMethodAdapter.java:87)
	at org.springframework.web.servlet.DispatcherServlet.doDispatch(DispatcherServlet.java:1080)
	at org.springframework.web.servlet.DispatcherServlet.doService(DispatcherServlet.java:973)
	at org.springframework.web.servlet.FrameworkServlet.processRequest(FrameworkServlet.java:1011)
	at org.springframework.web.servlet.FrameworkServlet.doGet(FrameworkServlet.java:903)
	at jakarta.servlet.http.HttpServlet.service(HttpServlet.java:705)
	at org.springframework.web.servlet.FrameworkServlet.service(FrameworkServlet.java:885)
	at jakarta.servlet.http.HttpServlet.service(HttpServlet.java:814)
	at org.apache.catalina.core.ApplicationFilterChain.internalDoFilter(ApplicationFilterChain.java:223)
	at org.apache.catalina.core.ApplicationFilterChain.doFilter(ApplicationFilterChain.java:158)
	at org.apache.tomcat.websocket.server.WsFilter.doFilter(WsFilter.java:53)
	at org.apache.catalina.core.ApplicationFilterChain.internalDoFilter(ApplicationFilterChain.java:185)
	at org.apache.catalina.core.ApplicationFilterChain.doFilter(ApplicationFilterChain.java:158)
	at org.springframework.web.filter.RequestContextFilter.doFilterInternal(RequestContextFilter.java:100)
	at org.springframework.web.filter.OncePerRequestFilter.doFilter(OncePerRequestFilter.java:116)
	at org.apache.catalina.core.ApplicationFilterChain.internalDoFilter(ApplicationFilterChain.java:185)
	at org.apache.catalina.core.ApplicationFilterChain.doFilter(ApplicationFilterChain.java:158)
	at org.springframework.web.filter.FormContentFilter.doFilterInternal(FormContentFilter.java:93)
	at org.springframework.web.filter.OncePerRequestFilter.doFilter(OncePerRequestFilter.java:116)
	at org.apache.catalina.core.ApplicationFilterChain.internalDoFilter(ApplicationFilterChain.java:185)
	at org.apache.catalina.core.ApplicationFilterChain.doFilter(ApplicationFilterChain.java:158)
	at hit.cs.sciencefms.config.JwtFilter.doFilterInternal(JwtFilter.java:91)
	at org.springframework.web.filter.OncePerRequestFilter.doFilter(OncePerRequestFilter.java:116)
	at org.apache.catalina.core.ApplicationFilterChain.internalDoFilter(ApplicationFilterChain.java:185)
	at org.apache.catalina.core.ApplicationFilterChain.doFilter(ApplicationFilterChain.java:158)
	at org.springframework.web.filter.CharacterEncodingFilter.doFilterInternal(CharacterEncodingFilter.java:201)
	at org.springframework.web.filter.OncePerRequestFilter.doFilter(OncePerRequestFilter.java:116)
	at org.apache.catalina.core.ApplicationFilterChain.internalDoFilter(ApplicationFilterChain.java:185)
	at org.apache.catalina.core.ApplicationFilterChain.doFilter(ApplicationFilterChain.java:158)
	at hit.cs.sciencefms.config.CorsFilter.doFilter(CorsFilter.java:44)
	at org.apache.catalina.core.ApplicationFilterChain.internalDoFilter(ApplicationFilterChain.java:185)
	at org.apache.catalina.core.ApplicationFilterChain.doFilter(ApplicationFilterChain.java:158)
	at org.apache.catalina.core.StandardWrapperValve.invoke(StandardWrapperValve.java:177)
	at org.apache.catalina.core.StandardContextValve.invoke(StandardContextValve.java:97)
	at org.apache.catalina.authenticator.AuthenticatorBase.invoke(AuthenticatorBase.java:542)
	at org.apache.catalina.core.StandardHostValve.invoke(StandardHostValve.java:119)
	at org.apache.catalina.valves.ErrorReportValve.invoke(ErrorReportValve.java:92)
	at org.apache.catalina.core.StandardEngineValve.invoke(StandardEngineValve.java:78)
	at org.apache.catalina.connector.CoyoteAdapter.service(CoyoteAdapter.java:357)
	at org.apache.coyote.http11.Http11Processor.service(Http11Processor.java:400)
	at org.apache.coyote.AbstractProcessorLight.process(AbstractProcessorLight.java:65)
	at org.apache.coyote.AbstractProtocol$ConnectionHandler.process(AbstractProtocol.java:859)
	at org.apache.tomcat.util.net.NioEndpoint$SocketProcessor.doRun(NioEndpoint.java:1734)
	at org.apache.tomcat.util.net.SocketProcessorBase.run(SocketProcessorBase.java:52)
	at org.apache.tomcat.util.threads.ThreadPoolExecutor.runWorker(ThreadPoolExecutor.java:1191)
	at org.apache.tomcat.util.threads.ThreadPoolExecutor$Worker.run(ThreadPoolExecutor.java:659)
	at org.apache.tomcat.util.threads.TaskThread$WrappingRunnable.run(TaskThread.java:61)
	at java.base/java.lang.Thread.run(Thread.java:842)
2025-06-18 10:08:00.004 [SpringApplicationShutdownHook] INFO  com.zaxxer.hikari.HikariDataSource - HikariPool-1 - Shutdown initiated...
2025-06-18 10:08:00.007 [SpringApplicationShutdownHook] INFO  com.zaxxer.hikari.HikariDataSource - HikariPool-1 - Shutdown completed.
2025-06-18 10:08:02.855 [main] INFO  hit.cs.sciencefms.ScienceFmsApplication - Starting ScienceFmsApplication using Java 17.0.10 with PID 34480 (D:\Codes\SchoolProject\Java\SoftwareProjection\scienceSystem\BackEnd\scienceFMS\target\classes started by DELL in D:\Codes\SchoolProject\Java\SoftwareProjection\scienceSystem\BackEnd)
2025-06-18 10:08:02.856 [main] DEBUG hit.cs.sciencefms.ScienceFmsApplication - Running with Spring Boot v3.0.2, Spring v6.0.4
2025-06-18 10:08:02.857 [main] INFO  hit.cs.sciencefms.ScienceFmsApplication - No active profile set, falling back to 1 default profile: "default"
2025-06-18 10:08:03.616 [main] INFO  o.s.boot.web.embedded.tomcat.TomcatWebServer - Tomcat initialized with port(s): 8082 (http)
2025-06-18 10:08:03.622 [main] INFO  org.apache.catalina.core.StandardService - Starting service [Tomcat]
2025-06-18 10:08:03.623 [main] INFO  org.apache.catalina.core.StandardEngine - Starting Servlet engine: [Apache Tomcat/10.1.5]
2025-06-18 10:08:03.687 [main] INFO  o.a.c.core.ContainerBase.[Tomcat].[localhost].[/] - Initializing Spring embedded WebApplicationContext
2025-06-18 10:08:03.688 [main] INFO  o.s.b.w.s.c.ServletWebServerApplicationContext - Root WebApplicationContext: initialization completed in 801 ms
2025-06-18 10:08:03.760 [main] DEBUG hit.cs.sciencefms.config.JwtFilter - Filter 'jwtFilter' configured for use
2025-06-18 10:08:04.067 [main] WARN  o.s.b.w.s.c.AnnotationConfigServletWebServerApplicationContext - Exception encountered during context initialization - cancelling refresh attempt: org.springframework.beans.factory.UnsatisfiedDependencyException: Error creating bean with name 'adminDashboardController' defined in file [D:\Codes\SchoolProject\Java\SoftwareProjection\scienceSystem\BackEnd\scienceFMS\target\classes\hit\cs\sciencefms\controller\AdminDashboardController.class]: Unsatisfied dependency expressed through constructor parameter 1: Error creating bean with name 'researchSummaryServiceImpl': Unsatisfied dependency expressed through field 'chatLanguageModel': Error creating bean with name 'qianfanChatLanguageModel' defined in class path resource [hit/cs/sciencefms/config/LangChain4jConfig.class]: Failed to instantiate [dev.langchain4j.model.chat.ChatLanguageModel]: Factory method 'qianfanChatLanguageModel' threw exception with message: Qianfan is no such model name. You can see model name here: https://cloud.baidu.com/doc/WENXINWORKSHOP/s/Nlks5zkzu
2025-06-18 10:08:04.070 [main] INFO  org.apache.catalina.core.StandardService - Stopping service [Tomcat]
2025-06-18 10:08:04.079 [main] INFO  o.s.b.a.logging.ConditionEvaluationReportLogger - 

Error starting ApplicationContext. To display the condition evaluation report re-run your application with 'debug' enabled.
2025-06-18 10:08:04.096 [main] ERROR org.springframework.boot.SpringApplication - Application run failed
org.springframework.beans.factory.UnsatisfiedDependencyException: Error creating bean with name 'adminDashboardController' defined in file [D:\Codes\SchoolProject\Java\SoftwareProjection\scienceSystem\BackEnd\scienceFMS\target\classes\hit\cs\sciencefms\controller\AdminDashboardController.class]: Unsatisfied dependency expressed through constructor parameter 1: Error creating bean with name 'researchSummaryServiceImpl': Unsatisfied dependency expressed through field 'chatLanguageModel': Error creating bean with name 'qianfanChatLanguageModel' defined in class path resource [hit/cs/sciencefms/config/LangChain4jConfig.class]: Failed to instantiate [dev.langchain4j.model.chat.ChatLanguageModel]: Factory method 'qianfanChatLanguageModel' threw exception with message: Qianfan is no such model name. You can see model name here: https://cloud.baidu.com/doc/WENXINWORKSHOP/s/Nlks5zkzu
	at org.springframework.beans.factory.support.ConstructorResolver.createArgumentArray(ConstructorResolver.java:798)
	at org.springframework.beans.factory.support.ConstructorResolver.autowireConstructor(ConstructorResolver.java:245)
	at org.springframework.beans.factory.support.AbstractAutowireCapableBeanFactory.autowireConstructor(AbstractAutowireCapableBeanFactory.java:1344)
	at org.springframework.beans.factory.support.AbstractAutowireCapableBeanFactory.createBeanInstance(AbstractAutowireCapableBeanFactory.java:1188)
	at org.springframework.beans.factory.support.AbstractAutowireCapableBeanFactory.doCreateBean(AbstractAutowireCapableBeanFactory.java:561)
	at org.springframework.beans.factory.support.AbstractAutowireCapableBeanFactory.createBean(AbstractAutowireCapableBeanFactory.java:521)
	at org.springframework.beans.factory.support.AbstractBeanFactory.lambda$doGetBean$0(AbstractBeanFactory.java:326)
	at org.springframework.beans.factory.support.DefaultSingletonBeanRegistry.getSingleton(DefaultSingletonBeanRegistry.java:234)
	at org.springframework.beans.factory.support.AbstractBeanFactory.doGetBean(AbstractBeanFactory.java:324)
	at org.springframework.beans.factory.support.AbstractBeanFactory.getBean(AbstractBeanFactory.java:200)
	at org.springframework.beans.factory.support.DefaultListableBeanFactory.preInstantiateSingletons(DefaultListableBeanFactory.java:961)
	at org.springframework.context.support.AbstractApplicationContext.finishBeanFactoryInitialization(AbstractApplicationContext.java:915)
	at org.springframework.context.support.AbstractApplicationContext.refresh(AbstractApplicationContext.java:584)
	at org.springframework.boot.web.servlet.context.ServletWebServerApplicationContext.refresh(ServletWebServerApplicationContext.java:146)
	at org.springframework.boot.SpringApplication.refresh(SpringApplication.java:730)
	at org.springframework.boot.SpringApplication.refreshContext(SpringApplication.java:432)
	at org.springframework.boot.SpringApplication.run(SpringApplication.java:308)
	at org.springframework.boot.SpringApplication.run(SpringApplication.java:1302)
	at org.springframework.boot.SpringApplication.run(SpringApplication.java:1291)
	at hit.cs.sciencefms.ScienceFmsApplication.main(ScienceFmsApplication.java:10)
Caused by: org.springframework.beans.factory.UnsatisfiedDependencyException: Error creating bean with name 'researchSummaryServiceImpl': Unsatisfied dependency expressed through field 'chatLanguageModel': Error creating bean with name 'qianfanChatLanguageModel' defined in class path resource [hit/cs/sciencefms/config/LangChain4jConfig.class]: Failed to instantiate [dev.langchain4j.model.chat.ChatLanguageModel]: Factory method 'qianfanChatLanguageModel' threw exception with message: Qianfan is no such model name. You can see model name here: https://cloud.baidu.com/doc/WENXINWORKSHOP/s/Nlks5zkzu
	at org.springframework.beans.factory.annotation.AutowiredAnnotationBeanPostProcessor$AutowiredFieldElement.resolveFieldValue(AutowiredAnnotationBeanPostProcessor.java:712)
	at org.springframework.beans.factory.annotation.AutowiredAnnotationBeanPostProcessor$AutowiredFieldElement.inject(AutowiredAnnotationBeanPostProcessor.java:692)
	at org.springframework.beans.factory.annotation.InjectionMetadata.inject(InjectionMetadata.java:133)
	at org.springframework.beans.factory.annotation.AutowiredAnnotationBeanPostProcessor.postProcessProperties(AutowiredAnnotationBeanPostProcessor.java:481)
	at org.springframework.beans.factory.support.AbstractAutowireCapableBeanFactory.populateBean(AbstractAutowireCapableBeanFactory.java:1397)
	at org.springframework.beans.factory.support.AbstractAutowireCapableBeanFactory.doCreateBean(AbstractAutowireCapableBeanFactory.java:598)
	at org.springframework.beans.factory.support.AbstractAutowireCapableBeanFactory.createBean(AbstractAutowireCapableBeanFactory.java:521)
	at org.springframework.beans.factory.support.AbstractBeanFactory.lambda$doGetBean$0(AbstractBeanFactory.java:326)
	at org.springframework.beans.factory.support.DefaultSingletonBeanRegistry.getSingleton(DefaultSingletonBeanRegistry.java:234)
	at org.springframework.beans.factory.support.AbstractBeanFactory.doGetBean(AbstractBeanFactory.java:324)
	at org.springframework.beans.factory.support.AbstractBeanFactory.getBean(AbstractBeanFactory.java:200)
	at org.springframework.beans.factory.config.DependencyDescriptor.resolveCandidate(DependencyDescriptor.java:254)
	at org.springframework.beans.factory.support.DefaultListableBeanFactory.doResolveDependency(DefaultListableBeanFactory.java:1405)
	at org.springframework.beans.factory.support.DefaultListableBeanFactory.resolveDependency(DefaultListableBeanFactory.java:1325)
	at org.springframework.beans.factory.support.ConstructorResolver.resolveAutowiredArgument(ConstructorResolver.java:885)
	at org.springframework.beans.factory.support.ConstructorResolver.createArgumentArray(ConstructorResolver.java:789)
	... 19 common frames omitted
Caused by: org.springframework.beans.factory.BeanCreationException: Error creating bean with name 'qianfanChatLanguageModel' defined in class path resource [hit/cs/sciencefms/config/LangChain4jConfig.class]: Failed to instantiate [dev.langchain4j.model.chat.ChatLanguageModel]: Factory method 'qianfanChatLanguageModel' threw exception with message: Qianfan is no such model name. You can see model name here: https://cloud.baidu.com/doc/WENXINWORKSHOP/s/Nlks5zkzu
	at org.springframework.beans.factory.support.ConstructorResolver.instantiate(ConstructorResolver.java:657)
	at org.springframework.beans.factory.support.ConstructorResolver.instantiateUsingFactoryMethod(ConstructorResolver.java:491)
	at org.springframework.beans.factory.support.AbstractAutowireCapableBeanFactory.instantiateUsingFactoryMethod(AbstractAutowireCapableBeanFactory.java:1324)
	at org.springframework.beans.factory.support.AbstractAutowireCapableBeanFactory.createBeanInstance(AbstractAutowireCapableBeanFactory.java:1161)
	at org.springframework.beans.factory.support.AbstractAutowireCapableBeanFactory.doCreateBean(AbstractAutowireCapableBeanFactory.java:561)
	at org.springframework.beans.factory.support.AbstractAutowireCapableBeanFactory.createBean(AbstractAutowireCapableBeanFactory.java:521)
	at org.springframework.beans.factory.support.AbstractBeanFactory.lambda$doGetBean$0(AbstractBeanFactory.java:326)
	at org.springframework.beans.factory.support.DefaultSingletonBeanRegistry.getSingleton(DefaultSingletonBeanRegistry.java:234)
	at org.springframework.beans.factory.support.AbstractBeanFactory.doGetBean(AbstractBeanFactory.java:324)
	at org.springframework.beans.factory.support.AbstractBeanFactory.getBean(AbstractBeanFactory.java:200)
	at org.springframework.beans.factory.config.DependencyDescriptor.resolveCandidate(DependencyDescriptor.java:254)
	at org.springframework.beans.factory.support.DefaultListableBeanFactory.doResolveDependency(DefaultListableBeanFactory.java:1405)
	at org.springframework.beans.factory.support.DefaultListableBeanFactory.resolveDependency(DefaultListableBeanFactory.java:1325)
	at org.springframework.beans.factory.annotation.AutowiredAnnotationBeanPostProcessor$AutowiredFieldElement.resolveFieldValue(AutowiredAnnotationBeanPostProcessor.java:709)
	... 34 common frames omitted
Caused by: org.springframework.beans.BeanInstantiationException: Failed to instantiate [dev.langchain4j.model.chat.ChatLanguageModel]: Factory method 'qianfanChatLanguageModel' threw exception with message: Qianfan is no such model name. You can see model name here: https://cloud.baidu.com/doc/WENXINWORKSHOP/s/Nlks5zkzu
	at org.springframework.beans.factory.support.SimpleInstantiationStrategy.instantiate(SimpleInstantiationStrategy.java:171)
	at org.springframework.beans.factory.support.ConstructorResolver.instantiate(ConstructorResolver.java:653)
	... 47 common frames omitted
Caused by: java.lang.IllegalArgumentException: Qianfan is no such model name. You can see model name here: https://cloud.baidu.com/doc/WENXINWORKSHOP/s/Nlks5zkzu
	at dev.langchain4j.model.qianfan.QianfanChatModel.<init>(QianfanChatModel.java:67)
	at dev.langchain4j.model.qianfan.QianfanChatModel$QianfanChatModelBuilder.build(QianfanChatModel.java:45)
	at hit.cs.sciencefms.config.LangChain4jConfig.qianfanChatLanguageModel(LangChain4jConfig.java:42)
	at hit.cs.sciencefms.config.LangChain4jConfig$$SpringCGLIB$$0.CGLIB$qianfanChatLanguageModel$0(<generated>)
	at hit.cs.sciencefms.config.LangChain4jConfig$$SpringCGLIB$$2.invoke(<generated>)
	at org.springframework.cglib.proxy.MethodProxy.invokeSuper(MethodProxy.java:258)
	at org.springframework.context.annotation.ConfigurationClassEnhancer$BeanMethodInterceptor.intercept(ConfigurationClassEnhancer.java:331)
	at hit.cs.sciencefms.config.LangChain4jConfig$$SpringCGLIB$$0.qianfanChatLanguageModel(<generated>)
	at java.base/jdk.internal.reflect.NativeMethodAccessorImpl.invoke0(Native Method)
	at java.base/jdk.internal.reflect.NativeMethodAccessorImpl.invoke(NativeMethodAccessorImpl.java:77)
	at java.base/jdk.internal.reflect.DelegatingMethodAccessorImpl.invoke(DelegatingMethodAccessorImpl.java:43)
	at java.base/java.lang.reflect.Method.invoke(Method.java:568)
	at org.springframework.beans.factory.support.SimpleInstantiationStrategy.instantiate(SimpleInstantiationStrategy.java:139)
	... 48 common frames omitted
2025-06-18 10:28:38.709 [main] INFO  hit.cs.sciencefms.ScienceFmsApplication - Starting ScienceFmsApplication using Java 17.0.10 with PID 5956 (D:\Codes\SchoolProject\Java\SoftwareProjection\scienceSystem\BackEnd\scienceFMS\target\classes started by DELL in D:\Codes\SchoolProject\Java\SoftwareProjection\scienceSystem\BackEnd)
2025-06-18 10:28:38.710 [main] DEBUG hit.cs.sciencefms.ScienceFmsApplication - Running with Spring Boot v3.0.2, Spring v6.0.4
2025-06-18 10:28:38.711 [main] INFO  hit.cs.sciencefms.ScienceFmsApplication - No active profile set, falling back to 1 default profile: "default"
2025-06-18 10:28:40.427 [main] INFO  o.s.boot.web.embedded.tomcat.TomcatWebServer - Tomcat initialized with port(s): 8082 (http)
2025-06-18 10:28:40.434 [main] INFO  org.apache.catalina.core.StandardService - Starting service [Tomcat]
2025-06-18 10:28:40.435 [main] INFO  org.apache.catalina.core.StandardEngine - Starting Servlet engine: [Apache Tomcat/10.1.5]
2025-06-18 10:28:40.491 [main] INFO  o.a.c.core.ContainerBase.[Tomcat].[localhost].[/] - Initializing Spring embedded WebApplicationContext
2025-06-18 10:28:40.491 [main] INFO  o.s.b.w.s.c.ServletWebServerApplicationContext - Root WebApplicationContext: initialization completed in 1754 ms
2025-06-18 10:28:40.566 [main] DEBUG hit.cs.sciencefms.config.JwtFilter - Filter 'jwtFilter' configured for use
2025-06-18 10:28:41.209 [main] INFO  o.s.b.a.web.servlet.WelcomePageHandlerMapping - Adding welcome page: class path resource [static/index.html]
2025-06-18 10:28:41.359 [main] INFO  o.s.boot.web.embedded.tomcat.TomcatWebServer - Tomcat started on port(s): 8082 (http) with context path ''
2025-06-18 10:28:41.366 [main] INFO  hit.cs.sciencefms.ScienceFmsApplication - Started ScienceFmsApplication in 2.962 seconds (process running for 3.331)
2025-06-18 10:28:49.185 [http-nio-8082-exec-1] INFO  o.a.c.core.ContainerBase.[Tomcat].[localhost].[/] - Initializing Spring DispatcherServlet 'dispatcherServlet'
2025-06-18 10:28:49.185 [http-nio-8082-exec-1] INFO  org.springframework.web.servlet.DispatcherServlet - Initializing Servlet 'dispatcherServlet'
2025-06-18 10:28:49.186 [http-nio-8082-exec-1] INFO  org.springframework.web.servlet.DispatcherServlet - Completed initialization in 0 ms
2025-06-18 10:28:49.228 [http-nio-8082-exec-1] ERROR hit.cs.sciencefms.util.JwtUtil - JWT验证失败: JWT signature does not match locally computed signature. JWT validity cannot be asserted and should not be trusted.
2025-06-18 10:28:55.707 [http-nio-8082-exec-2] INFO  hit.cs.sciencefms.service.impl.UserServiceImpl - 用户登录: admin1
2025-06-18 10:28:55.734 [http-nio-8082-exec-2] WARN  c.b.m.core.toolkit.support.ReflectLambdaMeta - Unable to make field private final java.lang.Class java.lang.invoke.SerializedLambda.capturingClass accessible: module java.base does not "opens java.lang.invoke" to unnamed module @75d4a5c2
2025-06-18 10:28:55.743 [http-nio-8082-exec-2] INFO  com.zaxxer.hikari.HikariDataSource - HikariPool-1 - Starting...
2025-06-18 10:28:56.097 [http-nio-8082-exec-2] INFO  com.zaxxer.hikari.pool.HikariPool - HikariPool-1 - Added connection org.postgresql.jdbc.PgConnection@7fec391a
2025-06-18 10:28:56.099 [http-nio-8082-exec-2] INFO  com.zaxxer.hikari.HikariDataSource - HikariPool-1 - Start completed.
2025-06-18 10:28:56.103 [http-nio-8082-exec-2] DEBUG hit.cs.sciencefms.mapper.UserMapper.selectList - ==>  Preparing: SELECT id,username,password,role,real_name,email,phone,status,login_fail_count,create_time,update_time FROM t_user WHERE (username = ?)
2025-06-18 10:28:56.111 [http-nio-8082-exec-2] DEBUG hit.cs.sciencefms.mapper.UserMapper.selectList - ==> Parameters: admin1(String)
2025-06-18 10:28:56.149 [http-nio-8082-exec-2] DEBUG hit.cs.sciencefms.mapper.UserMapper.selectList - <==      Total: 1
2025-06-18 10:28:56.154 [http-nio-8082-exec-2] DEBUG h.c.s.mapper.UserMapper.resetLoginFailCount - ==>  Preparing: UPDATE t_user SET login_fail_count = 0 WHERE username = ?
2025-06-18 10:28:56.154 [http-nio-8082-exec-2] DEBUG h.c.s.mapper.UserMapper.resetLoginFailCount - ==> Parameters: admin1(String)
2025-06-18 10:28:56.191 [http-nio-8082-exec-2] DEBUG h.c.s.mapper.UserMapper.resetLoginFailCount - <==    Updates: 1
2025-06-18 10:28:56.198 [http-nio-8082-exec-2] INFO  hit.cs.sciencefms.service.impl.UserServiceImpl - JWT token: eyJhbGciOiJIUzUxMiJ9.eyJyb2xlIjoiYWRtaW4iLCJ1c2VySWQiOjEsInVzZXJuYW1lIjoiYWRtaW4xIiwiaWF0IjoxNzUwMjEzNzM2LCJleHAiOjE3NTAzMDAxMzZ9.OHEK34G3zz2IG0AP8D5mZauKDvmHvHsIptgVsFiI2zdc0qkhlMRGDE-fcaLNa_O_nnbQSfDl7pS7B5So-L5n3A
2025-06-18 10:28:56.223 [http-nio-8082-exec-3] INFO  hit.cs.sciencefms.util.JwtUtil - JWT验证成功
2025-06-18 10:28:56.231 [http-nio-8082-exec-3] DEBUG hit.cs.sciencefms.mapper.UserMapper.selectCount - ==>  Preparing: SELECT COUNT( * ) AS total FROM t_user
2025-06-18 10:28:56.231 [http-nio-8082-exec-3] DEBUG hit.cs.sciencefms.mapper.UserMapper.selectCount - ==> Parameters: 
2025-06-18 10:28:56.270 [http-nio-8082-exec-3] DEBUG hit.cs.sciencefms.mapper.UserMapper.selectCount - <==      Total: 1
2025-06-18 10:28:56.271 [http-nio-8082-exec-3] DEBUG h.c.s.m.IntellectualPropertyMapper.selectCount - ==>  Preparing: SELECT COUNT( * ) AS total FROM t_intellectual_property WHERE is_deleted=0
2025-06-18 10:28:56.271 [http-nio-8082-exec-3] DEBUG h.c.s.m.IntellectualPropertyMapper.selectCount - ==> Parameters: 
2025-06-18 10:28:56.316 [http-nio-8082-exec-3] DEBUG h.c.s.m.IntellectualPropertyMapper.selectCount - <==      Total: 1
2025-06-18 10:28:56.317 [http-nio-8082-exec-3] DEBUG hit.cs.sciencefms.mapper.AwardMapper.selectCount - ==>  Preparing: SELECT COUNT( * ) AS total FROM t_award WHERE is_deleted=0
2025-06-18 10:28:56.317 [http-nio-8082-exec-3] DEBUG hit.cs.sciencefms.mapper.AwardMapper.selectCount - ==> Parameters: 
2025-06-18 10:28:56.353 [http-nio-8082-exec-3] DEBUG hit.cs.sciencefms.mapper.AwardMapper.selectCount - <==      Total: 1
2025-06-18 10:28:56.353 [http-nio-8082-exec-3] DEBUG h.c.s.mapper.ResearchProjectMapper.selectCount - ==>  Preparing: SELECT COUNT( * ) AS total FROM t_research_project WHERE is_deleted=0
2025-06-18 10:28:56.354 [http-nio-8082-exec-3] DEBUG h.c.s.mapper.ResearchProjectMapper.selectCount - ==> Parameters: 
2025-06-18 10:28:56.388 [http-nio-8082-exec-3] DEBUG h.c.s.mapper.ResearchProjectMapper.selectCount - <==      Total: 1
2025-06-18 10:28:56.390 [http-nio-8082-exec-3] DEBUG h.c.s.mapper.VisitRecordMapper.selectCount - ==>  Preparing: SELECT COUNT( * ) AS total FROM t_visit_record WHERE is_deleted=0
2025-06-18 10:28:56.390 [http-nio-8082-exec-3] DEBUG h.c.s.mapper.VisitRecordMapper.selectCount - ==> Parameters: 
2025-06-18 10:28:56.427 [http-nio-8082-exec-3] DEBUG h.c.s.mapper.VisitRecordMapper.selectCount - <==      Total: 1
2025-06-18 10:28:58.203 [http-nio-8082-exec-6] INFO  hit.cs.sciencefms.util.JwtUtil - JWT验证成功
2025-06-18 10:28:58.206 [http-nio-8082-exec-6] WARN  o.s.core.LocalVariableTableParameterNameDiscoverer - Using deprecated '-debug' fallback for parameter name resolution. Compile the affected code with '-parameters' instead or avoid its introspection: hit.cs.sciencefms.controller.AdminDashboardController
2025-06-18 10:28:58.247 [http-nio-8082-exec-6] DEBUG hit.cs.sciencefms.mapper.TeacherMapper.selectList - ==>  Preparing: SELECT id,username,real_name,gender,birth_date,title,department,position,research_area,email,phone,office_location,avatar_url,create_time,update_time,is_deleted FROM t_teacher WHERE is_deleted=0
2025-06-18 10:28:58.247 [http-nio-8082-exec-6] DEBUG hit.cs.sciencefms.mapper.TeacherMapper.selectList - ==> Parameters: 
2025-06-18 10:28:58.288 [http-nio-8082-exec-6] DEBUG hit.cs.sciencefms.mapper.TeacherMapper.selectList - <==      Total: 10
2025-06-18 10:28:58.288 [http-nio-8082-exec-6] DEBUG h.c.s.mapper.ResearchProjectMapper.findByTimeRange - ==>  Preparing: SELECT * FROM t_research_project WHERE EXTRACT(YEAR FROM start_date) >= ? AND EXTRACT(YEAR FROM end_date) <= ? AND is_deleted = 0 ORDER BY start_date DESC
2025-06-18 10:28:58.289 [http-nio-8082-exec-6] DEBUG h.c.s.mapper.ResearchProjectMapper.findByTimeRange - ==> Parameters: 2020(Integer), 2025(Integer)
2025-06-18 10:28:58.339 [http-nio-8082-exec-6] DEBUG h.c.s.mapper.ResearchProjectMapper.findByTimeRange - <==      Total: 25
2025-06-18 10:28:58.340 [http-nio-8082-exec-6] DEBUG h.c.s.m.IntellectualPropertyMapper.findByTimeRange - ==>  Preparing: SELECT * FROM t_intellectual_property WHERE EXTRACT(YEAR FROM auth_date) >= ? AND EXTRACT(YEAR FROM auth_date) <= ? AND is_deleted = 0 ORDER BY auth_date DESC
2025-06-18 10:28:58.341 [http-nio-8082-exec-6] DEBUG h.c.s.m.IntellectualPropertyMapper.findByTimeRange - ==> Parameters: 2020(Integer), 2025(Integer)
2025-06-18 10:28:58.380 [http-nio-8082-exec-6] DEBUG h.c.s.m.IntellectualPropertyMapper.findByTimeRange - <==      Total: 10
2025-06-18 10:28:58.381 [http-nio-8082-exec-6] DEBUG h.cs.sciencefms.mapper.AwardMapper.findByTimeRange - ==>  Preparing: SELECT * FROM t_award WHERE EXTRACT(YEAR FROM award_date) >= ? AND EXTRACT(YEAR FROM award_date) <= ? AND is_deleted = 0 ORDER BY award_date DESC
2025-06-18 10:28:58.381 [http-nio-8082-exec-6] DEBUG h.cs.sciencefms.mapper.AwardMapper.findByTimeRange - ==> Parameters: 2020(Integer), 2025(Integer)
2025-06-18 10:28:58.422 [http-nio-8082-exec-6] DEBUG h.cs.sciencefms.mapper.AwardMapper.findByTimeRange - <==      Total: 14
2025-06-18 10:28:58.423 [http-nio-8082-exec-6] DEBUG h.c.s.mapper.VisitRecordMapper.findByTimeRange - ==>  Preparing: SELECT * FROM t_visit_record WHERE EXTRACT(YEAR FROM start_date) >= ? AND EXTRACT(YEAR FROM end_date) <= ? AND is_deleted = 0 ORDER BY start_date DESC
2025-06-18 10:28:58.423 [http-nio-8082-exec-6] DEBUG h.c.s.mapper.VisitRecordMapper.findByTimeRange - ==> Parameters: 2020(Integer), 2025(Integer)
2025-06-18 10:28:58.466 [http-nio-8082-exec-6] DEBUG h.c.s.mapper.VisitRecordMapper.findByTimeRange - <==      Total: 16
2025-06-18 10:28:58.468 [http-nio-8082-exec-6] DEBUG hit.cs.sciencefms.mapper.TeacherMapper.selectById - ==>  Preparing: SELECT id,username,real_name,gender,birth_date,title,department,position,research_area,email,phone,office_location,avatar_url,create_time,update_time,is_deleted FROM t_teacher WHERE id=? AND is_deleted=0
2025-06-18 10:28:58.468 [http-nio-8082-exec-6] DEBUG hit.cs.sciencefms.mapper.TeacherMapper.selectById - ==> Parameters: 1(Long)
2025-06-18 10:28:58.506 [http-nio-8082-exec-6] DEBUG hit.cs.sciencefms.mapper.TeacherMapper.selectById - <==      Total: 1
2025-06-18 10:28:58.507 [http-nio-8082-exec-6] DEBUG hit.cs.sciencefms.mapper.TeacherMapper.selectById - ==>  Preparing: SELECT id,username,real_name,gender,birth_date,title,department,position,research_area,email,phone,office_location,avatar_url,create_time,update_time,is_deleted FROM t_teacher WHERE id=? AND is_deleted=0
2025-06-18 10:28:58.507 [http-nio-8082-exec-6] DEBUG hit.cs.sciencefms.mapper.TeacherMapper.selectById - ==> Parameters: 1(Long)
2025-06-18 10:28:58.550 [http-nio-8082-exec-6] DEBUG hit.cs.sciencefms.mapper.TeacherMapper.selectById - <==      Total: 1
2025-06-18 10:28:58.551 [http-nio-8082-exec-6] DEBUG hit.cs.sciencefms.mapper.TeacherMapper.selectById - ==>  Preparing: SELECT id,username,real_name,gender,birth_date,title,department,position,research_area,email,phone,office_location,avatar_url,create_time,update_time,is_deleted FROM t_teacher WHERE id=? AND is_deleted=0
2025-06-18 10:28:58.552 [http-nio-8082-exec-6] DEBUG hit.cs.sciencefms.mapper.TeacherMapper.selectById - ==> Parameters: 1(Long)
2025-06-18 10:28:58.592 [http-nio-8082-exec-6] DEBUG hit.cs.sciencefms.mapper.TeacherMapper.selectById - <==      Total: 1
2025-06-18 10:28:58.594 [http-nio-8082-exec-6] DEBUG hit.cs.sciencefms.mapper.TeacherMapper.selectById - ==>  Preparing: SELECT id,username,real_name,gender,birth_date,title,department,position,research_area,email,phone,office_location,avatar_url,create_time,update_time,is_deleted FROM t_teacher WHERE id=? AND is_deleted=0
2025-06-18 10:28:58.594 [http-nio-8082-exec-6] DEBUG hit.cs.sciencefms.mapper.TeacherMapper.selectById - ==> Parameters: 1(Long)
2025-06-18 10:28:58.629 [http-nio-8082-exec-6] DEBUG hit.cs.sciencefms.mapper.TeacherMapper.selectById - <==      Total: 1
2025-06-18 10:28:58.632 [http-nio-8082-exec-6] DEBUG hit.cs.sciencefms.mapper.TeacherMapper.selectById - ==>  Preparing: SELECT id,username,real_name,gender,birth_date,title,department,position,research_area,email,phone,office_location,avatar_url,create_time,update_time,is_deleted FROM t_teacher WHERE id=? AND is_deleted=0
2025-06-18 10:28:58.633 [http-nio-8082-exec-6] DEBUG hit.cs.sciencefms.mapper.TeacherMapper.selectById - ==> Parameters: 3(Long)
2025-06-18 10:28:58.673 [http-nio-8082-exec-6] DEBUG hit.cs.sciencefms.mapper.TeacherMapper.selectById - <==      Total: 1
2025-06-18 10:28:58.674 [http-nio-8082-exec-6] DEBUG hit.cs.sciencefms.mapper.TeacherMapper.selectById - ==>  Preparing: SELECT id,username,real_name,gender,birth_date,title,department,position,research_area,email,phone,office_location,avatar_url,create_time,update_time,is_deleted FROM t_teacher WHERE id=? AND is_deleted=0
2025-06-18 10:28:58.674 [http-nio-8082-exec-6] DEBUG hit.cs.sciencefms.mapper.TeacherMapper.selectById - ==> Parameters: 3(Long)
2025-06-18 10:28:58.707 [http-nio-8082-exec-6] DEBUG hit.cs.sciencefms.mapper.TeacherMapper.selectById - <==      Total: 1
2025-06-18 10:28:58.708 [http-nio-8082-exec-6] DEBUG hit.cs.sciencefms.mapper.TeacherMapper.selectById - ==>  Preparing: SELECT id,username,real_name,gender,birth_date,title,department,position,research_area,email,phone,office_location,avatar_url,create_time,update_time,is_deleted FROM t_teacher WHERE id=? AND is_deleted=0
2025-06-18 10:28:58.708 [http-nio-8082-exec-6] DEBUG hit.cs.sciencefms.mapper.TeacherMapper.selectById - ==> Parameters: 42(Long)
2025-06-18 10:28:58.743 [http-nio-8082-exec-6] DEBUG hit.cs.sciencefms.mapper.TeacherMapper.selectById - <==      Total: 1
2025-06-18 10:28:58.743 [http-nio-8082-exec-6] DEBUG hit.cs.sciencefms.mapper.TeacherMapper.selectById - ==>  Preparing: SELECT id,username,real_name,gender,birth_date,title,department,position,research_area,email,phone,office_location,avatar_url,create_time,update_time,is_deleted FROM t_teacher WHERE id=? AND is_deleted=0
2025-06-18 10:28:58.743 [http-nio-8082-exec-6] DEBUG hit.cs.sciencefms.mapper.TeacherMapper.selectById - ==> Parameters: 41(Long)
2025-06-18 10:28:58.778 [http-nio-8082-exec-6] DEBUG hit.cs.sciencefms.mapper.TeacherMapper.selectById - <==      Total: 1
2025-06-18 10:28:58.779 [http-nio-8082-exec-6] DEBUG hit.cs.sciencefms.mapper.TeacherMapper.selectById - ==>  Preparing: SELECT id,username,real_name,gender,birth_date,title,department,position,research_area,email,phone,office_location,avatar_url,create_time,update_time,is_deleted FROM t_teacher WHERE id=? AND is_deleted=0
2025-06-18 10:28:58.780 [http-nio-8082-exec-6] DEBUG hit.cs.sciencefms.mapper.TeacherMapper.selectById - ==> Parameters: 3(Long)
2025-06-18 10:28:58.816 [http-nio-8082-exec-6] DEBUG hit.cs.sciencefms.mapper.TeacherMapper.selectById - <==      Total: 1
2025-06-18 10:28:58.816 [http-nio-8082-exec-6] DEBUG hit.cs.sciencefms.mapper.TeacherMapper.selectById - ==>  Preparing: SELECT id,username,real_name,gender,birth_date,title,department,position,research_area,email,phone,office_location,avatar_url,create_time,update_time,is_deleted FROM t_teacher WHERE id=? AND is_deleted=0
2025-06-18 10:28:58.816 [http-nio-8082-exec-6] DEBUG hit.cs.sciencefms.mapper.TeacherMapper.selectById - ==> Parameters: 2(Long)
2025-06-18 10:28:58.851 [http-nio-8082-exec-6] DEBUG hit.cs.sciencefms.mapper.TeacherMapper.selectById - <==      Total: 1
2025-06-18 10:28:58.851 [http-nio-8082-exec-6] DEBUG hit.cs.sciencefms.mapper.TeacherMapper.selectById - ==>  Preparing: SELECT id,username,real_name,gender,birth_date,title,department,position,research_area,email,phone,office_location,avatar_url,create_time,update_time,is_deleted FROM t_teacher WHERE id=? AND is_deleted=0
2025-06-18 10:28:58.852 [http-nio-8082-exec-6] DEBUG hit.cs.sciencefms.mapper.TeacherMapper.selectById - ==> Parameters: 3(Long)
2025-06-18 10:28:58.887 [http-nio-8082-exec-6] DEBUG hit.cs.sciencefms.mapper.TeacherMapper.selectById - <==      Total: 1
2025-06-18 10:28:58.888 [http-nio-8082-exec-6] DEBUG hit.cs.sciencefms.mapper.TeacherMapper.selectById - ==>  Preparing: SELECT id,username,real_name,gender,birth_date,title,department,position,research_area,email,phone,office_location,avatar_url,create_time,update_time,is_deleted FROM t_teacher WHERE id=? AND is_deleted=0
2025-06-18 10:28:58.888 [http-nio-8082-exec-6] DEBUG hit.cs.sciencefms.mapper.TeacherMapper.selectById - ==> Parameters: 2(Long)
2025-06-18 10:28:58.922 [http-nio-8082-exec-6] DEBUG hit.cs.sciencefms.mapper.TeacherMapper.selectById - <==      Total: 1
2025-06-18 10:28:58.923 [http-nio-8082-exec-6] DEBUG hit.cs.sciencefms.mapper.TeacherMapper.selectById - ==>  Preparing: SELECT id,username,real_name,gender,birth_date,title,department,position,research_area,email,phone,office_location,avatar_url,create_time,update_time,is_deleted FROM t_teacher WHERE id=? AND is_deleted=0
2025-06-18 10:28:58.923 [http-nio-8082-exec-6] DEBUG hit.cs.sciencefms.mapper.TeacherMapper.selectById - ==> Parameters: 3(Long)
2025-06-18 10:28:58.958 [http-nio-8082-exec-6] DEBUG hit.cs.sciencefms.mapper.TeacherMapper.selectById - <==      Total: 1
2025-06-18 10:28:58.959 [http-nio-8082-exec-6] DEBUG hit.cs.sciencefms.mapper.TeacherMapper.selectById - ==>  Preparing: SELECT id,username,real_name,gender,birth_date,title,department,position,research_area,email,phone,office_location,avatar_url,create_time,update_time,is_deleted FROM t_teacher WHERE id=? AND is_deleted=0
2025-06-18 10:28:58.959 [http-nio-8082-exec-6] DEBUG hit.cs.sciencefms.mapper.TeacherMapper.selectById - ==> Parameters: 46(Long)
2025-06-18 10:28:58.994 [http-nio-8082-exec-6] DEBUG hit.cs.sciencefms.mapper.TeacherMapper.selectById - <==      Total: 1
2025-06-18 10:28:58.994 [http-nio-8082-exec-6] DEBUG hit.cs.sciencefms.mapper.TeacherMapper.selectById - ==>  Preparing: SELECT id,username,real_name,gender,birth_date,title,department,position,research_area,email,phone,office_location,avatar_url,create_time,update_time,is_deleted FROM t_teacher WHERE id=? AND is_deleted=0
2025-06-18 10:28:58.994 [http-nio-8082-exec-6] DEBUG hit.cs.sciencefms.mapper.TeacherMapper.selectById - ==> Parameters: 45(Long)
2025-06-18 10:28:59.030 [http-nio-8082-exec-6] DEBUG hit.cs.sciencefms.mapper.TeacherMapper.selectById - <==      Total: 1
2025-06-18 10:28:59.031 [http-nio-8082-exec-6] DEBUG hit.cs.sciencefms.mapper.TeacherMapper.selectById - ==>  Preparing: SELECT id,username,real_name,gender,birth_date,title,department,position,research_area,email,phone,office_location,avatar_url,create_time,update_time,is_deleted FROM t_teacher WHERE id=? AND is_deleted=0
2025-06-18 10:28:59.031 [http-nio-8082-exec-6] DEBUG hit.cs.sciencefms.mapper.TeacherMapper.selectById - ==> Parameters: 44(Long)
2025-06-18 10:28:59.066 [http-nio-8082-exec-6] DEBUG hit.cs.sciencefms.mapper.TeacherMapper.selectById - <==      Total: 1
2025-06-18 10:28:59.067 [http-nio-8082-exec-6] DEBUG hit.cs.sciencefms.mapper.TeacherMapper.selectById - ==>  Preparing: SELECT id,username,real_name,gender,birth_date,title,department,position,research_area,email,phone,office_location,avatar_url,create_time,update_time,is_deleted FROM t_teacher WHERE id=? AND is_deleted=0
2025-06-18 10:28:59.068 [http-nio-8082-exec-6] DEBUG hit.cs.sciencefms.mapper.TeacherMapper.selectById - ==> Parameters: 43(Long)
2025-06-18 10:28:59.106 [http-nio-8082-exec-6] DEBUG hit.cs.sciencefms.mapper.TeacherMapper.selectById - <==      Total: 1
2025-06-18 10:28:59.106 [http-nio-8082-exec-6] DEBUG hit.cs.sciencefms.mapper.TeacherMapper.selectById - ==>  Preparing: SELECT id,username,real_name,gender,birth_date,title,department,position,research_area,email,phone,office_location,avatar_url,create_time,update_time,is_deleted FROM t_teacher WHERE id=? AND is_deleted=0
2025-06-18 10:28:59.107 [http-nio-8082-exec-6] DEBUG hit.cs.sciencefms.mapper.TeacherMapper.selectById - ==> Parameters: 42(Long)
2025-06-18 10:28:59.143 [http-nio-8082-exec-6] DEBUG hit.cs.sciencefms.mapper.TeacherMapper.selectById - <==      Total: 1
2025-06-18 10:28:59.143 [http-nio-8082-exec-6] DEBUG hit.cs.sciencefms.mapper.TeacherMapper.selectById - ==>  Preparing: SELECT id,username,real_name,gender,birth_date,title,department,position,research_area,email,phone,office_location,avatar_url,create_time,update_time,is_deleted FROM t_teacher WHERE id=? AND is_deleted=0
2025-06-18 10:28:59.143 [http-nio-8082-exec-6] DEBUG hit.cs.sciencefms.mapper.TeacherMapper.selectById - ==> Parameters: 41(Long)
2025-06-18 10:28:59.183 [http-nio-8082-exec-6] DEBUG hit.cs.sciencefms.mapper.TeacherMapper.selectById - <==      Total: 1
2025-06-18 10:28:59.183 [http-nio-8082-exec-6] DEBUG hit.cs.sciencefms.mapper.TeacherMapper.selectById - ==>  Preparing: SELECT id,username,real_name,gender,birth_date,title,department,position,research_area,email,phone,office_location,avatar_url,create_time,update_time,is_deleted FROM t_teacher WHERE id=? AND is_deleted=0
2025-06-18 10:28:59.185 [http-nio-8082-exec-6] DEBUG hit.cs.sciencefms.mapper.TeacherMapper.selectById - ==> Parameters: 3(Long)
2025-06-18 10:28:59.222 [http-nio-8082-exec-6] DEBUG hit.cs.sciencefms.mapper.TeacherMapper.selectById - <==      Total: 1
2025-06-18 10:28:59.222 [http-nio-8082-exec-6] DEBUG hit.cs.sciencefms.mapper.TeacherMapper.selectById - ==>  Preparing: SELECT id,username,real_name,gender,birth_date,title,department,position,research_area,email,phone,office_location,avatar_url,create_time,update_time,is_deleted FROM t_teacher WHERE id=? AND is_deleted=0
2025-06-18 10:28:59.222 [http-nio-8082-exec-6] DEBUG hit.cs.sciencefms.mapper.TeacherMapper.selectById - ==> Parameters: 2(Long)
2025-06-18 10:28:59.254 [http-nio-8082-exec-6] DEBUG hit.cs.sciencefms.mapper.TeacherMapper.selectById - <==      Total: 1
2025-06-18 10:28:59.254 [http-nio-8082-exec-6] DEBUG hit.cs.sciencefms.mapper.TeacherMapper.selectById - ==>  Preparing: SELECT id,username,real_name,gender,birth_date,title,department,position,research_area,email,phone,office_location,avatar_url,create_time,update_time,is_deleted FROM t_teacher WHERE id=? AND is_deleted=0
2025-06-18 10:28:59.255 [http-nio-8082-exec-6] DEBUG hit.cs.sciencefms.mapper.TeacherMapper.selectById - ==> Parameters: 1(Long)
2025-06-18 10:28:59.289 [http-nio-8082-exec-6] DEBUG hit.cs.sciencefms.mapper.TeacherMapper.selectById - <==      Total: 1
2025-06-18 10:28:59.290 [http-nio-8082-exec-6] DEBUG hit.cs.sciencefms.mapper.TeacherMapper.selectById - ==>  Preparing: SELECT id,username,real_name,gender,birth_date,title,department,position,research_area,email,phone,office_location,avatar_url,create_time,update_time,is_deleted FROM t_teacher WHERE id=? AND is_deleted=0
2025-06-18 10:28:59.291 [http-nio-8082-exec-6] DEBUG hit.cs.sciencefms.mapper.TeacherMapper.selectById - ==> Parameters: 3(Long)
2025-06-18 10:28:59.328 [http-nio-8082-exec-6] DEBUG hit.cs.sciencefms.mapper.TeacherMapper.selectById - <==      Total: 1
2025-06-18 10:28:59.329 [http-nio-8082-exec-6] DEBUG hit.cs.sciencefms.mapper.TeacherMapper.selectById - ==>  Preparing: SELECT id,username,real_name,gender,birth_date,title,department,position,research_area,email,phone,office_location,avatar_url,create_time,update_time,is_deleted FROM t_teacher WHERE id=? AND is_deleted=0
2025-06-18 10:28:59.329 [http-nio-8082-exec-6] DEBUG hit.cs.sciencefms.mapper.TeacherMapper.selectById - ==> Parameters: 46(Long)
2025-06-18 10:28:59.369 [http-nio-8082-exec-6] DEBUG hit.cs.sciencefms.mapper.TeacherMapper.selectById - <==      Total: 1
2025-06-18 10:28:59.369 [http-nio-8082-exec-6] DEBUG hit.cs.sciencefms.mapper.TeacherMapper.selectById - ==>  Preparing: SELECT id,username,real_name,gender,birth_date,title,department,position,research_area,email,phone,office_location,avatar_url,create_time,update_time,is_deleted FROM t_teacher WHERE id=? AND is_deleted=0
2025-06-18 10:28:59.370 [http-nio-8082-exec-6] DEBUG hit.cs.sciencefms.mapper.TeacherMapper.selectById - ==> Parameters: 2(Long)
2025-06-18 10:28:59.412 [http-nio-8082-exec-6] DEBUG hit.cs.sciencefms.mapper.TeacherMapper.selectById - <==      Total: 1
2025-06-18 10:28:59.414 [http-nio-8082-exec-6] DEBUG hit.cs.sciencefms.mapper.TeacherMapper.selectById - ==>  Preparing: SELECT id,username,real_name,gender,birth_date,title,department,position,research_area,email,phone,office_location,avatar_url,create_time,update_time,is_deleted FROM t_teacher WHERE id=? AND is_deleted=0
2025-06-18 10:28:59.414 [http-nio-8082-exec-6] DEBUG hit.cs.sciencefms.mapper.TeacherMapper.selectById - ==> Parameters: 2(Long)
2025-06-18 10:28:59.460 [http-nio-8082-exec-6] DEBUG hit.cs.sciencefms.mapper.TeacherMapper.selectById - <==      Total: 1
2025-06-18 10:28:59.460 [http-nio-8082-exec-6] DEBUG hit.cs.sciencefms.mapper.TeacherMapper.selectById - ==>  Preparing: SELECT id,username,real_name,gender,birth_date,title,department,position,research_area,email,phone,office_location,avatar_url,create_time,update_time,is_deleted FROM t_teacher WHERE id=? AND is_deleted=0
2025-06-18 10:28:59.460 [http-nio-8082-exec-6] DEBUG hit.cs.sciencefms.mapper.TeacherMapper.selectById - ==> Parameters: 2(Long)
2025-06-18 10:28:59.502 [http-nio-8082-exec-6] DEBUG hit.cs.sciencefms.mapper.TeacherMapper.selectById - <==      Total: 1
2025-06-18 10:28:59.503 [http-nio-8082-exec-6] DEBUG hit.cs.sciencefms.mapper.TeacherMapper.selectById - ==>  Preparing: SELECT id,username,real_name,gender,birth_date,title,department,position,research_area,email,phone,office_location,avatar_url,create_time,update_time,is_deleted FROM t_teacher WHERE id=? AND is_deleted=0
2025-06-18 10:28:59.503 [http-nio-8082-exec-6] DEBUG hit.cs.sciencefms.mapper.TeacherMapper.selectById - ==> Parameters: 2(Long)
2025-06-18 10:28:59.537 [http-nio-8082-exec-6] DEBUG hit.cs.sciencefms.mapper.TeacherMapper.selectById - <==      Total: 1
2025-06-18 10:28:59.538 [http-nio-8082-exec-6] DEBUG hit.cs.sciencefms.mapper.TeacherMapper.selectById - ==>  Preparing: SELECT id,username,real_name,gender,birth_date,title,department,position,research_area,email,phone,office_location,avatar_url,create_time,update_time,is_deleted FROM t_teacher WHERE id=? AND is_deleted=0
2025-06-18 10:28:59.538 [http-nio-8082-exec-6] DEBUG hit.cs.sciencefms.mapper.TeacherMapper.selectById - ==> Parameters: 1(Long)
2025-06-18 10:28:59.573 [http-nio-8082-exec-6] DEBUG hit.cs.sciencefms.mapper.TeacherMapper.selectById - <==      Total: 1
2025-06-18 10:28:59.574 [http-nio-8082-exec-6] DEBUG hit.cs.sciencefms.mapper.TeacherMapper.selectById - ==>  Preparing: SELECT id,username,real_name,gender,birth_date,title,department,position,research_area,email,phone,office_location,avatar_url,create_time,update_time,is_deleted FROM t_teacher WHERE id=? AND is_deleted=0
2025-06-18 10:28:59.574 [http-nio-8082-exec-6] DEBUG hit.cs.sciencefms.mapper.TeacherMapper.selectById - ==> Parameters: 3(Long)
2025-06-18 10:28:59.607 [http-nio-8082-exec-6] DEBUG hit.cs.sciencefms.mapper.TeacherMapper.selectById - <==      Total: 1
2025-06-18 10:28:59.607 [http-nio-8082-exec-6] DEBUG hit.cs.sciencefms.mapper.TeacherMapper.selectById - ==>  Preparing: SELECT id,username,real_name,gender,birth_date,title,department,position,research_area,email,phone,office_location,avatar_url,create_time,update_time,is_deleted FROM t_teacher WHERE id=? AND is_deleted=0
2025-06-18 10:28:59.607 [http-nio-8082-exec-6] DEBUG hit.cs.sciencefms.mapper.TeacherMapper.selectById - ==> Parameters: 3(Long)
2025-06-18 10:28:59.637 [http-nio-8082-exec-6] DEBUG hit.cs.sciencefms.mapper.TeacherMapper.selectById - <==      Total: 1
2025-06-18 10:28:59.637 [http-nio-8082-exec-6] DEBUG hit.cs.sciencefms.mapper.TeacherMapper.selectById - ==>  Preparing: SELECT id,username,real_name,gender,birth_date,title,department,position,research_area,email,phone,office_location,avatar_url,create_time,update_time,is_deleted FROM t_teacher WHERE id=? AND is_deleted=0
2025-06-18 10:28:59.637 [http-nio-8082-exec-6] DEBUG hit.cs.sciencefms.mapper.TeacherMapper.selectById - ==> Parameters: 2(Long)
2025-06-18 10:28:59.676 [http-nio-8082-exec-6] DEBUG hit.cs.sciencefms.mapper.TeacherMapper.selectById - <==      Total: 1
2025-06-18 10:28:59.678 [http-nio-8082-exec-6] DEBUG hit.cs.sciencefms.mapper.TeacherMapper.selectById - ==>  Preparing: SELECT id,username,real_name,gender,birth_date,title,department,position,research_area,email,phone,office_location,avatar_url,create_time,update_time,is_deleted FROM t_teacher WHERE id=? AND is_deleted=0
2025-06-18 10:28:59.678 [http-nio-8082-exec-6] DEBUG hit.cs.sciencefms.mapper.TeacherMapper.selectById - ==> Parameters: 1(Long)
2025-06-18 10:28:59.713 [http-nio-8082-exec-6] DEBUG hit.cs.sciencefms.mapper.TeacherMapper.selectById - <==      Total: 1
2025-06-18 10:28:59.714 [http-nio-8082-exec-6] DEBUG hit.cs.sciencefms.mapper.TeacherMapper.selectById - ==>  Preparing: SELECT id,username,real_name,gender,birth_date,title,department,position,research_area,email,phone,office_location,avatar_url,create_time,update_time,is_deleted FROM t_teacher WHERE id=? AND is_deleted=0
2025-06-18 10:28:59.714 [http-nio-8082-exec-6] DEBUG hit.cs.sciencefms.mapper.TeacherMapper.selectById - ==> Parameters: 2(Long)
2025-06-18 10:28:59.754 [http-nio-8082-exec-6] DEBUG hit.cs.sciencefms.mapper.TeacherMapper.selectById - <==      Total: 1
2025-06-18 10:28:59.754 [http-nio-8082-exec-6] DEBUG hit.cs.sciencefms.mapper.TeacherMapper.selectById - ==>  Preparing: SELECT id,username,real_name,gender,birth_date,title,department,position,research_area,email,phone,office_location,avatar_url,create_time,update_time,is_deleted FROM t_teacher WHERE id=? AND is_deleted=0
2025-06-18 10:28:59.754 [http-nio-8082-exec-6] DEBUG hit.cs.sciencefms.mapper.TeacherMapper.selectById - ==> Parameters: 1(Long)
2025-06-18 10:28:59.790 [http-nio-8082-exec-6] DEBUG hit.cs.sciencefms.mapper.TeacherMapper.selectById - <==      Total: 1
2025-06-18 10:28:59.790 [http-nio-8082-exec-6] DEBUG hit.cs.sciencefms.mapper.TeacherMapper.selectById - ==>  Preparing: SELECT id,username,real_name,gender,birth_date,title,department,position,research_area,email,phone,office_location,avatar_url,create_time,update_time,is_deleted FROM t_teacher WHERE id=? AND is_deleted=0
2025-06-18 10:28:59.790 [http-nio-8082-exec-6] DEBUG hit.cs.sciencefms.mapper.TeacherMapper.selectById - ==> Parameters: 3(Long)
2025-06-18 10:28:59.829 [http-nio-8082-exec-6] DEBUG hit.cs.sciencefms.mapper.TeacherMapper.selectById - <==      Total: 1
2025-06-18 10:28:59.829 [http-nio-8082-exec-6] DEBUG hit.cs.sciencefms.mapper.TeacherMapper.selectById - ==>  Preparing: SELECT id,username,real_name,gender,birth_date,title,department,position,research_area,email,phone,office_location,avatar_url,create_time,update_time,is_deleted FROM t_teacher WHERE id=? AND is_deleted=0
2025-06-18 10:28:59.829 [http-nio-8082-exec-6] DEBUG hit.cs.sciencefms.mapper.TeacherMapper.selectById - ==> Parameters: 46(Long)
2025-06-18 10:28:59.863 [http-nio-8082-exec-6] DEBUG hit.cs.sciencefms.mapper.TeacherMapper.selectById - <==      Total: 1
2025-06-18 10:28:59.864 [http-nio-8082-exec-6] DEBUG hit.cs.sciencefms.mapper.TeacherMapper.selectById - ==>  Preparing: SELECT id,username,real_name,gender,birth_date,title,department,position,research_area,email,phone,office_location,avatar_url,create_time,update_time,is_deleted FROM t_teacher WHERE id=? AND is_deleted=0
2025-06-18 10:28:59.864 [http-nio-8082-exec-6] DEBUG hit.cs.sciencefms.mapper.TeacherMapper.selectById - ==> Parameters: 45(Long)
2025-06-18 10:28:59.899 [http-nio-8082-exec-6] DEBUG hit.cs.sciencefms.mapper.TeacherMapper.selectById - <==      Total: 1
2025-06-18 10:28:59.899 [http-nio-8082-exec-6] DEBUG hit.cs.sciencefms.mapper.TeacherMapper.selectById - ==>  Preparing: SELECT id,username,real_name,gender,birth_date,title,department,position,research_area,email,phone,office_location,avatar_url,create_time,update_time,is_deleted FROM t_teacher WHERE id=? AND is_deleted=0
2025-06-18 10:28:59.899 [http-nio-8082-exec-6] DEBUG hit.cs.sciencefms.mapper.TeacherMapper.selectById - ==> Parameters: 3(Long)
2025-06-18 10:28:59.935 [http-nio-8082-exec-6] DEBUG hit.cs.sciencefms.mapper.TeacherMapper.selectById - <==      Total: 1
2025-06-18 10:28:59.935 [http-nio-8082-exec-6] DEBUG hit.cs.sciencefms.mapper.TeacherMapper.selectById - ==>  Preparing: SELECT id,username,real_name,gender,birth_date,title,department,position,research_area,email,phone,office_location,avatar_url,create_time,update_time,is_deleted FROM t_teacher WHERE id=? AND is_deleted=0
2025-06-18 10:28:59.935 [http-nio-8082-exec-6] DEBUG hit.cs.sciencefms.mapper.TeacherMapper.selectById - ==> Parameters: 1(Long)
2025-06-18 10:28:59.973 [http-nio-8082-exec-6] DEBUG hit.cs.sciencefms.mapper.TeacherMapper.selectById - <==      Total: 1
2025-06-18 10:28:59.973 [http-nio-8082-exec-6] DEBUG hit.cs.sciencefms.mapper.TeacherMapper.selectById - ==>  Preparing: SELECT id,username,real_name,gender,birth_date,title,department,position,research_area,email,phone,office_location,avatar_url,create_time,update_time,is_deleted FROM t_teacher WHERE id=? AND is_deleted=0
2025-06-18 10:28:59.973 [http-nio-8082-exec-6] DEBUG hit.cs.sciencefms.mapper.TeacherMapper.selectById - ==> Parameters: 1(Long)
2025-06-18 10:29:00.009 [http-nio-8082-exec-6] DEBUG hit.cs.sciencefms.mapper.TeacherMapper.selectById - <==      Total: 1
2025-06-18 10:29:00.009 [http-nio-8082-exec-6] DEBUG hit.cs.sciencefms.mapper.TeacherMapper.selectById - ==>  Preparing: SELECT id,username,real_name,gender,birth_date,title,department,position,research_area,email,phone,office_location,avatar_url,create_time,update_time,is_deleted FROM t_teacher WHERE id=? AND is_deleted=0
2025-06-18 10:29:00.009 [http-nio-8082-exec-6] DEBUG hit.cs.sciencefms.mapper.TeacherMapper.selectById - ==> Parameters: 44(Long)
2025-06-18 10:29:00.045 [http-nio-8082-exec-6] DEBUG hit.cs.sciencefms.mapper.TeacherMapper.selectById - <==      Total: 1
2025-06-18 10:29:00.045 [http-nio-8082-exec-6] DEBUG hit.cs.sciencefms.mapper.TeacherMapper.selectById - ==>  Preparing: SELECT id,username,real_name,gender,birth_date,title,department,position,research_area,email,phone,office_location,avatar_url,create_time,update_time,is_deleted FROM t_teacher WHERE id=? AND is_deleted=0
2025-06-18 10:29:00.045 [http-nio-8082-exec-6] DEBUG hit.cs.sciencefms.mapper.TeacherMapper.selectById - ==> Parameters: 3(Long)
2025-06-18 10:29:00.082 [http-nio-8082-exec-6] DEBUG hit.cs.sciencefms.mapper.TeacherMapper.selectById - <==      Total: 1
2025-06-18 10:29:00.083 [http-nio-8082-exec-6] DEBUG hit.cs.sciencefms.mapper.TeacherMapper.selectById - ==>  Preparing: SELECT id,username,real_name,gender,birth_date,title,department,position,research_area,email,phone,office_location,avatar_url,create_time,update_time,is_deleted FROM t_teacher WHERE id=? AND is_deleted=0
2025-06-18 10:29:00.083 [http-nio-8082-exec-6] DEBUG hit.cs.sciencefms.mapper.TeacherMapper.selectById - ==> Parameters: 2(Long)
2025-06-18 10:29:00.118 [http-nio-8082-exec-6] DEBUG hit.cs.sciencefms.mapper.TeacherMapper.selectById - <==      Total: 1
2025-06-18 10:29:00.120 [http-nio-8082-exec-6] DEBUG hit.cs.sciencefms.mapper.TeacherMapper.selectById - ==>  Preparing: SELECT id,username,real_name,gender,birth_date,title,department,position,research_area,email,phone,office_location,avatar_url,create_time,update_time,is_deleted FROM t_teacher WHERE id=? AND is_deleted=0
2025-06-18 10:29:00.120 [http-nio-8082-exec-6] DEBUG hit.cs.sciencefms.mapper.TeacherMapper.selectById - ==> Parameters: 43(Long)
2025-06-18 10:29:00.156 [http-nio-8082-exec-6] DEBUG hit.cs.sciencefms.mapper.TeacherMapper.selectById - <==      Total: 1
2025-06-18 10:29:00.157 [http-nio-8082-exec-6] DEBUG hit.cs.sciencefms.mapper.TeacherMapper.selectById - ==>  Preparing: SELECT id,username,real_name,gender,birth_date,title,department,position,research_area,email,phone,office_location,avatar_url,create_time,update_time,is_deleted FROM t_teacher WHERE id=? AND is_deleted=0
2025-06-18 10:29:00.157 [http-nio-8082-exec-6] DEBUG hit.cs.sciencefms.mapper.TeacherMapper.selectById - ==> Parameters: 42(Long)
2025-06-18 10:29:00.188 [http-nio-8082-exec-6] DEBUG hit.cs.sciencefms.mapper.TeacherMapper.selectById - <==      Total: 1
2025-06-18 10:29:00.188 [http-nio-8082-exec-6] DEBUG hit.cs.sciencefms.mapper.TeacherMapper.selectById - ==>  Preparing: SELECT id,username,real_name,gender,birth_date,title,department,position,research_area,email,phone,office_location,avatar_url,create_time,update_time,is_deleted FROM t_teacher WHERE id=? AND is_deleted=0
2025-06-18 10:29:00.188 [http-nio-8082-exec-6] DEBUG hit.cs.sciencefms.mapper.TeacherMapper.selectById - ==> Parameters: 41(Long)
2025-06-18 10:29:00.222 [http-nio-8082-exec-6] DEBUG hit.cs.sciencefms.mapper.TeacherMapper.selectById - <==      Total: 1
2025-06-18 10:29:00.223 [http-nio-8082-exec-6] DEBUG hit.cs.sciencefms.mapper.TeacherMapper.selectById - ==>  Preparing: SELECT id,username,real_name,gender,birth_date,title,department,position,research_area,email,phone,office_location,avatar_url,create_time,update_time,is_deleted FROM t_teacher WHERE id=? AND is_deleted=0
2025-06-18 10:29:00.223 [http-nio-8082-exec-6] DEBUG hit.cs.sciencefms.mapper.TeacherMapper.selectById - ==> Parameters: 2(Long)
2025-06-18 10:29:00.260 [http-nio-8082-exec-6] DEBUG hit.cs.sciencefms.mapper.TeacherMapper.selectById - <==      Total: 1
2025-06-18 10:29:00.261 [http-nio-8082-exec-6] DEBUG hit.cs.sciencefms.mapper.TeacherMapper.selectById - ==>  Preparing: SELECT id,username,real_name,gender,birth_date,title,department,position,research_area,email,phone,office_location,avatar_url,create_time,update_time,is_deleted FROM t_teacher WHERE id=? AND is_deleted=0
2025-06-18 10:29:00.261 [http-nio-8082-exec-6] DEBUG hit.cs.sciencefms.mapper.TeacherMapper.selectById - ==> Parameters: 1(Long)
2025-06-18 10:29:00.303 [http-nio-8082-exec-6] DEBUG hit.cs.sciencefms.mapper.TeacherMapper.selectById - <==      Total: 1
2025-06-18 10:29:00.303 [http-nio-8082-exec-6] DEBUG hit.cs.sciencefms.mapper.TeacherMapper.selectById - ==>  Preparing: SELECT id,username,real_name,gender,birth_date,title,department,position,research_area,email,phone,office_location,avatar_url,create_time,update_time,is_deleted FROM t_teacher WHERE id=? AND is_deleted=0
2025-06-18 10:29:00.303 [http-nio-8082-exec-6] DEBUG hit.cs.sciencefms.mapper.TeacherMapper.selectById - ==> Parameters: 3(Long)
2025-06-18 10:29:00.343 [http-nio-8082-exec-6] DEBUG hit.cs.sciencefms.mapper.TeacherMapper.selectById - <==      Total: 1
2025-06-18 10:29:00.344 [http-nio-8082-exec-6] DEBUG hit.cs.sciencefms.mapper.TeacherMapper.selectById - ==>  Preparing: SELECT id,username,real_name,gender,birth_date,title,department,position,research_area,email,phone,office_location,avatar_url,create_time,update_time,is_deleted FROM t_teacher WHERE id=? AND is_deleted=0
2025-06-18 10:29:00.344 [http-nio-8082-exec-6] DEBUG hit.cs.sciencefms.mapper.TeacherMapper.selectById - ==> Parameters: 42(Long)
2025-06-18 10:29:00.385 [http-nio-8082-exec-6] DEBUG hit.cs.sciencefms.mapper.TeacherMapper.selectById - <==      Total: 1
2025-06-18 10:29:00.385 [http-nio-8082-exec-6] DEBUG hit.cs.sciencefms.mapper.TeacherMapper.selectById - ==>  Preparing: SELECT id,username,real_name,gender,birth_date,title,department,position,research_area,email,phone,office_location,avatar_url,create_time,update_time,is_deleted FROM t_teacher WHERE id=? AND is_deleted=0
2025-06-18 10:29:00.385 [http-nio-8082-exec-6] DEBUG hit.cs.sciencefms.mapper.TeacherMapper.selectById - ==> Parameters: 43(Long)
2025-06-18 10:29:00.423 [http-nio-8082-exec-6] DEBUG hit.cs.sciencefms.mapper.TeacherMapper.selectById - <==      Total: 1
2025-06-18 10:29:00.423 [http-nio-8082-exec-6] DEBUG hit.cs.sciencefms.mapper.TeacherMapper.selectById - ==>  Preparing: SELECT id,username,real_name,gender,birth_date,title,department,position,research_area,email,phone,office_location,avatar_url,create_time,update_time,is_deleted FROM t_teacher WHERE id=? AND is_deleted=0
2025-06-18 10:29:00.423 [http-nio-8082-exec-6] DEBUG hit.cs.sciencefms.mapper.TeacherMapper.selectById - ==> Parameters: 42(Long)
2025-06-18 10:29:00.460 [http-nio-8082-exec-6] DEBUG hit.cs.sciencefms.mapper.TeacherMapper.selectById - <==      Total: 1
2025-06-18 10:29:00.460 [http-nio-8082-exec-6] DEBUG hit.cs.sciencefms.mapper.TeacherMapper.selectById - ==>  Preparing: SELECT id,username,real_name,gender,birth_date,title,department,position,research_area,email,phone,office_location,avatar_url,create_time,update_time,is_deleted FROM t_teacher WHERE id=? AND is_deleted=0
2025-06-18 10:29:00.460 [http-nio-8082-exec-6] DEBUG hit.cs.sciencefms.mapper.TeacherMapper.selectById - ==> Parameters: 40(Long)
2025-06-18 10:29:00.496 [http-nio-8082-exec-6] DEBUG hit.cs.sciencefms.mapper.TeacherMapper.selectById - <==      Total: 1
2025-06-18 10:29:00.496 [http-nio-8082-exec-6] DEBUG hit.cs.sciencefms.mapper.TeacherMapper.selectById - ==>  Preparing: SELECT id,username,real_name,gender,birth_date,title,department,position,research_area,email,phone,office_location,avatar_url,create_time,update_time,is_deleted FROM t_teacher WHERE id=? AND is_deleted=0
2025-06-18 10:29:00.496 [http-nio-8082-exec-6] DEBUG hit.cs.sciencefms.mapper.TeacherMapper.selectById - ==> Parameters: 41(Long)
2025-06-18 10:29:00.537 [http-nio-8082-exec-6] DEBUG hit.cs.sciencefms.mapper.TeacherMapper.selectById - <==      Total: 1
2025-06-18 10:29:00.537 [http-nio-8082-exec-6] DEBUG hit.cs.sciencefms.mapper.TeacherMapper.selectById - ==>  Preparing: SELECT id,username,real_name,gender,birth_date,title,department,position,research_area,email,phone,office_location,avatar_url,create_time,update_time,is_deleted FROM t_teacher WHERE id=? AND is_deleted=0
2025-06-18 10:29:00.538 [http-nio-8082-exec-6] DEBUG hit.cs.sciencefms.mapper.TeacherMapper.selectById - ==> Parameters: 41(Long)
2025-06-18 10:29:00.572 [http-nio-8082-exec-6] DEBUG hit.cs.sciencefms.mapper.TeacherMapper.selectById - <==      Total: 1
2025-06-18 10:29:00.573 [http-nio-8082-exec-6] DEBUG hit.cs.sciencefms.mapper.TeacherMapper.selectById - ==>  Preparing: SELECT id,username,real_name,gender,birth_date,title,department,position,research_area,email,phone,office_location,avatar_url,create_time,update_time,is_deleted FROM t_teacher WHERE id=? AND is_deleted=0
2025-06-18 10:29:00.573 [http-nio-8082-exec-6] DEBUG hit.cs.sciencefms.mapper.TeacherMapper.selectById - ==> Parameters: 1(Long)
2025-06-18 10:29:00.644 [http-nio-8082-exec-6] DEBUG hit.cs.sciencefms.mapper.TeacherMapper.selectById - <==      Total: 1
2025-06-18 10:29:00.645 [http-nio-8082-exec-6] DEBUG hit.cs.sciencefms.mapper.TeacherMapper.selectById - ==>  Preparing: SELECT id,username,real_name,gender,birth_date,title,department,position,research_area,email,phone,office_location,avatar_url,create_time,update_time,is_deleted FROM t_teacher WHERE id=? AND is_deleted=0
2025-06-18 10:29:00.645 [http-nio-8082-exec-6] DEBUG hit.cs.sciencefms.mapper.TeacherMapper.selectById - ==> Parameters: 2(Long)
2025-06-18 10:29:00.685 [http-nio-8082-exec-6] DEBUG hit.cs.sciencefms.mapper.TeacherMapper.selectById - <==      Total: 1
2025-06-18 10:29:00.685 [http-nio-8082-exec-6] DEBUG hit.cs.sciencefms.mapper.TeacherMapper.selectById - ==>  Preparing: SELECT id,username,real_name,gender,birth_date,title,department,position,research_area,email,phone,office_location,avatar_url,create_time,update_time,is_deleted FROM t_teacher WHERE id=? AND is_deleted=0
2025-06-18 10:29:00.685 [http-nio-8082-exec-6] DEBUG hit.cs.sciencefms.mapper.TeacherMapper.selectById - ==> Parameters: 3(Long)
2025-06-18 10:29:00.728 [http-nio-8082-exec-6] DEBUG hit.cs.sciencefms.mapper.TeacherMapper.selectById - <==      Total: 1
2025-06-18 10:29:00.728 [http-nio-8082-exec-6] DEBUG hit.cs.sciencefms.mapper.TeacherMapper.selectById - ==>  Preparing: SELECT id,username,real_name,gender,birth_date,title,department,position,research_area,email,phone,office_location,avatar_url,create_time,update_time,is_deleted FROM t_teacher WHERE id=? AND is_deleted=0
2025-06-18 10:29:00.729 [http-nio-8082-exec-6] DEBUG hit.cs.sciencefms.mapper.TeacherMapper.selectById - ==> Parameters: 1(Long)
2025-06-18 10:29:00.761 [http-nio-8082-exec-6] DEBUG hit.cs.sciencefms.mapper.TeacherMapper.selectById - <==      Total: 1
2025-06-18 10:29:00.762 [http-nio-8082-exec-6] DEBUG hit.cs.sciencefms.mapper.TeacherMapper.selectById - ==>  Preparing: SELECT id,username,real_name,gender,birth_date,title,department,position,research_area,email,phone,office_location,avatar_url,create_time,update_time,is_deleted FROM t_teacher WHERE id=? AND is_deleted=0
2025-06-18 10:29:00.762 [http-nio-8082-exec-6] DEBUG hit.cs.sciencefms.mapper.TeacherMapper.selectById - ==> Parameters: 1(Long)
2025-06-18 10:29:00.800 [http-nio-8082-exec-6] DEBUG hit.cs.sciencefms.mapper.TeacherMapper.selectById - <==      Total: 1
2025-06-18 10:29:00.801 [http-nio-8082-exec-6] DEBUG hit.cs.sciencefms.mapper.TeacherMapper.selectById - ==>  Preparing: SELECT id,username,real_name,gender,birth_date,title,department,position,research_area,email,phone,office_location,avatar_url,create_time,update_time,is_deleted FROM t_teacher WHERE id=? AND is_deleted=0
2025-06-18 10:29:00.801 [http-nio-8082-exec-6] DEBUG hit.cs.sciencefms.mapper.TeacherMapper.selectById - ==> Parameters: 3(Long)
2025-06-18 10:29:00.850 [http-nio-8082-exec-6] DEBUG hit.cs.sciencefms.mapper.TeacherMapper.selectById - <==      Total: 1
2025-06-18 10:29:00.851 [http-nio-8082-exec-6] DEBUG hit.cs.sciencefms.mapper.TeacherMapper.selectById - ==>  Preparing: SELECT id,username,real_name,gender,birth_date,title,department,position,research_area,email,phone,office_location,avatar_url,create_time,update_time,is_deleted FROM t_teacher WHERE id=? AND is_deleted=0
2025-06-18 10:29:00.851 [http-nio-8082-exec-6] DEBUG hit.cs.sciencefms.mapper.TeacherMapper.selectById - ==> Parameters: 1(Long)
2025-06-18 10:29:00.888 [http-nio-8082-exec-6] DEBUG hit.cs.sciencefms.mapper.TeacherMapper.selectById - <==      Total: 1
2025-06-18 10:29:00.888 [http-nio-8082-exec-6] DEBUG hit.cs.sciencefms.mapper.TeacherMapper.selectById - ==>  Preparing: SELECT id,username,real_name,gender,birth_date,title,department,position,research_area,email,phone,office_location,avatar_url,create_time,update_time,is_deleted FROM t_teacher WHERE id=? AND is_deleted=0
2025-06-18 10:29:00.888 [http-nio-8082-exec-6] DEBUG hit.cs.sciencefms.mapper.TeacherMapper.selectById - ==> Parameters: 2(Long)
2025-06-18 10:29:00.925 [http-nio-8082-exec-6] DEBUG hit.cs.sciencefms.mapper.TeacherMapper.selectById - <==      Total: 1
2025-06-18 10:29:00.925 [http-nio-8082-exec-6] DEBUG hit.cs.sciencefms.mapper.TeacherMapper.selectById - ==>  Preparing: SELECT id,username,real_name,gender,birth_date,title,department,position,research_area,email,phone,office_location,avatar_url,create_time,update_time,is_deleted FROM t_teacher WHERE id=? AND is_deleted=0
2025-06-18 10:29:00.926 [http-nio-8082-exec-6] DEBUG hit.cs.sciencefms.mapper.TeacherMapper.selectById - ==> Parameters: 2(Long)
2025-06-18 10:29:00.976 [http-nio-8082-exec-6] DEBUG hit.cs.sciencefms.mapper.TeacherMapper.selectById - <==      Total: 1
2025-06-18 10:29:01.689 [http-nio-8082-exec-6] ERROR o.a.c.c.C.[.[localhost].[/].[dispatcherServlet] - Servlet.service() for servlet [dispatcherServlet] in context with path [] threw exception [Request processing failed: java.lang.IllegalArgumentException: text cannot be null or blank] with root cause
java.lang.IllegalArgumentException: text cannot be null or blank
	at dev.langchain4j.internal.Exceptions.illegalArgument(Exceptions.java:19)
	at dev.langchain4j.internal.ValidationUtils.ensureNotBlank(ValidationUtils.java:98)
	at dev.langchain4j.data.message.AiMessage.<init>(AiMessage.java:30)
	at dev.langchain4j.data.message.AiMessage.from(AiMessage.java:100)
	at dev.langchain4j.data.message.AiMessage.aiMessage(AiMessage.java:127)
	at dev.langchain4j.model.qianfan.InternalQianfanHelper.aiMessageFrom(InternalQianfanHelper.java:162)
	at dev.langchain4j.model.qianfan.QianfanChatModel.generate(QianfanChatModel.java:131)
	at dev.langchain4j.model.qianfan.QianfanChatModel.generate(QianfanChatModel.java:90)
	at dev.langchain4j.model.chat.ChatLanguageModel.generate(ChatLanguageModel.java:39)
	at dev.langchain4j.model.chat.ChatLanguageModel.generate(ChatLanguageModel.java:27)
	at hit.cs.sciencefms.service.impl.ResearchSummaryServiceImpl.generateTrendAnalysis(ResearchSummaryServiceImpl.java:132)
	at hit.cs.sciencefms.service.impl.ResearchSummaryServiceImpl.generateResearchAnalysis(ResearchSummaryServiceImpl.java:92)
	at hit.cs.sciencefms.controller.AdminDashboardController.getResearchAnalysis(AdminDashboardController.java:51)
	at java.base/jdk.internal.reflect.NativeMethodAccessorImpl.invoke0(Native Method)
	at java.base/jdk.internal.reflect.NativeMethodAccessorImpl.invoke(NativeMethodAccessorImpl.java:77)
	at java.base/jdk.internal.reflect.DelegatingMethodAccessorImpl.invoke(DelegatingMethodAccessorImpl.java:43)
	at java.base/java.lang.reflect.Method.invoke(Method.java:568)
	at org.springframework.web.method.support.InvocableHandlerMethod.doInvoke(InvocableHandlerMethod.java:207)
	at org.springframework.web.method.support.InvocableHandlerMethod.invokeForRequest(InvocableHandlerMethod.java:152)
	at org.springframework.web.servlet.mvc.method.annotation.ServletInvocableHandlerMethod.invokeAndHandle(ServletInvocableHandlerMethod.java:117)
	at org.springframework.web.servlet.mvc.method.annotation.RequestMappingHandlerAdapter.invokeHandlerMethod(RequestMappingHandlerAdapter.java:884)
	at org.springframework.web.servlet.mvc.method.annotation.RequestMappingHandlerAdapter.handleInternal(RequestMappingHandlerAdapter.java:797)
	at org.springframework.web.servlet.mvc.method.AbstractHandlerMethodAdapter.handle(AbstractHandlerMethodAdapter.java:87)
	at org.springframework.web.servlet.DispatcherServlet.doDispatch(DispatcherServlet.java:1080)
	at org.springframework.web.servlet.DispatcherServlet.doService(DispatcherServlet.java:973)
	at org.springframework.web.servlet.FrameworkServlet.processRequest(FrameworkServlet.java:1011)
	at org.springframework.web.servlet.FrameworkServlet.doGet(FrameworkServlet.java:903)
	at jakarta.servlet.http.HttpServlet.service(HttpServlet.java:705)
	at org.springframework.web.servlet.FrameworkServlet.service(FrameworkServlet.java:885)
	at jakarta.servlet.http.HttpServlet.service(HttpServlet.java:814)
	at org.apache.catalina.core.ApplicationFilterChain.internalDoFilter(ApplicationFilterChain.java:223)
	at org.apache.catalina.core.ApplicationFilterChain.doFilter(ApplicationFilterChain.java:158)
	at org.apache.tomcat.websocket.server.WsFilter.doFilter(WsFilter.java:53)
	at org.apache.catalina.core.ApplicationFilterChain.internalDoFilter(ApplicationFilterChain.java:185)
	at org.apache.catalina.core.ApplicationFilterChain.doFilter(ApplicationFilterChain.java:158)
	at org.springframework.web.filter.RequestContextFilter.doFilterInternal(RequestContextFilter.java:100)
	at org.springframework.web.filter.OncePerRequestFilter.doFilter(OncePerRequestFilter.java:116)
	at org.apache.catalina.core.ApplicationFilterChain.internalDoFilter(ApplicationFilterChain.java:185)
	at org.apache.catalina.core.ApplicationFilterChain.doFilter(ApplicationFilterChain.java:158)
	at org.springframework.web.filter.FormContentFilter.doFilterInternal(FormContentFilter.java:93)
	at org.springframework.web.filter.OncePerRequestFilter.doFilter(OncePerRequestFilter.java:116)
	at org.apache.catalina.core.ApplicationFilterChain.internalDoFilter(ApplicationFilterChain.java:185)
	at org.apache.catalina.core.ApplicationFilterChain.doFilter(ApplicationFilterChain.java:158)
	at hit.cs.sciencefms.config.JwtFilter.doFilterInternal(JwtFilter.java:91)
	at org.springframework.web.filter.OncePerRequestFilter.doFilter(OncePerRequestFilter.java:116)
	at org.apache.catalina.core.ApplicationFilterChain.internalDoFilter(ApplicationFilterChain.java:185)
	at org.apache.catalina.core.ApplicationFilterChain.doFilter(ApplicationFilterChain.java:158)
	at org.springframework.web.filter.CharacterEncodingFilter.doFilterInternal(CharacterEncodingFilter.java:201)
	at org.springframework.web.filter.OncePerRequestFilter.doFilter(OncePerRequestFilter.java:116)
	at org.apache.catalina.core.ApplicationFilterChain.internalDoFilter(ApplicationFilterChain.java:185)
	at org.apache.catalina.core.ApplicationFilterChain.doFilter(ApplicationFilterChain.java:158)
	at hit.cs.sciencefms.config.CorsFilter.doFilter(CorsFilter.java:44)
	at org.apache.catalina.core.ApplicationFilterChain.internalDoFilter(ApplicationFilterChain.java:185)
	at org.apache.catalina.core.ApplicationFilterChain.doFilter(ApplicationFilterChain.java:158)
	at org.apache.catalina.core.StandardWrapperValve.invoke(StandardWrapperValve.java:177)
	at org.apache.catalina.core.StandardContextValve.invoke(StandardContextValve.java:97)
	at org.apache.catalina.authenticator.AuthenticatorBase.invoke(AuthenticatorBase.java:542)
	at org.apache.catalina.core.StandardHostValve.invoke(StandardHostValve.java:119)
	at org.apache.catalina.valves.ErrorReportValve.invoke(ErrorReportValve.java:92)
	at org.apache.catalina.core.StandardEngineValve.invoke(StandardEngineValve.java:78)
	at org.apache.catalina.connector.CoyoteAdapter.service(CoyoteAdapter.java:357)
	at org.apache.coyote.http11.Http11Processor.service(Http11Processor.java:400)
	at org.apache.coyote.AbstractProcessorLight.process(AbstractProcessorLight.java:65)
	at org.apache.coyote.AbstractProtocol$ConnectionHandler.process(AbstractProtocol.java:859)
	at org.apache.tomcat.util.net.NioEndpoint$SocketProcessor.doRun(NioEndpoint.java:1734)
	at org.apache.tomcat.util.net.SocketProcessorBase.run(SocketProcessorBase.java:52)
	at org.apache.tomcat.util.threads.ThreadPoolExecutor.runWorker(ThreadPoolExecutor.java:1191)
	at org.apache.tomcat.util.threads.ThreadPoolExecutor$Worker.run(ThreadPoolExecutor.java:659)
	at org.apache.tomcat.util.threads.TaskThread$WrappingRunnable.run(TaskThread.java:61)
	at java.base/java.lang.Thread.run(Thread.java:842)
2025-06-18 10:31:49.003 [SpringApplicationShutdownHook] INFO  com.zaxxer.hikari.HikariDataSource - HikariPool-1 - Shutdown initiated...
2025-06-18 10:31:49.012 [SpringApplicationShutdownHook] INFO  com.zaxxer.hikari.HikariDataSource - HikariPool-1 - Shutdown completed.
2025-06-18 10:31:52.088 [main] INFO  hit.cs.sciencefms.ScienceFmsApplication - Starting ScienceFmsApplication using Java 17.0.10 with PID 16292 (D:\Codes\SchoolProject\Java\SoftwareProjection\scienceSystem\BackEnd\scienceFMS\target\classes started by DELL in D:\Codes\SchoolProject\Java\SoftwareProjection\scienceSystem\BackEnd)
2025-06-18 10:31:52.089 [main] DEBUG hit.cs.sciencefms.ScienceFmsApplication - Running with Spring Boot v3.0.2, Spring v6.0.4
2025-06-18 10:31:52.090 [main] INFO  hit.cs.sciencefms.ScienceFmsApplication - No active profile set, falling back to 1 default profile: "default"
2025-06-18 10:31:52.791 [main] INFO  o.s.boot.web.embedded.tomcat.TomcatWebServer - Tomcat initialized with port(s): 8082 (http)
2025-06-18 10:31:52.798 [main] INFO  org.apache.catalina.core.StandardService - Starting service [Tomcat]
2025-06-18 10:31:52.798 [main] INFO  org.apache.catalina.core.StandardEngine - Starting Servlet engine: [Apache Tomcat/10.1.5]
2025-06-18 10:31:52.867 [main] INFO  o.a.c.core.ContainerBase.[Tomcat].[localhost].[/] - Initializing Spring embedded WebApplicationContext
2025-06-18 10:31:52.867 [main] INFO  o.s.b.w.s.c.ServletWebServerApplicationContext - Root WebApplicationContext: initialization completed in 751 ms
2025-06-18 10:31:52.943 [main] DEBUG hit.cs.sciencefms.config.JwtFilter - Filter 'jwtFilter' configured for use
2025-06-18 10:31:53.244 [main] WARN  o.s.b.w.s.c.AnnotationConfigServletWebServerApplicationContext - Exception encountered during context initialization - cancelling refresh attempt: org.springframework.beans.factory.UnsatisfiedDependencyException: Error creating bean with name 'adminDashboardController' defined in file [D:\Codes\SchoolProject\Java\SoftwareProjection\scienceSystem\BackEnd\scienceFMS\target\classes\hit\cs\sciencefms\controller\AdminDashboardController.class]: Unsatisfied dependency expressed through constructor parameter 1: Error creating bean with name 'researchSummaryServiceImpl': Unsatisfied dependency expressed through field 'chatLanguageModel': Error creating bean with name 'qianfanChatLanguageModel' defined in class path resource [hit/cs/sciencefms/config/LangChain4jConfig.class]: Failed to instantiate [dev.langchain4j.model.chat.ChatLanguageModel]: Factory method 'qianfanChatLanguageModel' threw exception with message: Qianfan is no such model name. You can see model name here: https://cloud.baidu.com/doc/WENXINWORKSHOP/s/Nlks5zkzu
2025-06-18 10:31:53.246 [main] INFO  org.apache.catalina.core.StandardService - Stopping service [Tomcat]
2025-06-18 10:31:53.256 [main] INFO  o.s.b.a.logging.ConditionEvaluationReportLogger - 

Error starting ApplicationContext. To display the condition evaluation report re-run your application with 'debug' enabled.
2025-06-18 10:31:53.266 [main] ERROR org.springframework.boot.SpringApplication - Application run failed
org.springframework.beans.factory.UnsatisfiedDependencyException: Error creating bean with name 'adminDashboardController' defined in file [D:\Codes\SchoolProject\Java\SoftwareProjection\scienceSystem\BackEnd\scienceFMS\target\classes\hit\cs\sciencefms\controller\AdminDashboardController.class]: Unsatisfied dependency expressed through constructor parameter 1: Error creating bean with name 'researchSummaryServiceImpl': Unsatisfied dependency expressed through field 'chatLanguageModel': Error creating bean with name 'qianfanChatLanguageModel' defined in class path resource [hit/cs/sciencefms/config/LangChain4jConfig.class]: Failed to instantiate [dev.langchain4j.model.chat.ChatLanguageModel]: Factory method 'qianfanChatLanguageModel' threw exception with message: Qianfan is no such model name. You can see model name here: https://cloud.baidu.com/doc/WENXINWORKSHOP/s/Nlks5zkzu
	at org.springframework.beans.factory.support.ConstructorResolver.createArgumentArray(ConstructorResolver.java:798)
	at org.springframework.beans.factory.support.ConstructorResolver.autowireConstructor(ConstructorResolver.java:245)
	at org.springframework.beans.factory.support.AbstractAutowireCapableBeanFactory.autowireConstructor(AbstractAutowireCapableBeanFactory.java:1344)
	at org.springframework.beans.factory.support.AbstractAutowireCapableBeanFactory.createBeanInstance(AbstractAutowireCapableBeanFactory.java:1188)
	at org.springframework.beans.factory.support.AbstractAutowireCapableBeanFactory.doCreateBean(AbstractAutowireCapableBeanFactory.java:561)
	at org.springframework.beans.factory.support.AbstractAutowireCapableBeanFactory.createBean(AbstractAutowireCapableBeanFactory.java:521)
	at org.springframework.beans.factory.support.AbstractBeanFactory.lambda$doGetBean$0(AbstractBeanFactory.java:326)
	at org.springframework.beans.factory.support.DefaultSingletonBeanRegistry.getSingleton(DefaultSingletonBeanRegistry.java:234)
	at org.springframework.beans.factory.support.AbstractBeanFactory.doGetBean(AbstractBeanFactory.java:324)
	at org.springframework.beans.factory.support.AbstractBeanFactory.getBean(AbstractBeanFactory.java:200)
	at org.springframework.beans.factory.support.DefaultListableBeanFactory.preInstantiateSingletons(DefaultListableBeanFactory.java:961)
	at org.springframework.context.support.AbstractApplicationContext.finishBeanFactoryInitialization(AbstractApplicationContext.java:915)
	at org.springframework.context.support.AbstractApplicationContext.refresh(AbstractApplicationContext.java:584)
	at org.springframework.boot.web.servlet.context.ServletWebServerApplicationContext.refresh(ServletWebServerApplicationContext.java:146)
	at org.springframework.boot.SpringApplication.refresh(SpringApplication.java:730)
	at org.springframework.boot.SpringApplication.refreshContext(SpringApplication.java:432)
	at org.springframework.boot.SpringApplication.run(SpringApplication.java:308)
	at org.springframework.boot.SpringApplication.run(SpringApplication.java:1302)
	at org.springframework.boot.SpringApplication.run(SpringApplication.java:1291)
	at hit.cs.sciencefms.ScienceFmsApplication.main(ScienceFmsApplication.java:10)
Caused by: org.springframework.beans.factory.UnsatisfiedDependencyException: Error creating bean with name 'researchSummaryServiceImpl': Unsatisfied dependency expressed through field 'chatLanguageModel': Error creating bean with name 'qianfanChatLanguageModel' defined in class path resource [hit/cs/sciencefms/config/LangChain4jConfig.class]: Failed to instantiate [dev.langchain4j.model.chat.ChatLanguageModel]: Factory method 'qianfanChatLanguageModel' threw exception with message: Qianfan is no such model name. You can see model name here: https://cloud.baidu.com/doc/WENXINWORKSHOP/s/Nlks5zkzu
	at org.springframework.beans.factory.annotation.AutowiredAnnotationBeanPostProcessor$AutowiredFieldElement.resolveFieldValue(AutowiredAnnotationBeanPostProcessor.java:712)
	at org.springframework.beans.factory.annotation.AutowiredAnnotationBeanPostProcessor$AutowiredFieldElement.inject(AutowiredAnnotationBeanPostProcessor.java:692)
	at org.springframework.beans.factory.annotation.InjectionMetadata.inject(InjectionMetadata.java:133)
	at org.springframework.beans.factory.annotation.AutowiredAnnotationBeanPostProcessor.postProcessProperties(AutowiredAnnotationBeanPostProcessor.java:481)
	at org.springframework.beans.factory.support.AbstractAutowireCapableBeanFactory.populateBean(AbstractAutowireCapableBeanFactory.java:1397)
	at org.springframework.beans.factory.support.AbstractAutowireCapableBeanFactory.doCreateBean(AbstractAutowireCapableBeanFactory.java:598)
	at org.springframework.beans.factory.support.AbstractAutowireCapableBeanFactory.createBean(AbstractAutowireCapableBeanFactory.java:521)
	at org.springframework.beans.factory.support.AbstractBeanFactory.lambda$doGetBean$0(AbstractBeanFactory.java:326)
	at org.springframework.beans.factory.support.DefaultSingletonBeanRegistry.getSingleton(DefaultSingletonBeanRegistry.java:234)
	at org.springframework.beans.factory.support.AbstractBeanFactory.doGetBean(AbstractBeanFactory.java:324)
	at org.springframework.beans.factory.support.AbstractBeanFactory.getBean(AbstractBeanFactory.java:200)
	at org.springframework.beans.factory.config.DependencyDescriptor.resolveCandidate(DependencyDescriptor.java:254)
	at org.springframework.beans.factory.support.DefaultListableBeanFactory.doResolveDependency(DefaultListableBeanFactory.java:1405)
	at org.springframework.beans.factory.support.DefaultListableBeanFactory.resolveDependency(DefaultListableBeanFactory.java:1325)
	at org.springframework.beans.factory.support.ConstructorResolver.resolveAutowiredArgument(ConstructorResolver.java:885)
	at org.springframework.beans.factory.support.ConstructorResolver.createArgumentArray(ConstructorResolver.java:789)
	... 19 common frames omitted
Caused by: org.springframework.beans.factory.BeanCreationException: Error creating bean with name 'qianfanChatLanguageModel' defined in class path resource [hit/cs/sciencefms/config/LangChain4jConfig.class]: Failed to instantiate [dev.langchain4j.model.chat.ChatLanguageModel]: Factory method 'qianfanChatLanguageModel' threw exception with message: Qianfan is no such model name. You can see model name here: https://cloud.baidu.com/doc/WENXINWORKSHOP/s/Nlks5zkzu
	at org.springframework.beans.factory.support.ConstructorResolver.instantiate(ConstructorResolver.java:657)
	at org.springframework.beans.factory.support.ConstructorResolver.instantiateUsingFactoryMethod(ConstructorResolver.java:491)
	at org.springframework.beans.factory.support.AbstractAutowireCapableBeanFactory.instantiateUsingFactoryMethod(AbstractAutowireCapableBeanFactory.java:1324)
	at org.springframework.beans.factory.support.AbstractAutowireCapableBeanFactory.createBeanInstance(AbstractAutowireCapableBeanFactory.java:1161)
	at org.springframework.beans.factory.support.AbstractAutowireCapableBeanFactory.doCreateBean(AbstractAutowireCapableBeanFactory.java:561)
	at org.springframework.beans.factory.support.AbstractAutowireCapableBeanFactory.createBean(AbstractAutowireCapableBeanFactory.java:521)
	at org.springframework.beans.factory.support.AbstractBeanFactory.lambda$doGetBean$0(AbstractBeanFactory.java:326)
	at org.springframework.beans.factory.support.DefaultSingletonBeanRegistry.getSingleton(DefaultSingletonBeanRegistry.java:234)
	at org.springframework.beans.factory.support.AbstractBeanFactory.doGetBean(AbstractBeanFactory.java:324)
	at org.springframework.beans.factory.support.AbstractBeanFactory.getBean(AbstractBeanFactory.java:200)
	at org.springframework.beans.factory.config.DependencyDescriptor.resolveCandidate(DependencyDescriptor.java:254)
	at org.springframework.beans.factory.support.DefaultListableBeanFactory.doResolveDependency(DefaultListableBeanFactory.java:1405)
	at org.springframework.beans.factory.support.DefaultListableBeanFactory.resolveDependency(DefaultListableBeanFactory.java:1325)
	at org.springframework.beans.factory.annotation.AutowiredAnnotationBeanPostProcessor$AutowiredFieldElement.resolveFieldValue(AutowiredAnnotationBeanPostProcessor.java:709)
	... 34 common frames omitted
Caused by: org.springframework.beans.BeanInstantiationException: Failed to instantiate [dev.langchain4j.model.chat.ChatLanguageModel]: Factory method 'qianfanChatLanguageModel' threw exception with message: Qianfan is no such model name. You can see model name here: https://cloud.baidu.com/doc/WENXINWORKSHOP/s/Nlks5zkzu
	at org.springframework.beans.factory.support.SimpleInstantiationStrategy.instantiate(SimpleInstantiationStrategy.java:171)
	at org.springframework.beans.factory.support.ConstructorResolver.instantiate(ConstructorResolver.java:653)
	... 47 common frames omitted
Caused by: java.lang.IllegalArgumentException: Qianfan is no such model name. You can see model name here: https://cloud.baidu.com/doc/WENXINWORKSHOP/s/Nlks5zkzu
	at dev.langchain4j.model.qianfan.QianfanChatModel.<init>(QianfanChatModel.java:67)
	at dev.langchain4j.model.qianfan.QianfanChatModel$QianfanChatModelBuilder.build(QianfanChatModel.java:45)
	at hit.cs.sciencefms.config.LangChain4jConfig.qianfanChatLanguageModel(LangChain4jConfig.java:42)
	at hit.cs.sciencefms.config.LangChain4jConfig$$SpringCGLIB$$0.CGLIB$qianfanChatLanguageModel$0(<generated>)
	at hit.cs.sciencefms.config.LangChain4jConfig$$SpringCGLIB$$2.invoke(<generated>)
	at org.springframework.cglib.proxy.MethodProxy.invokeSuper(MethodProxy.java:258)
	at org.springframework.context.annotation.ConfigurationClassEnhancer$BeanMethodInterceptor.intercept(ConfigurationClassEnhancer.java:331)
	at hit.cs.sciencefms.config.LangChain4jConfig$$SpringCGLIB$$0.qianfanChatLanguageModel(<generated>)
	at java.base/jdk.internal.reflect.NativeMethodAccessorImpl.invoke0(Native Method)
	at java.base/jdk.internal.reflect.NativeMethodAccessorImpl.invoke(NativeMethodAccessorImpl.java:77)
	at java.base/jdk.internal.reflect.DelegatingMethodAccessorImpl.invoke(DelegatingMethodAccessorImpl.java:43)
	at java.base/java.lang.reflect.Method.invoke(Method.java:568)
	at org.springframework.beans.factory.support.SimpleInstantiationStrategy.instantiate(SimpleInstantiationStrategy.java:139)
	... 48 common frames omitted
2025-06-18 10:33:08.651 [main] INFO  hit.cs.sciencefms.ScienceFmsApplication - Starting ScienceFmsApplication using Java 17.0.10 with PID 30436 (D:\Codes\SchoolProject\Java\SoftwareProjection\scienceSystem\BackEnd\scienceFMS\target\classes started by DELL in D:\Codes\SchoolProject\Java\SoftwareProjection\scienceSystem\BackEnd)
2025-06-18 10:33:08.653 [main] DEBUG hit.cs.sciencefms.ScienceFmsApplication - Running with Spring Boot v3.0.2, Spring v6.0.4
2025-06-18 10:33:08.653 [main] INFO  hit.cs.sciencefms.ScienceFmsApplication - No active profile set, falling back to 1 default profile: "default"
2025-06-18 10:33:09.376 [main] INFO  o.s.boot.web.embedded.tomcat.TomcatWebServer - Tomcat initialized with port(s): 8082 (http)
2025-06-18 10:33:09.383 [main] INFO  org.apache.catalina.core.StandardService - Starting service [Tomcat]
2025-06-18 10:33:09.383 [main] INFO  org.apache.catalina.core.StandardEngine - Starting Servlet engine: [Apache Tomcat/10.1.5]
2025-06-18 10:33:09.467 [main] INFO  o.a.c.core.ContainerBase.[Tomcat].[localhost].[/] - Initializing Spring embedded WebApplicationContext
2025-06-18 10:33:09.468 [main] INFO  o.s.b.w.s.c.ServletWebServerApplicationContext - Root WebApplicationContext: initialization completed in 787 ms
2025-06-18 10:33:09.540 [main] DEBUG hit.cs.sciencefms.config.JwtFilter - Filter 'jwtFilter' configured for use
2025-06-18 10:33:09.861 [main] WARN  o.s.b.w.s.c.AnnotationConfigServletWebServerApplicationContext - Exception encountered during context initialization - cancelling refresh attempt: org.springframework.beans.factory.UnsatisfiedDependencyException: Error creating bean with name 'adminDashboardController' defined in file [D:\Codes\SchoolProject\Java\SoftwareProjection\scienceSystem\BackEnd\scienceFMS\target\classes\hit\cs\sciencefms\controller\AdminDashboardController.class]: Unsatisfied dependency expressed through constructor parameter 1: Error creating bean with name 'researchSummaryServiceImpl': Unsatisfied dependency expressed through field 'chatLanguageModel': Error creating bean with name 'qianfanChatLanguageModel' defined in class path resource [hit/cs/sciencefms/config/LangChain4jConfig.class]: Failed to instantiate [dev.langchain4j.model.chat.ChatLanguageModel]: Factory method 'qianfanChatLanguageModel' threw exception with message: Qianfan is no such model name. You can see model name here: https://cloud.baidu.com/doc/WENXINWORKSHOP/s/Nlks5zkzu
2025-06-18 10:33:09.863 [main] INFO  org.apache.catalina.core.StandardService - Stopping service [Tomcat]
2025-06-18 10:33:09.872 [main] INFO  o.s.b.a.logging.ConditionEvaluationReportLogger - 

Error starting ApplicationContext. To display the condition evaluation report re-run your application with 'debug' enabled.
2025-06-18 10:33:09.883 [main] ERROR org.springframework.boot.SpringApplication - Application run failed
org.springframework.beans.factory.UnsatisfiedDependencyException: Error creating bean with name 'adminDashboardController' defined in file [D:\Codes\SchoolProject\Java\SoftwareProjection\scienceSystem\BackEnd\scienceFMS\target\classes\hit\cs\sciencefms\controller\AdminDashboardController.class]: Unsatisfied dependency expressed through constructor parameter 1: Error creating bean with name 'researchSummaryServiceImpl': Unsatisfied dependency expressed through field 'chatLanguageModel': Error creating bean with name 'qianfanChatLanguageModel' defined in class path resource [hit/cs/sciencefms/config/LangChain4jConfig.class]: Failed to instantiate [dev.langchain4j.model.chat.ChatLanguageModel]: Factory method 'qianfanChatLanguageModel' threw exception with message: Qianfan is no such model name. You can see model name here: https://cloud.baidu.com/doc/WENXINWORKSHOP/s/Nlks5zkzu
	at org.springframework.beans.factory.support.ConstructorResolver.createArgumentArray(ConstructorResolver.java:798)
	at org.springframework.beans.factory.support.ConstructorResolver.autowireConstructor(ConstructorResolver.java:245)
	at org.springframework.beans.factory.support.AbstractAutowireCapableBeanFactory.autowireConstructor(AbstractAutowireCapableBeanFactory.java:1344)
	at org.springframework.beans.factory.support.AbstractAutowireCapableBeanFactory.createBeanInstance(AbstractAutowireCapableBeanFactory.java:1188)
	at org.springframework.beans.factory.support.AbstractAutowireCapableBeanFactory.doCreateBean(AbstractAutowireCapableBeanFactory.java:561)
	at org.springframework.beans.factory.support.AbstractAutowireCapableBeanFactory.createBean(AbstractAutowireCapableBeanFactory.java:521)
	at org.springframework.beans.factory.support.AbstractBeanFactory.lambda$doGetBean$0(AbstractBeanFactory.java:326)
	at org.springframework.beans.factory.support.DefaultSingletonBeanRegistry.getSingleton(DefaultSingletonBeanRegistry.java:234)
	at org.springframework.beans.factory.support.AbstractBeanFactory.doGetBean(AbstractBeanFactory.java:324)
	at org.springframework.beans.factory.support.AbstractBeanFactory.getBean(AbstractBeanFactory.java:200)
	at org.springframework.beans.factory.support.DefaultListableBeanFactory.preInstantiateSingletons(DefaultListableBeanFactory.java:961)
	at org.springframework.context.support.AbstractApplicationContext.finishBeanFactoryInitialization(AbstractApplicationContext.java:915)
	at org.springframework.context.support.AbstractApplicationContext.refresh(AbstractApplicationContext.java:584)
	at org.springframework.boot.web.servlet.context.ServletWebServerApplicationContext.refresh(ServletWebServerApplicationContext.java:146)
	at org.springframework.boot.SpringApplication.refresh(SpringApplication.java:730)
	at org.springframework.boot.SpringApplication.refreshContext(SpringApplication.java:432)
	at org.springframework.boot.SpringApplication.run(SpringApplication.java:308)
	at org.springframework.boot.SpringApplication.run(SpringApplication.java:1302)
	at org.springframework.boot.SpringApplication.run(SpringApplication.java:1291)
	at hit.cs.sciencefms.ScienceFmsApplication.main(ScienceFmsApplication.java:10)
Caused by: org.springframework.beans.factory.UnsatisfiedDependencyException: Error creating bean with name 'researchSummaryServiceImpl': Unsatisfied dependency expressed through field 'chatLanguageModel': Error creating bean with name 'qianfanChatLanguageModel' defined in class path resource [hit/cs/sciencefms/config/LangChain4jConfig.class]: Failed to instantiate [dev.langchain4j.model.chat.ChatLanguageModel]: Factory method 'qianfanChatLanguageModel' threw exception with message: Qianfan is no such model name. You can see model name here: https://cloud.baidu.com/doc/WENXINWORKSHOP/s/Nlks5zkzu
	at org.springframework.beans.factory.annotation.AutowiredAnnotationBeanPostProcessor$AutowiredFieldElement.resolveFieldValue(AutowiredAnnotationBeanPostProcessor.java:712)
	at org.springframework.beans.factory.annotation.AutowiredAnnotationBeanPostProcessor$AutowiredFieldElement.inject(AutowiredAnnotationBeanPostProcessor.java:692)
	at org.springframework.beans.factory.annotation.InjectionMetadata.inject(InjectionMetadata.java:133)
	at org.springframework.beans.factory.annotation.AutowiredAnnotationBeanPostProcessor.postProcessProperties(AutowiredAnnotationBeanPostProcessor.java:481)
	at org.springframework.beans.factory.support.AbstractAutowireCapableBeanFactory.populateBean(AbstractAutowireCapableBeanFactory.java:1397)
	at org.springframework.beans.factory.support.AbstractAutowireCapableBeanFactory.doCreateBean(AbstractAutowireCapableBeanFactory.java:598)
	at org.springframework.beans.factory.support.AbstractAutowireCapableBeanFactory.createBean(AbstractAutowireCapableBeanFactory.java:521)
	at org.springframework.beans.factory.support.AbstractBeanFactory.lambda$doGetBean$0(AbstractBeanFactory.java:326)
	at org.springframework.beans.factory.support.DefaultSingletonBeanRegistry.getSingleton(DefaultSingletonBeanRegistry.java:234)
	at org.springframework.beans.factory.support.AbstractBeanFactory.doGetBean(AbstractBeanFactory.java:324)
	at org.springframework.beans.factory.support.AbstractBeanFactory.getBean(AbstractBeanFactory.java:200)
	at org.springframework.beans.factory.config.DependencyDescriptor.resolveCandidate(DependencyDescriptor.java:254)
	at org.springframework.beans.factory.support.DefaultListableBeanFactory.doResolveDependency(DefaultListableBeanFactory.java:1405)
	at org.springframework.beans.factory.support.DefaultListableBeanFactory.resolveDependency(DefaultListableBeanFactory.java:1325)
	at org.springframework.beans.factory.support.ConstructorResolver.resolveAutowiredArgument(ConstructorResolver.java:885)
	at org.springframework.beans.factory.support.ConstructorResolver.createArgumentArray(ConstructorResolver.java:789)
	... 19 common frames omitted
Caused by: org.springframework.beans.factory.BeanCreationException: Error creating bean with name 'qianfanChatLanguageModel' defined in class path resource [hit/cs/sciencefms/config/LangChain4jConfig.class]: Failed to instantiate [dev.langchain4j.model.chat.ChatLanguageModel]: Factory method 'qianfanChatLanguageModel' threw exception with message: Qianfan is no such model name. You can see model name here: https://cloud.baidu.com/doc/WENXINWORKSHOP/s/Nlks5zkzu
	at org.springframework.beans.factory.support.ConstructorResolver.instantiate(ConstructorResolver.java:657)
	at org.springframework.beans.factory.support.ConstructorResolver.instantiateUsingFactoryMethod(ConstructorResolver.java:491)
	at org.springframework.beans.factory.support.AbstractAutowireCapableBeanFactory.instantiateUsingFactoryMethod(AbstractAutowireCapableBeanFactory.java:1324)
	at org.springframework.beans.factory.support.AbstractAutowireCapableBeanFactory.createBeanInstance(AbstractAutowireCapableBeanFactory.java:1161)
	at org.springframework.beans.factory.support.AbstractAutowireCapableBeanFactory.doCreateBean(AbstractAutowireCapableBeanFactory.java:561)
	at org.springframework.beans.factory.support.AbstractAutowireCapableBeanFactory.createBean(AbstractAutowireCapableBeanFactory.java:521)
	at org.springframework.beans.factory.support.AbstractBeanFactory.lambda$doGetBean$0(AbstractBeanFactory.java:326)
	at org.springframework.beans.factory.support.DefaultSingletonBeanRegistry.getSingleton(DefaultSingletonBeanRegistry.java:234)
	at org.springframework.beans.factory.support.AbstractBeanFactory.doGetBean(AbstractBeanFactory.java:324)
	at org.springframework.beans.factory.support.AbstractBeanFactory.getBean(AbstractBeanFactory.java:200)
	at org.springframework.beans.factory.config.DependencyDescriptor.resolveCandidate(DependencyDescriptor.java:254)
	at org.springframework.beans.factory.support.DefaultListableBeanFactory.doResolveDependency(DefaultListableBeanFactory.java:1405)
	at org.springframework.beans.factory.support.DefaultListableBeanFactory.resolveDependency(DefaultListableBeanFactory.java:1325)
	at org.springframework.beans.factory.annotation.AutowiredAnnotationBeanPostProcessor$AutowiredFieldElement.resolveFieldValue(AutowiredAnnotationBeanPostProcessor.java:709)
	... 34 common frames omitted
Caused by: org.springframework.beans.BeanInstantiationException: Failed to instantiate [dev.langchain4j.model.chat.ChatLanguageModel]: Factory method 'qianfanChatLanguageModel' threw exception with message: Qianfan is no such model name. You can see model name here: https://cloud.baidu.com/doc/WENXINWORKSHOP/s/Nlks5zkzu
	at org.springframework.beans.factory.support.SimpleInstantiationStrategy.instantiate(SimpleInstantiationStrategy.java:171)
	at org.springframework.beans.factory.support.ConstructorResolver.instantiate(ConstructorResolver.java:653)
	... 47 common frames omitted
Caused by: java.lang.IllegalArgumentException: Qianfan is no such model name. You can see model name here: https://cloud.baidu.com/doc/WENXINWORKSHOP/s/Nlks5zkzu
	at dev.langchain4j.model.qianfan.QianfanChatModel.<init>(QianfanChatModel.java:67)
	at dev.langchain4j.model.qianfan.QianfanChatModel$QianfanChatModelBuilder.build(QianfanChatModel.java:45)
	at hit.cs.sciencefms.config.LangChain4jConfig.qianfanChatLanguageModel(LangChain4jConfig.java:42)
	at hit.cs.sciencefms.config.LangChain4jConfig$$SpringCGLIB$$0.CGLIB$qianfanChatLanguageModel$0(<generated>)
	at hit.cs.sciencefms.config.LangChain4jConfig$$SpringCGLIB$$2.invoke(<generated>)
	at org.springframework.cglib.proxy.MethodProxy.invokeSuper(MethodProxy.java:258)
	at org.springframework.context.annotation.ConfigurationClassEnhancer$BeanMethodInterceptor.intercept(ConfigurationClassEnhancer.java:331)
	at hit.cs.sciencefms.config.LangChain4jConfig$$SpringCGLIB$$0.qianfanChatLanguageModel(<generated>)
	at java.base/jdk.internal.reflect.NativeMethodAccessorImpl.invoke0(Native Method)
	at java.base/jdk.internal.reflect.NativeMethodAccessorImpl.invoke(NativeMethodAccessorImpl.java:77)
	at java.base/jdk.internal.reflect.DelegatingMethodAccessorImpl.invoke(DelegatingMethodAccessorImpl.java:43)
	at java.base/java.lang.reflect.Method.invoke(Method.java:568)
	at org.springframework.beans.factory.support.SimpleInstantiationStrategy.instantiate(SimpleInstantiationStrategy.java:139)
	... 48 common frames omitted
2025-06-18 10:39:39.244 [main] INFO  hit.cs.sciencefms.ScienceFmsApplication - Starting ScienceFmsApplication using Java 17.0.10 with PID 3612 (D:\Codes\SchoolProject\Java\SoftwareProjection\scienceSystem\BackEnd\scienceFMS\target\classes started by DELL in D:\Codes\SchoolProject\Java\SoftwareProjection\scienceSystem\BackEnd)
2025-06-18 10:39:39.245 [main] DEBUG hit.cs.sciencefms.ScienceFmsApplication - Running with Spring Boot v3.0.2, Spring v6.0.4
2025-06-18 10:39:39.246 [main] INFO  hit.cs.sciencefms.ScienceFmsApplication - No active profile set, falling back to 1 default profile: "default"
2025-06-18 10:39:39.953 [main] INFO  o.s.boot.web.embedded.tomcat.TomcatWebServer - Tomcat initialized with port(s): 8082 (http)
2025-06-18 10:39:39.958 [main] INFO  org.apache.catalina.core.StandardService - Starting service [Tomcat]
2025-06-18 10:39:39.959 [main] INFO  org.apache.catalina.core.StandardEngine - Starting Servlet engine: [Apache Tomcat/10.1.5]
2025-06-18 10:39:40.016 [main] INFO  o.a.c.core.ContainerBase.[Tomcat].[localhost].[/] - Initializing Spring embedded WebApplicationContext
2025-06-18 10:39:40.016 [main] INFO  o.s.b.w.s.c.ServletWebServerApplicationContext - Root WebApplicationContext: initialization completed in 745 ms
2025-06-18 10:39:40.096 [main] DEBUG hit.cs.sciencefms.config.JwtFilter - Filter 'jwtFilter' configured for use
2025-06-18 10:39:40.680 [main] INFO  o.s.b.a.web.servlet.WelcomePageHandlerMapping - Adding welcome page: class path resource [static/index.html]
2025-06-18 10:39:40.812 [main] INFO  o.s.boot.web.embedded.tomcat.TomcatWebServer - Tomcat started on port(s): 8082 (http) with context path ''
2025-06-18 10:39:40.819 [main] INFO  hit.cs.sciencefms.ScienceFmsApplication - Started ScienceFmsApplication in 1.877 seconds (process running for 2.211)
2025-06-18 10:39:48.602 [http-nio-8082-exec-1] INFO  o.a.c.core.ContainerBase.[Tomcat].[localhost].[/] - Initializing Spring DispatcherServlet 'dispatcherServlet'
2025-06-18 10:39:48.602 [http-nio-8082-exec-1] INFO  org.springframework.web.servlet.DispatcherServlet - Initializing Servlet 'dispatcherServlet'
2025-06-18 10:39:48.603 [http-nio-8082-exec-1] INFO  org.springframework.web.servlet.DispatcherServlet - Completed initialization in 1 ms
2025-06-18 10:39:48.645 [http-nio-8082-exec-5] ERROR hit.cs.sciencefms.util.JwtUtil - JWT验证失败: JWT signature does not match locally computed signature. JWT validity cannot be asserted and should not be trusted.
2025-06-18 10:39:58.872 [http-nio-8082-exec-4] INFO  hit.cs.sciencefms.service.impl.UserServiceImpl - 用户登录: admin1
2025-06-18 10:39:58.972 [http-nio-8082-exec-4] WARN  c.b.m.core.toolkit.support.ReflectLambdaMeta - Unable to make field private final java.lang.Class java.lang.invoke.SerializedLambda.capturingClass accessible: module java.base does not "opens java.lang.invoke" to unnamed module @75d4a5c2
2025-06-18 10:39:58.992 [http-nio-8082-exec-4] INFO  com.zaxxer.hikari.HikariDataSource - HikariPool-1 - Starting...
2025-06-18 10:39:59.418 [http-nio-8082-exec-4] INFO  com.zaxxer.hikari.pool.HikariPool - HikariPool-1 - Added connection org.postgresql.jdbc.PgConnection@73631170
2025-06-18 10:39:59.421 [http-nio-8082-exec-4] INFO  com.zaxxer.hikari.HikariDataSource - HikariPool-1 - Start completed.
2025-06-18 10:39:59.427 [http-nio-8082-exec-4] DEBUG hit.cs.sciencefms.mapper.UserMapper.selectList - ==>  Preparing: SELECT id,username,password,role,real_name,email,phone,status,login_fail_count,create_time,update_time FROM t_user WHERE (username = ?)
2025-06-18 10:39:59.443 [http-nio-8082-exec-4] DEBUG hit.cs.sciencefms.mapper.UserMapper.selectList - ==> Parameters: admin1(String)
2025-06-18 10:39:59.514 [http-nio-8082-exec-4] DEBUG hit.cs.sciencefms.mapper.UserMapper.selectList - <==      Total: 1
2025-06-18 10:39:59.524 [http-nio-8082-exec-4] DEBUG h.c.s.mapper.UserMapper.resetLoginFailCount - ==>  Preparing: UPDATE t_user SET login_fail_count = 0 WHERE username = ?
2025-06-18 10:39:59.529 [http-nio-8082-exec-4] DEBUG h.c.s.mapper.UserMapper.resetLoginFailCount - ==> Parameters: admin1(String)
2025-06-18 10:39:59.575 [http-nio-8082-exec-4] DEBUG h.c.s.mapper.UserMapper.resetLoginFailCount - <==    Updates: 1
2025-06-18 10:39:59.593 [http-nio-8082-exec-4] INFO  hit.cs.sciencefms.service.impl.UserServiceImpl - JWT token: eyJhbGciOiJIUzUxMiJ9.eyJyb2xlIjoiYWRtaW4iLCJ1c2VySWQiOjEsInVzZXJuYW1lIjoiYWRtaW4xIiwiaWF0IjoxNzUwMjE0Mzk5LCJleHAiOjE3NTAzMDA3OTl9.PhTqrE0AOKVNNakkWHeNXV4F-aG0PFcxS2qs9dzN6GQjfs74lMXOyNlcd_MIaBZIULvJpinmVKH8Gcb2YHZnzw
2025-06-18 10:39:59.654 [http-nio-8082-exec-8] INFO  hit.cs.sciencefms.util.JwtUtil - JWT验证成功
2025-06-18 10:39:59.662 [http-nio-8082-exec-8] DEBUG hit.cs.sciencefms.mapper.UserMapper.selectCount - ==>  Preparing: SELECT COUNT( * ) AS total FROM t_user
2025-06-18 10:39:59.663 [http-nio-8082-exec-8] DEBUG hit.cs.sciencefms.mapper.UserMapper.selectCount - ==> Parameters: 
2025-06-18 10:39:59.702 [http-nio-8082-exec-8] DEBUG hit.cs.sciencefms.mapper.UserMapper.selectCount - <==      Total: 1
2025-06-18 10:39:59.704 [http-nio-8082-exec-8] DEBUG h.c.s.m.IntellectualPropertyMapper.selectCount - ==>  Preparing: SELECT COUNT( * ) AS total FROM t_intellectual_property WHERE is_deleted=0
2025-06-18 10:39:59.704 [http-nio-8082-exec-8] DEBUG h.c.s.m.IntellectualPropertyMapper.selectCount - ==> Parameters: 
2025-06-18 10:39:59.743 [http-nio-8082-exec-8] DEBUG h.c.s.m.IntellectualPropertyMapper.selectCount - <==      Total: 1
2025-06-18 10:39:59.743 [http-nio-8082-exec-8] DEBUG hit.cs.sciencefms.mapper.AwardMapper.selectCount - ==>  Preparing: SELECT COUNT( * ) AS total FROM t_award WHERE is_deleted=0
2025-06-18 10:39:59.743 [http-nio-8082-exec-8] DEBUG hit.cs.sciencefms.mapper.AwardMapper.selectCount - ==> Parameters: 
2025-06-18 10:39:59.794 [http-nio-8082-exec-8] DEBUG hit.cs.sciencefms.mapper.AwardMapper.selectCount - <==      Total: 1
2025-06-18 10:39:59.796 [http-nio-8082-exec-8] DEBUG h.c.s.mapper.ResearchProjectMapper.selectCount - ==>  Preparing: SELECT COUNT( * ) AS total FROM t_research_project WHERE is_deleted=0
2025-06-18 10:39:59.796 [http-nio-8082-exec-8] DEBUG h.c.s.mapper.ResearchProjectMapper.selectCount - ==> Parameters: 
2025-06-18 10:39:59.828 [http-nio-8082-exec-8] DEBUG h.c.s.mapper.ResearchProjectMapper.selectCount - <==      Total: 1
2025-06-18 10:39:59.829 [http-nio-8082-exec-8] DEBUG h.c.s.mapper.VisitRecordMapper.selectCount - ==>  Preparing: SELECT COUNT( * ) AS total FROM t_visit_record WHERE is_deleted=0
2025-06-18 10:39:59.829 [http-nio-8082-exec-8] DEBUG h.c.s.mapper.VisitRecordMapper.selectCount - ==> Parameters: 
2025-06-18 10:39:59.864 [http-nio-8082-exec-8] DEBUG h.c.s.mapper.VisitRecordMapper.selectCount - <==      Total: 1
2025-06-18 10:40:01.451 [http-nio-8082-exec-6] INFO  hit.cs.sciencefms.util.JwtUtil - JWT验证成功
2025-06-18 10:40:01.459 [http-nio-8082-exec-6] WARN  o.s.core.LocalVariableTableParameterNameDiscoverer - Using deprecated '-debug' fallback for parameter name resolution. Compile the affected code with '-parameters' instead or avoid its introspection: hit.cs.sciencefms.controller.AdminDashboardController
2025-06-18 10:40:01.491 [http-nio-8082-exec-6] DEBUG hit.cs.sciencefms.mapper.TeacherMapper.selectList - ==>  Preparing: SELECT id,username,real_name,gender,birth_date,title,department,position,research_area,email,phone,office_location,avatar_url,create_time,update_time,is_deleted FROM t_teacher WHERE is_deleted=0
2025-06-18 10:40:01.491 [http-nio-8082-exec-6] DEBUG hit.cs.sciencefms.mapper.TeacherMapper.selectList - ==> Parameters: 
2025-06-18 10:40:01.555 [http-nio-8082-exec-6] DEBUG hit.cs.sciencefms.mapper.TeacherMapper.selectList - <==      Total: 10
2025-06-18 10:40:01.557 [http-nio-8082-exec-6] DEBUG h.c.s.mapper.ResearchProjectMapper.findByTimeRange - ==>  Preparing: SELECT * FROM t_research_project WHERE EXTRACT(YEAR FROM start_date) >= ? AND EXTRACT(YEAR FROM end_date) <= ? AND is_deleted = 0 ORDER BY start_date DESC
2025-06-18 10:40:01.563 [http-nio-8082-exec-6] DEBUG h.c.s.mapper.ResearchProjectMapper.findByTimeRange - ==> Parameters: 2020(Integer), 2025(Integer)
2025-06-18 10:40:01.606 [http-nio-8082-exec-6] DEBUG h.c.s.mapper.ResearchProjectMapper.findByTimeRange - <==      Total: 25
2025-06-18 10:40:01.608 [http-nio-8082-exec-6] DEBUG h.c.s.m.IntellectualPropertyMapper.findByTimeRange - ==>  Preparing: SELECT * FROM t_intellectual_property WHERE EXTRACT(YEAR FROM auth_date) >= ? AND EXTRACT(YEAR FROM auth_date) <= ? AND is_deleted = 0 ORDER BY auth_date DESC
2025-06-18 10:40:01.608 [http-nio-8082-exec-6] DEBUG h.c.s.m.IntellectualPropertyMapper.findByTimeRange - ==> Parameters: 2020(Integer), 2025(Integer)
2025-06-18 10:40:01.656 [http-nio-8082-exec-6] DEBUG h.c.s.m.IntellectualPropertyMapper.findByTimeRange - <==      Total: 10
2025-06-18 10:40:01.657 [http-nio-8082-exec-6] DEBUG h.cs.sciencefms.mapper.AwardMapper.findByTimeRange - ==>  Preparing: SELECT * FROM t_award WHERE EXTRACT(YEAR FROM award_date) >= ? AND EXTRACT(YEAR FROM award_date) <= ? AND is_deleted = 0 ORDER BY award_date DESC
2025-06-18 10:40:01.657 [http-nio-8082-exec-6] DEBUG h.cs.sciencefms.mapper.AwardMapper.findByTimeRange - ==> Parameters: 2020(Integer), 2025(Integer)
2025-06-18 10:40:01.702 [http-nio-8082-exec-6] DEBUG h.cs.sciencefms.mapper.AwardMapper.findByTimeRange - <==      Total: 14
2025-06-18 10:40:01.702 [http-nio-8082-exec-6] DEBUG h.c.s.mapper.VisitRecordMapper.findByTimeRange - ==>  Preparing: SELECT * FROM t_visit_record WHERE EXTRACT(YEAR FROM start_date) >= ? AND EXTRACT(YEAR FROM end_date) <= ? AND is_deleted = 0 ORDER BY start_date DESC
2025-06-18 10:40:01.702 [http-nio-8082-exec-6] DEBUG h.c.s.mapper.VisitRecordMapper.findByTimeRange - ==> Parameters: 2020(Integer), 2025(Integer)
2025-06-18 10:40:01.779 [http-nio-8082-exec-6] DEBUG h.c.s.mapper.VisitRecordMapper.findByTimeRange - <==      Total: 16
2025-06-18 10:40:01.781 [http-nio-8082-exec-6] DEBUG hit.cs.sciencefms.mapper.TeacherMapper.selectById - ==>  Preparing: SELECT id,username,real_name,gender,birth_date,title,department,position,research_area,email,phone,office_location,avatar_url,create_time,update_time,is_deleted FROM t_teacher WHERE id=? AND is_deleted=0
2025-06-18 10:40:01.781 [http-nio-8082-exec-6] DEBUG hit.cs.sciencefms.mapper.TeacherMapper.selectById - ==> Parameters: 1(Long)
2025-06-18 10:40:01.833 [http-nio-8082-exec-6] DEBUG hit.cs.sciencefms.mapper.TeacherMapper.selectById - <==      Total: 1
2025-06-18 10:40:01.833 [http-nio-8082-exec-6] DEBUG hit.cs.sciencefms.mapper.TeacherMapper.selectById - ==>  Preparing: SELECT id,username,real_name,gender,birth_date,title,department,position,research_area,email,phone,office_location,avatar_url,create_time,update_time,is_deleted FROM t_teacher WHERE id=? AND is_deleted=0
2025-06-18 10:40:01.833 [http-nio-8082-exec-6] DEBUG hit.cs.sciencefms.mapper.TeacherMapper.selectById - ==> Parameters: 1(Long)
2025-06-18 10:40:01.874 [http-nio-8082-exec-6] DEBUG hit.cs.sciencefms.mapper.TeacherMapper.selectById - <==      Total: 1
2025-06-18 10:40:01.876 [http-nio-8082-exec-6] DEBUG hit.cs.sciencefms.mapper.TeacherMapper.selectById - ==>  Preparing: SELECT id,username,real_name,gender,birth_date,title,department,position,research_area,email,phone,office_location,avatar_url,create_time,update_time,is_deleted FROM t_teacher WHERE id=? AND is_deleted=0
2025-06-18 10:40:01.876 [http-nio-8082-exec-6] DEBUG hit.cs.sciencefms.mapper.TeacherMapper.selectById - ==> Parameters: 1(Long)
2025-06-18 10:40:01.916 [http-nio-8082-exec-6] DEBUG hit.cs.sciencefms.mapper.TeacherMapper.selectById - <==      Total: 1
2025-06-18 10:40:01.918 [http-nio-8082-exec-6] DEBUG hit.cs.sciencefms.mapper.TeacherMapper.selectById - ==>  Preparing: SELECT id,username,real_name,gender,birth_date,title,department,position,research_area,email,phone,office_location,avatar_url,create_time,update_time,is_deleted FROM t_teacher WHERE id=? AND is_deleted=0
2025-06-18 10:40:01.918 [http-nio-8082-exec-6] DEBUG hit.cs.sciencefms.mapper.TeacherMapper.selectById - ==> Parameters: 1(Long)
2025-06-18 10:40:01.956 [http-nio-8082-exec-6] DEBUG hit.cs.sciencefms.mapper.TeacherMapper.selectById - <==      Total: 1
2025-06-18 10:40:01.959 [http-nio-8082-exec-6] DEBUG hit.cs.sciencefms.mapper.TeacherMapper.selectById - ==>  Preparing: SELECT id,username,real_name,gender,birth_date,title,department,position,research_area,email,phone,office_location,avatar_url,create_time,update_time,is_deleted FROM t_teacher WHERE id=? AND is_deleted=0
2025-06-18 10:40:01.959 [http-nio-8082-exec-6] DEBUG hit.cs.sciencefms.mapper.TeacherMapper.selectById - ==> Parameters: 3(Long)
2025-06-18 10:40:02.003 [http-nio-8082-exec-6] DEBUG hit.cs.sciencefms.mapper.TeacherMapper.selectById - <==      Total: 1
2025-06-18 10:40:02.004 [http-nio-8082-exec-6] DEBUG hit.cs.sciencefms.mapper.TeacherMapper.selectById - ==>  Preparing: SELECT id,username,real_name,gender,birth_date,title,department,position,research_area,email,phone,office_location,avatar_url,create_time,update_time,is_deleted FROM t_teacher WHERE id=? AND is_deleted=0
2025-06-18 10:40:02.004 [http-nio-8082-exec-6] DEBUG hit.cs.sciencefms.mapper.TeacherMapper.selectById - ==> Parameters: 3(Long)
2025-06-18 10:40:02.050 [http-nio-8082-exec-6] DEBUG hit.cs.sciencefms.mapper.TeacherMapper.selectById - <==      Total: 1
2025-06-18 10:40:02.050 [http-nio-8082-exec-6] DEBUG hit.cs.sciencefms.mapper.TeacherMapper.selectById - ==>  Preparing: SELECT id,username,real_name,gender,birth_date,title,department,position,research_area,email,phone,office_location,avatar_url,create_time,update_time,is_deleted FROM t_teacher WHERE id=? AND is_deleted=0
2025-06-18 10:40:02.050 [http-nio-8082-exec-6] DEBUG hit.cs.sciencefms.mapper.TeacherMapper.selectById - ==> Parameters: 42(Long)
2025-06-18 10:40:02.108 [http-nio-8082-exec-6] DEBUG hit.cs.sciencefms.mapper.TeacherMapper.selectById - <==      Total: 1
2025-06-18 10:40:02.108 [http-nio-8082-exec-6] DEBUG hit.cs.sciencefms.mapper.TeacherMapper.selectById - ==>  Preparing: SELECT id,username,real_name,gender,birth_date,title,department,position,research_area,email,phone,office_location,avatar_url,create_time,update_time,is_deleted FROM t_teacher WHERE id=? AND is_deleted=0
2025-06-18 10:40:02.108 [http-nio-8082-exec-6] DEBUG hit.cs.sciencefms.mapper.TeacherMapper.selectById - ==> Parameters: 41(Long)
2025-06-18 10:40:02.145 [http-nio-8082-exec-6] DEBUG hit.cs.sciencefms.mapper.TeacherMapper.selectById - <==      Total: 1
2025-06-18 10:40:02.149 [http-nio-8082-exec-6] DEBUG hit.cs.sciencefms.mapper.TeacherMapper.selectById - ==>  Preparing: SELECT id,username,real_name,gender,birth_date,title,department,position,research_area,email,phone,office_location,avatar_url,create_time,update_time,is_deleted FROM t_teacher WHERE id=? AND is_deleted=0
2025-06-18 10:40:02.153 [http-nio-8082-exec-6] DEBUG hit.cs.sciencefms.mapper.TeacherMapper.selectById - ==> Parameters: 3(Long)
2025-06-18 10:40:02.192 [http-nio-8082-exec-6] DEBUG hit.cs.sciencefms.mapper.TeacherMapper.selectById - <==      Total: 1
2025-06-18 10:40:02.192 [http-nio-8082-exec-6] DEBUG hit.cs.sciencefms.mapper.TeacherMapper.selectById - ==>  Preparing: SELECT id,username,real_name,gender,birth_date,title,department,position,research_area,email,phone,office_location,avatar_url,create_time,update_time,is_deleted FROM t_teacher WHERE id=? AND is_deleted=0
2025-06-18 10:40:02.192 [http-nio-8082-exec-6] DEBUG hit.cs.sciencefms.mapper.TeacherMapper.selectById - ==> Parameters: 2(Long)
2025-06-18 10:40:02.241 [http-nio-8082-exec-6] DEBUG hit.cs.sciencefms.mapper.TeacherMapper.selectById - <==      Total: 1
2025-06-18 10:40:02.242 [http-nio-8082-exec-6] DEBUG hit.cs.sciencefms.mapper.TeacherMapper.selectById - ==>  Preparing: SELECT id,username,real_name,gender,birth_date,title,department,position,research_area,email,phone,office_location,avatar_url,create_time,update_time,is_deleted FROM t_teacher WHERE id=? AND is_deleted=0
2025-06-18 10:40:02.242 [http-nio-8082-exec-6] DEBUG hit.cs.sciencefms.mapper.TeacherMapper.selectById - ==> Parameters: 3(Long)
2025-06-18 10:40:02.283 [http-nio-8082-exec-6] DEBUG hit.cs.sciencefms.mapper.TeacherMapper.selectById - <==      Total: 1
2025-06-18 10:40:02.284 [http-nio-8082-exec-6] DEBUG hit.cs.sciencefms.mapper.TeacherMapper.selectById - ==>  Preparing: SELECT id,username,real_name,gender,birth_date,title,department,position,research_area,email,phone,office_location,avatar_url,create_time,update_time,is_deleted FROM t_teacher WHERE id=? AND is_deleted=0
2025-06-18 10:40:02.286 [http-nio-8082-exec-6] DEBUG hit.cs.sciencefms.mapper.TeacherMapper.selectById - ==> Parameters: 2(Long)
2025-06-18 10:40:02.324 [http-nio-8082-exec-6] DEBUG hit.cs.sciencefms.mapper.TeacherMapper.selectById - <==      Total: 1
2025-06-18 10:40:02.325 [http-nio-8082-exec-6] DEBUG hit.cs.sciencefms.mapper.TeacherMapper.selectById - ==>  Preparing: SELECT id,username,real_name,gender,birth_date,title,department,position,research_area,email,phone,office_location,avatar_url,create_time,update_time,is_deleted FROM t_teacher WHERE id=? AND is_deleted=0
2025-06-18 10:40:02.325 [http-nio-8082-exec-6] DEBUG hit.cs.sciencefms.mapper.TeacherMapper.selectById - ==> Parameters: 3(Long)
2025-06-18 10:40:02.365 [http-nio-8082-exec-6] DEBUG hit.cs.sciencefms.mapper.TeacherMapper.selectById - <==      Total: 1
2025-06-18 10:40:02.367 [http-nio-8082-exec-6] DEBUG hit.cs.sciencefms.mapper.TeacherMapper.selectById - ==>  Preparing: SELECT id,username,real_name,gender,birth_date,title,department,position,research_area,email,phone,office_location,avatar_url,create_time,update_time,is_deleted FROM t_teacher WHERE id=? AND is_deleted=0
2025-06-18 10:40:02.368 [http-nio-8082-exec-6] DEBUG hit.cs.sciencefms.mapper.TeacherMapper.selectById - ==> Parameters: 46(Long)
2025-06-18 10:40:02.409 [http-nio-8082-exec-6] DEBUG hit.cs.sciencefms.mapper.TeacherMapper.selectById - <==      Total: 1
2025-06-18 10:40:02.409 [http-nio-8082-exec-6] DEBUG hit.cs.sciencefms.mapper.TeacherMapper.selectById - ==>  Preparing: SELECT id,username,real_name,gender,birth_date,title,department,position,research_area,email,phone,office_location,avatar_url,create_time,update_time,is_deleted FROM t_teacher WHERE id=? AND is_deleted=0
2025-06-18 10:40:02.409 [http-nio-8082-exec-6] DEBUG hit.cs.sciencefms.mapper.TeacherMapper.selectById - ==> Parameters: 45(Long)
2025-06-18 10:40:02.456 [http-nio-8082-exec-6] DEBUG hit.cs.sciencefms.mapper.TeacherMapper.selectById - <==      Total: 1
2025-06-18 10:40:02.457 [http-nio-8082-exec-6] DEBUG hit.cs.sciencefms.mapper.TeacherMapper.selectById - ==>  Preparing: SELECT id,username,real_name,gender,birth_date,title,department,position,research_area,email,phone,office_location,avatar_url,create_time,update_time,is_deleted FROM t_teacher WHERE id=? AND is_deleted=0
2025-06-18 10:40:02.457 [http-nio-8082-exec-6] DEBUG hit.cs.sciencefms.mapper.TeacherMapper.selectById - ==> Parameters: 44(Long)
2025-06-18 10:40:02.494 [http-nio-8082-exec-6] DEBUG hit.cs.sciencefms.mapper.TeacherMapper.selectById - <==      Total: 1
2025-06-18 10:40:02.495 [http-nio-8082-exec-6] DEBUG hit.cs.sciencefms.mapper.TeacherMapper.selectById - ==>  Preparing: SELECT id,username,real_name,gender,birth_date,title,department,position,research_area,email,phone,office_location,avatar_url,create_time,update_time,is_deleted FROM t_teacher WHERE id=? AND is_deleted=0
2025-06-18 10:40:02.495 [http-nio-8082-exec-6] DEBUG hit.cs.sciencefms.mapper.TeacherMapper.selectById - ==> Parameters: 43(Long)
2025-06-18 10:40:02.533 [http-nio-8082-exec-6] DEBUG hit.cs.sciencefms.mapper.TeacherMapper.selectById - <==      Total: 1
2025-06-18 10:40:02.533 [http-nio-8082-exec-6] DEBUG hit.cs.sciencefms.mapper.TeacherMapper.selectById - ==>  Preparing: SELECT id,username,real_name,gender,birth_date,title,department,position,research_area,email,phone,office_location,avatar_url,create_time,update_time,is_deleted FROM t_teacher WHERE id=? AND is_deleted=0
2025-06-18 10:40:02.533 [http-nio-8082-exec-6] DEBUG hit.cs.sciencefms.mapper.TeacherMapper.selectById - ==> Parameters: 42(Long)
2025-06-18 10:40:02.572 [http-nio-8082-exec-6] DEBUG hit.cs.sciencefms.mapper.TeacherMapper.selectById - <==      Total: 1
2025-06-18 10:40:02.574 [http-nio-8082-exec-6] DEBUG hit.cs.sciencefms.mapper.TeacherMapper.selectById - ==>  Preparing: SELECT id,username,real_name,gender,birth_date,title,department,position,research_area,email,phone,office_location,avatar_url,create_time,update_time,is_deleted FROM t_teacher WHERE id=? AND is_deleted=0
2025-06-18 10:40:02.574 [http-nio-8082-exec-6] DEBUG hit.cs.sciencefms.mapper.TeacherMapper.selectById - ==> Parameters: 41(Long)
2025-06-18 10:40:02.608 [http-nio-8082-exec-6] DEBUG hit.cs.sciencefms.mapper.TeacherMapper.selectById - <==      Total: 1
2025-06-18 10:40:02.608 [http-nio-8082-exec-6] DEBUG hit.cs.sciencefms.mapper.TeacherMapper.selectById - ==>  Preparing: SELECT id,username,real_name,gender,birth_date,title,department,position,research_area,email,phone,office_location,avatar_url,create_time,update_time,is_deleted FROM t_teacher WHERE id=? AND is_deleted=0
2025-06-18 10:40:02.608 [http-nio-8082-exec-6] DEBUG hit.cs.sciencefms.mapper.TeacherMapper.selectById - ==> Parameters: 3(Long)
2025-06-18 10:40:02.666 [http-nio-8082-exec-6] DEBUG hit.cs.sciencefms.mapper.TeacherMapper.selectById - <==      Total: 1
2025-06-18 10:40:02.667 [http-nio-8082-exec-6] DEBUG hit.cs.sciencefms.mapper.TeacherMapper.selectById - ==>  Preparing: SELECT id,username,real_name,gender,birth_date,title,department,position,research_area,email,phone,office_location,avatar_url,create_time,update_time,is_deleted FROM t_teacher WHERE id=? AND is_deleted=0
2025-06-18 10:40:02.670 [http-nio-8082-exec-6] DEBUG hit.cs.sciencefms.mapper.TeacherMapper.selectById - ==> Parameters: 2(Long)
2025-06-18 10:40:02.708 [http-nio-8082-exec-6] DEBUG hit.cs.sciencefms.mapper.TeacherMapper.selectById - <==      Total: 1
2025-06-18 10:40:02.710 [http-nio-8082-exec-6] DEBUG hit.cs.sciencefms.mapper.TeacherMapper.selectById - ==>  Preparing: SELECT id,username,real_name,gender,birth_date,title,department,position,research_area,email,phone,office_location,avatar_url,create_time,update_time,is_deleted FROM t_teacher WHERE id=? AND is_deleted=0
2025-06-18 10:40:02.710 [http-nio-8082-exec-6] DEBUG hit.cs.sciencefms.mapper.TeacherMapper.selectById - ==> Parameters: 1(Long)
2025-06-18 10:40:02.751 [http-nio-8082-exec-6] DEBUG hit.cs.sciencefms.mapper.TeacherMapper.selectById - <==      Total: 1
2025-06-18 10:40:02.751 [http-nio-8082-exec-6] DEBUG hit.cs.sciencefms.mapper.TeacherMapper.selectById - ==>  Preparing: SELECT id,username,real_name,gender,birth_date,title,department,position,research_area,email,phone,office_location,avatar_url,create_time,update_time,is_deleted FROM t_teacher WHERE id=? AND is_deleted=0
2025-06-18 10:40:02.751 [http-nio-8082-exec-6] DEBUG hit.cs.sciencefms.mapper.TeacherMapper.selectById - ==> Parameters: 3(Long)
2025-06-18 10:40:02.792 [http-nio-8082-exec-6] DEBUG hit.cs.sciencefms.mapper.TeacherMapper.selectById - <==      Total: 1
2025-06-18 10:40:02.792 [http-nio-8082-exec-6] DEBUG hit.cs.sciencefms.mapper.TeacherMapper.selectById - ==>  Preparing: SELECT id,username,real_name,gender,birth_date,title,department,position,research_area,email,phone,office_location,avatar_url,create_time,update_time,is_deleted FROM t_teacher WHERE id=? AND is_deleted=0
2025-06-18 10:40:02.792 [http-nio-8082-exec-6] DEBUG hit.cs.sciencefms.mapper.TeacherMapper.selectById - ==> Parameters: 46(Long)
2025-06-18 10:40:02.834 [http-nio-8082-exec-6] DEBUG hit.cs.sciencefms.mapper.TeacherMapper.selectById - <==      Total: 1
2025-06-18 10:40:02.834 [http-nio-8082-exec-6] DEBUG hit.cs.sciencefms.mapper.TeacherMapper.selectById - ==>  Preparing: SELECT id,username,real_name,gender,birth_date,title,department,position,research_area,email,phone,office_location,avatar_url,create_time,update_time,is_deleted FROM t_teacher WHERE id=? AND is_deleted=0
2025-06-18 10:40:02.836 [http-nio-8082-exec-6] DEBUG hit.cs.sciencefms.mapper.TeacherMapper.selectById - ==> Parameters: 2(Long)
2025-06-18 10:40:02.875 [http-nio-8082-exec-6] DEBUG hit.cs.sciencefms.mapper.TeacherMapper.selectById - <==      Total: 1
2025-06-18 10:40:02.876 [http-nio-8082-exec-6] DEBUG hit.cs.sciencefms.mapper.TeacherMapper.selectById - ==>  Preparing: SELECT id,username,real_name,gender,birth_date,title,department,position,research_area,email,phone,office_location,avatar_url,create_time,update_time,is_deleted FROM t_teacher WHERE id=? AND is_deleted=0
2025-06-18 10:40:02.877 [http-nio-8082-exec-6] DEBUG hit.cs.sciencefms.mapper.TeacherMapper.selectById - ==> Parameters: 2(Long)
2025-06-18 10:40:02.916 [http-nio-8082-exec-6] DEBUG hit.cs.sciencefms.mapper.TeacherMapper.selectById - <==      Total: 1
2025-06-18 10:40:02.916 [http-nio-8082-exec-6] DEBUG hit.cs.sciencefms.mapper.TeacherMapper.selectById - ==>  Preparing: SELECT id,username,real_name,gender,birth_date,title,department,position,research_area,email,phone,office_location,avatar_url,create_time,update_time,is_deleted FROM t_teacher WHERE id=? AND is_deleted=0
2025-06-18 10:40:02.916 [http-nio-8082-exec-6] DEBUG hit.cs.sciencefms.mapper.TeacherMapper.selectById - ==> Parameters: 2(Long)
2025-06-18 10:40:02.968 [http-nio-8082-exec-6] DEBUG hit.cs.sciencefms.mapper.TeacherMapper.selectById - <==      Total: 1
2025-06-18 10:40:02.968 [http-nio-8082-exec-6] DEBUG hit.cs.sciencefms.mapper.TeacherMapper.selectById - ==>  Preparing: SELECT id,username,real_name,gender,birth_date,title,department,position,research_area,email,phone,office_location,avatar_url,create_time,update_time,is_deleted FROM t_teacher WHERE id=? AND is_deleted=0
2025-06-18 10:40:02.974 [http-nio-8082-exec-6] DEBUG hit.cs.sciencefms.mapper.TeacherMapper.selectById - ==> Parameters: 2(Long)
2025-06-18 10:40:03.007 [http-nio-8082-exec-6] DEBUG hit.cs.sciencefms.mapper.TeacherMapper.selectById - <==      Total: 1
2025-06-18 10:40:03.007 [http-nio-8082-exec-6] DEBUG hit.cs.sciencefms.mapper.TeacherMapper.selectById - ==>  Preparing: SELECT id,username,real_name,gender,birth_date,title,department,position,research_area,email,phone,office_location,avatar_url,create_time,update_time,is_deleted FROM t_teacher WHERE id=? AND is_deleted=0
2025-06-18 10:40:03.007 [http-nio-8082-exec-6] DEBUG hit.cs.sciencefms.mapper.TeacherMapper.selectById - ==> Parameters: 1(Long)
2025-06-18 10:40:03.049 [http-nio-8082-exec-6] DEBUG hit.cs.sciencefms.mapper.TeacherMapper.selectById - <==      Total: 1
2025-06-18 10:40:03.049 [http-nio-8082-exec-6] DEBUG hit.cs.sciencefms.mapper.TeacherMapper.selectById - ==>  Preparing: SELECT id,username,real_name,gender,birth_date,title,department,position,research_area,email,phone,office_location,avatar_url,create_time,update_time,is_deleted FROM t_teacher WHERE id=? AND is_deleted=0
2025-06-18 10:40:03.049 [http-nio-8082-exec-6] DEBUG hit.cs.sciencefms.mapper.TeacherMapper.selectById - ==> Parameters: 3(Long)
2025-06-18 10:40:03.091 [http-nio-8082-exec-6] DEBUG hit.cs.sciencefms.mapper.TeacherMapper.selectById - <==      Total: 1
2025-06-18 10:40:03.091 [http-nio-8082-exec-6] DEBUG hit.cs.sciencefms.mapper.TeacherMapper.selectById - ==>  Preparing: SELECT id,username,real_name,gender,birth_date,title,department,position,research_area,email,phone,office_location,avatar_url,create_time,update_time,is_deleted FROM t_teacher WHERE id=? AND is_deleted=0
2025-06-18 10:40:03.091 [http-nio-8082-exec-6] DEBUG hit.cs.sciencefms.mapper.TeacherMapper.selectById - ==> Parameters: 3(Long)
2025-06-18 10:40:03.124 [http-nio-8082-exec-6] DEBUG hit.cs.sciencefms.mapper.TeacherMapper.selectById - <==      Total: 1
2025-06-18 10:40:03.124 [http-nio-8082-exec-6] DEBUG hit.cs.sciencefms.mapper.TeacherMapper.selectById - ==>  Preparing: SELECT id,username,real_name,gender,birth_date,title,department,position,research_area,email,phone,office_location,avatar_url,create_time,update_time,is_deleted FROM t_teacher WHERE id=? AND is_deleted=0
2025-06-18 10:40:03.124 [http-nio-8082-exec-6] DEBUG hit.cs.sciencefms.mapper.TeacherMapper.selectById - ==> Parameters: 2(Long)
2025-06-18 10:40:03.166 [http-nio-8082-exec-6] DEBUG hit.cs.sciencefms.mapper.TeacherMapper.selectById - <==      Total: 1
2025-06-18 10:40:03.166 [http-nio-8082-exec-6] DEBUG hit.cs.sciencefms.mapper.TeacherMapper.selectById - ==>  Preparing: SELECT id,username,real_name,gender,birth_date,title,department,position,research_area,email,phone,office_location,avatar_url,create_time,update_time,is_deleted FROM t_teacher WHERE id=? AND is_deleted=0
2025-06-18 10:40:03.166 [http-nio-8082-exec-6] DEBUG hit.cs.sciencefms.mapper.TeacherMapper.selectById - ==> Parameters: 1(Long)
2025-06-18 10:40:03.207 [http-nio-8082-exec-6] DEBUG hit.cs.sciencefms.mapper.TeacherMapper.selectById - <==      Total: 1
2025-06-18 10:40:03.207 [http-nio-8082-exec-6] DEBUG hit.cs.sciencefms.mapper.TeacherMapper.selectById - ==>  Preparing: SELECT id,username,real_name,gender,birth_date,title,department,position,research_area,email,phone,office_location,avatar_url,create_time,update_time,is_deleted FROM t_teacher WHERE id=? AND is_deleted=0
2025-06-18 10:40:03.207 [http-nio-8082-exec-6] DEBUG hit.cs.sciencefms.mapper.TeacherMapper.selectById - ==> Parameters: 2(Long)
2025-06-18 10:40:03.241 [http-nio-8082-exec-6] DEBUG hit.cs.sciencefms.mapper.TeacherMapper.selectById - <==      Total: 1
2025-06-18 10:40:03.249 [http-nio-8082-exec-6] DEBUG hit.cs.sciencefms.mapper.TeacherMapper.selectById - ==>  Preparing: SELECT id,username,real_name,gender,birth_date,title,department,position,research_area,email,phone,office_location,avatar_url,create_time,update_time,is_deleted FROM t_teacher WHERE id=? AND is_deleted=0
2025-06-18 10:40:03.249 [http-nio-8082-exec-6] DEBUG hit.cs.sciencefms.mapper.TeacherMapper.selectById - ==> Parameters: 1(Long)
2025-06-18 10:40:03.283 [http-nio-8082-exec-6] DEBUG hit.cs.sciencefms.mapper.TeacherMapper.selectById - <==      Total: 1
2025-06-18 10:40:03.283 [http-nio-8082-exec-6] DEBUG hit.cs.sciencefms.mapper.TeacherMapper.selectById - ==>  Preparing: SELECT id,username,real_name,gender,birth_date,title,department,position,research_area,email,phone,office_location,avatar_url,create_time,update_time,is_deleted FROM t_teacher WHERE id=? AND is_deleted=0
2025-06-18 10:40:03.283 [http-nio-8082-exec-6] DEBUG hit.cs.sciencefms.mapper.TeacherMapper.selectById - ==> Parameters: 3(Long)
2025-06-18 10:40:03.325 [http-nio-8082-exec-6] DEBUG hit.cs.sciencefms.mapper.TeacherMapper.selectById - <==      Total: 1
2025-06-18 10:40:03.325 [http-nio-8082-exec-6] DEBUG hit.cs.sciencefms.mapper.TeacherMapper.selectById - ==>  Preparing: SELECT id,username,real_name,gender,birth_date,title,department,position,research_area,email,phone,office_location,avatar_url,create_time,update_time,is_deleted FROM t_teacher WHERE id=? AND is_deleted=0
2025-06-18 10:40:03.325 [http-nio-8082-exec-6] DEBUG hit.cs.sciencefms.mapper.TeacherMapper.selectById - ==> Parameters: 46(Long)
2025-06-18 10:40:03.378 [http-nio-8082-exec-6] DEBUG hit.cs.sciencefms.mapper.TeacherMapper.selectById - <==      Total: 1
2025-06-18 10:40:03.379 [http-nio-8082-exec-6] DEBUG hit.cs.sciencefms.mapper.TeacherMapper.selectById - ==>  Preparing: SELECT id,username,real_name,gender,birth_date,title,department,position,research_area,email,phone,office_location,avatar_url,create_time,update_time,is_deleted FROM t_teacher WHERE id=? AND is_deleted=0
2025-06-18 10:40:03.379 [http-nio-8082-exec-6] DEBUG hit.cs.sciencefms.mapper.TeacherMapper.selectById - ==> Parameters: 45(Long)
2025-06-18 10:40:03.417 [http-nio-8082-exec-6] DEBUG hit.cs.sciencefms.mapper.TeacherMapper.selectById - <==      Total: 1
2025-06-18 10:40:03.417 [http-nio-8082-exec-6] DEBUG hit.cs.sciencefms.mapper.TeacherMapper.selectById - ==>  Preparing: SELECT id,username,real_name,gender,birth_date,title,department,position,research_area,email,phone,office_location,avatar_url,create_time,update_time,is_deleted FROM t_teacher WHERE id=? AND is_deleted=0
2025-06-18 10:40:03.417 [http-nio-8082-exec-6] DEBUG hit.cs.sciencefms.mapper.TeacherMapper.selectById - ==> Parameters: 3(Long)
2025-06-18 10:40:03.450 [http-nio-8082-exec-6] DEBUG hit.cs.sciencefms.mapper.TeacherMapper.selectById - <==      Total: 1
2025-06-18 10:40:03.450 [http-nio-8082-exec-6] DEBUG hit.cs.sciencefms.mapper.TeacherMapper.selectById - ==>  Preparing: SELECT id,username,real_name,gender,birth_date,title,department,position,research_area,email,phone,office_location,avatar_url,create_time,update_time,is_deleted FROM t_teacher WHERE id=? AND is_deleted=0
2025-06-18 10:40:03.450 [http-nio-8082-exec-6] DEBUG hit.cs.sciencefms.mapper.TeacherMapper.selectById - ==> Parameters: 1(Long)
2025-06-18 10:40:03.492 [http-nio-8082-exec-6] DEBUG hit.cs.sciencefms.mapper.TeacherMapper.selectById - <==      Total: 1
2025-06-18 10:40:03.492 [http-nio-8082-exec-6] DEBUG hit.cs.sciencefms.mapper.TeacherMapper.selectById - ==>  Preparing: SELECT id,username,real_name,gender,birth_date,title,department,position,research_area,email,phone,office_location,avatar_url,create_time,update_time,is_deleted FROM t_teacher WHERE id=? AND is_deleted=0
2025-06-18 10:40:03.492 [http-nio-8082-exec-6] DEBUG hit.cs.sciencefms.mapper.TeacherMapper.selectById - ==> Parameters: 1(Long)
2025-06-18 10:40:03.532 [http-nio-8082-exec-6] DEBUG hit.cs.sciencefms.mapper.TeacherMapper.selectById - <==      Total: 1
2025-06-18 10:40:03.534 [http-nio-8082-exec-6] DEBUG hit.cs.sciencefms.mapper.TeacherMapper.selectById - ==>  Preparing: SELECT id,username,real_name,gender,birth_date,title,department,position,research_area,email,phone,office_location,avatar_url,create_time,update_time,is_deleted FROM t_teacher WHERE id=? AND is_deleted=0
2025-06-18 10:40:03.534 [http-nio-8082-exec-6] DEBUG hit.cs.sciencefms.mapper.TeacherMapper.selectById - ==> Parameters: 44(Long)
2025-06-18 10:40:03.575 [http-nio-8082-exec-6] DEBUG hit.cs.sciencefms.mapper.TeacherMapper.selectById - <==      Total: 1
2025-06-18 10:40:03.576 [http-nio-8082-exec-6] DEBUG hit.cs.sciencefms.mapper.TeacherMapper.selectById - ==>  Preparing: SELECT id,username,real_name,gender,birth_date,title,department,position,research_area,email,phone,office_location,avatar_url,create_time,update_time,is_deleted FROM t_teacher WHERE id=? AND is_deleted=0
2025-06-18 10:40:03.576 [http-nio-8082-exec-6] DEBUG hit.cs.sciencefms.mapper.TeacherMapper.selectById - ==> Parameters: 3(Long)
2025-06-18 10:40:03.608 [http-nio-8082-exec-6] DEBUG hit.cs.sciencefms.mapper.TeacherMapper.selectById - <==      Total: 1
2025-06-18 10:40:03.608 [http-nio-8082-exec-6] DEBUG hit.cs.sciencefms.mapper.TeacherMapper.selectById - ==>  Preparing: SELECT id,username,real_name,gender,birth_date,title,department,position,research_area,email,phone,office_location,avatar_url,create_time,update_time,is_deleted FROM t_teacher WHERE id=? AND is_deleted=0
2025-06-18 10:40:03.608 [http-nio-8082-exec-6] DEBUG hit.cs.sciencefms.mapper.TeacherMapper.selectById - ==> Parameters: 2(Long)
2025-06-18 10:40:03.650 [http-nio-8082-exec-6] DEBUG hit.cs.sciencefms.mapper.TeacherMapper.selectById - <==      Total: 1
2025-06-18 10:40:03.650 [http-nio-8082-exec-6] DEBUG hit.cs.sciencefms.mapper.TeacherMapper.selectById - ==>  Preparing: SELECT id,username,real_name,gender,birth_date,title,department,position,research_area,email,phone,office_location,avatar_url,create_time,update_time,is_deleted FROM t_teacher WHERE id=? AND is_deleted=0
2025-06-18 10:40:03.650 [http-nio-8082-exec-6] DEBUG hit.cs.sciencefms.mapper.TeacherMapper.selectById - ==> Parameters: 43(Long)
2025-06-18 10:40:03.691 [http-nio-8082-exec-6] DEBUG hit.cs.sciencefms.mapper.TeacherMapper.selectById - <==      Total: 1
2025-06-18 10:40:03.691 [http-nio-8082-exec-6] DEBUG hit.cs.sciencefms.mapper.TeacherMapper.selectById - ==>  Preparing: SELECT id,username,real_name,gender,birth_date,title,department,position,research_area,email,phone,office_location,avatar_url,create_time,update_time,is_deleted FROM t_teacher WHERE id=? AND is_deleted=0
2025-06-18 10:40:03.691 [http-nio-8082-exec-6] DEBUG hit.cs.sciencefms.mapper.TeacherMapper.selectById - ==> Parameters: 42(Long)
2025-06-18 10:40:03.733 [http-nio-8082-exec-6] DEBUG hit.cs.sciencefms.mapper.TeacherMapper.selectById - <==      Total: 1
2025-06-18 10:40:03.733 [http-nio-8082-exec-6] DEBUG hit.cs.sciencefms.mapper.TeacherMapper.selectById - ==>  Preparing: SELECT id,username,real_name,gender,birth_date,title,department,position,research_area,email,phone,office_location,avatar_url,create_time,update_time,is_deleted FROM t_teacher WHERE id=? AND is_deleted=0
2025-06-18 10:40:03.733 [http-nio-8082-exec-6] DEBUG hit.cs.sciencefms.mapper.TeacherMapper.selectById - ==> Parameters: 41(Long)
2025-06-18 10:40:03.768 [http-nio-8082-exec-6] DEBUG hit.cs.sciencefms.mapper.TeacherMapper.selectById - <==      Total: 1
2025-06-18 10:40:03.768 [http-nio-8082-exec-6] DEBUG hit.cs.sciencefms.mapper.TeacherMapper.selectById - ==>  Preparing: SELECT id,username,real_name,gender,birth_date,title,department,position,research_area,email,phone,office_location,avatar_url,create_time,update_time,is_deleted FROM t_teacher WHERE id=? AND is_deleted=0
2025-06-18 10:40:03.768 [http-nio-8082-exec-6] DEBUG hit.cs.sciencefms.mapper.TeacherMapper.selectById - ==> Parameters: 2(Long)
2025-06-18 10:40:03.824 [http-nio-8082-exec-6] DEBUG hit.cs.sciencefms.mapper.TeacherMapper.selectById - <==      Total: 1
2025-06-18 10:40:03.824 [http-nio-8082-exec-6] DEBUG hit.cs.sciencefms.mapper.TeacherMapper.selectById - ==>  Preparing: SELECT id,username,real_name,gender,birth_date,title,department,position,research_area,email,phone,office_location,avatar_url,create_time,update_time,is_deleted FROM t_teacher WHERE id=? AND is_deleted=0
2025-06-18 10:40:03.824 [http-nio-8082-exec-6] DEBUG hit.cs.sciencefms.mapper.TeacherMapper.selectById - ==> Parameters: 1(Long)
2025-06-18 10:40:03.858 [http-nio-8082-exec-6] DEBUG hit.cs.sciencefms.mapper.TeacherMapper.selectById - <==      Total: 1
2025-06-18 10:40:03.866 [http-nio-8082-exec-6] DEBUG hit.cs.sciencefms.mapper.TeacherMapper.selectById - ==>  Preparing: SELECT id,username,real_name,gender,birth_date,title,department,position,research_area,email,phone,office_location,avatar_url,create_time,update_time,is_deleted FROM t_teacher WHERE id=? AND is_deleted=0
2025-06-18 10:40:03.866 [http-nio-8082-exec-6] DEBUG hit.cs.sciencefms.mapper.TeacherMapper.selectById - ==> Parameters: 3(Long)
2025-06-18 10:40:03.903 [http-nio-8082-exec-6] DEBUG hit.cs.sciencefms.mapper.TeacherMapper.selectById - <==      Total: 1
2025-06-18 10:40:03.905 [http-nio-8082-exec-6] DEBUG hit.cs.sciencefms.mapper.TeacherMapper.selectById - ==>  Preparing: SELECT id,username,real_name,gender,birth_date,title,department,position,research_area,email,phone,office_location,avatar_url,create_time,update_time,is_deleted FROM t_teacher WHERE id=? AND is_deleted=0
2025-06-18 10:40:03.906 [http-nio-8082-exec-6] DEBUG hit.cs.sciencefms.mapper.TeacherMapper.selectById - ==> Parameters: 42(Long)
2025-06-18 10:40:03.942 [http-nio-8082-exec-6] DEBUG hit.cs.sciencefms.mapper.TeacherMapper.selectById - <==      Total: 1
2025-06-18 10:40:03.949 [http-nio-8082-exec-6] DEBUG hit.cs.sciencefms.mapper.TeacherMapper.selectById - ==>  Preparing: SELECT id,username,real_name,gender,birth_date,title,department,position,research_area,email,phone,office_location,avatar_url,create_time,update_time,is_deleted FROM t_teacher WHERE id=? AND is_deleted=0
2025-06-18 10:40:03.950 [http-nio-8082-exec-6] DEBUG hit.cs.sciencefms.mapper.TeacherMapper.selectById - ==> Parameters: 43(Long)
2025-06-18 10:40:03.992 [http-nio-8082-exec-6] DEBUG hit.cs.sciencefms.mapper.TeacherMapper.selectById - <==      Total: 1
2025-06-18 10:40:03.992 [http-nio-8082-exec-6] DEBUG hit.cs.sciencefms.mapper.TeacherMapper.selectById - ==>  Preparing: SELECT id,username,real_name,gender,birth_date,title,department,position,research_area,email,phone,office_location,avatar_url,create_time,update_time,is_deleted FROM t_teacher WHERE id=? AND is_deleted=0
2025-06-18 10:40:03.992 [http-nio-8082-exec-6] DEBUG hit.cs.sciencefms.mapper.TeacherMapper.selectById - ==> Parameters: 42(Long)
2025-06-18 10:40:04.032 [http-nio-8082-exec-6] DEBUG hit.cs.sciencefms.mapper.TeacherMapper.selectById - <==      Total: 1
2025-06-18 10:40:04.034 [http-nio-8082-exec-6] DEBUG hit.cs.sciencefms.mapper.TeacherMapper.selectById - ==>  Preparing: SELECT id,username,real_name,gender,birth_date,title,department,position,research_area,email,phone,office_location,avatar_url,create_time,update_time,is_deleted FROM t_teacher WHERE id=? AND is_deleted=0
2025-06-18 10:40:04.034 [http-nio-8082-exec-6] DEBUG hit.cs.sciencefms.mapper.TeacherMapper.selectById - ==> Parameters: 40(Long)
2025-06-18 10:40:04.066 [http-nio-8082-exec-6] DEBUG hit.cs.sciencefms.mapper.TeacherMapper.selectById - <==      Total: 1
2025-06-18 10:40:04.076 [http-nio-8082-exec-6] DEBUG hit.cs.sciencefms.mapper.TeacherMapper.selectById - ==>  Preparing: SELECT id,username,real_name,gender,birth_date,title,department,position,research_area,email,phone,office_location,avatar_url,create_time,update_time,is_deleted FROM t_teacher WHERE id=? AND is_deleted=0
2025-06-18 10:40:04.076 [http-nio-8082-exec-6] DEBUG hit.cs.sciencefms.mapper.TeacherMapper.selectById - ==> Parameters: 41(Long)
2025-06-18 10:40:04.125 [http-nio-8082-exec-6] DEBUG hit.cs.sciencefms.mapper.TeacherMapper.selectById - <==      Total: 1
2025-06-18 10:40:04.125 [http-nio-8082-exec-6] DEBUG hit.cs.sciencefms.mapper.TeacherMapper.selectById - ==>  Preparing: SELECT id,username,real_name,gender,birth_date,title,department,position,research_area,email,phone,office_location,avatar_url,create_time,update_time,is_deleted FROM t_teacher WHERE id=? AND is_deleted=0
2025-06-18 10:40:04.125 [http-nio-8082-exec-6] DEBUG hit.cs.sciencefms.mapper.TeacherMapper.selectById - ==> Parameters: 41(Long)
2025-06-18 10:40:04.183 [http-nio-8082-exec-6] DEBUG hit.cs.sciencefms.mapper.TeacherMapper.selectById - <==      Total: 1
2025-06-18 10:40:04.183 [http-nio-8082-exec-6] DEBUG hit.cs.sciencefms.mapper.TeacherMapper.selectById - ==>  Preparing: SELECT id,username,real_name,gender,birth_date,title,department,position,research_area,email,phone,office_location,avatar_url,create_time,update_time,is_deleted FROM t_teacher WHERE id=? AND is_deleted=0
2025-06-18 10:40:04.183 [http-nio-8082-exec-6] DEBUG hit.cs.sciencefms.mapper.TeacherMapper.selectById - ==> Parameters: 1(Long)
2025-06-18 10:40:04.221 [http-nio-8082-exec-6] DEBUG hit.cs.sciencefms.mapper.TeacherMapper.selectById - <==      Total: 1
2025-06-18 10:40:04.222 [http-nio-8082-exec-6] DEBUG hit.cs.sciencefms.mapper.TeacherMapper.selectById - ==>  Preparing: SELECT id,username,real_name,gender,birth_date,title,department,position,research_area,email,phone,office_location,avatar_url,create_time,update_time,is_deleted FROM t_teacher WHERE id=? AND is_deleted=0
2025-06-18 10:40:04.222 [http-nio-8082-exec-6] DEBUG hit.cs.sciencefms.mapper.TeacherMapper.selectById - ==> Parameters: 2(Long)
2025-06-18 10:40:04.258 [http-nio-8082-exec-6] DEBUG hit.cs.sciencefms.mapper.TeacherMapper.selectById - <==      Total: 1
2025-06-18 10:40:04.258 [http-nio-8082-exec-6] DEBUG hit.cs.sciencefms.mapper.TeacherMapper.selectById - ==>  Preparing: SELECT id,username,real_name,gender,birth_date,title,department,position,research_area,email,phone,office_location,avatar_url,create_time,update_time,is_deleted FROM t_teacher WHERE id=? AND is_deleted=0
2025-06-18 10:40:04.258 [http-nio-8082-exec-6] DEBUG hit.cs.sciencefms.mapper.TeacherMapper.selectById - ==> Parameters: 3(Long)
2025-06-18 10:40:04.301 [http-nio-8082-exec-6] DEBUG hit.cs.sciencefms.mapper.TeacherMapper.selectById - <==      Total: 1
2025-06-18 10:40:04.301 [http-nio-8082-exec-6] DEBUG hit.cs.sciencefms.mapper.TeacherMapper.selectById - ==>  Preparing: SELECT id,username,real_name,gender,birth_date,title,department,position,research_area,email,phone,office_location,avatar_url,create_time,update_time,is_deleted FROM t_teacher WHERE id=? AND is_deleted=0
2025-06-18 10:40:04.301 [http-nio-8082-exec-6] DEBUG hit.cs.sciencefms.mapper.TeacherMapper.selectById - ==> Parameters: 1(Long)
2025-06-18 10:40:04.351 [http-nio-8082-exec-6] DEBUG hit.cs.sciencefms.mapper.TeacherMapper.selectById - <==      Total: 1
2025-06-18 10:40:04.352 [http-nio-8082-exec-6] DEBUG hit.cs.sciencefms.mapper.TeacherMapper.selectById - ==>  Preparing: SELECT id,username,real_name,gender,birth_date,title,department,position,research_area,email,phone,office_location,avatar_url,create_time,update_time,is_deleted FROM t_teacher WHERE id=? AND is_deleted=0
2025-06-18 10:40:04.352 [http-nio-8082-exec-6] DEBUG hit.cs.sciencefms.mapper.TeacherMapper.selectById - ==> Parameters: 1(Long)
2025-06-18 10:40:04.402 [http-nio-8082-exec-6] DEBUG hit.cs.sciencefms.mapper.TeacherMapper.selectById - <==      Total: 1
2025-06-18 10:40:04.402 [http-nio-8082-exec-6] DEBUG hit.cs.sciencefms.mapper.TeacherMapper.selectById - ==>  Preparing: SELECT id,username,real_name,gender,birth_date,title,department,position,research_area,email,phone,office_location,avatar_url,create_time,update_time,is_deleted FROM t_teacher WHERE id=? AND is_deleted=0
2025-06-18 10:40:04.402 [http-nio-8082-exec-6] DEBUG hit.cs.sciencefms.mapper.TeacherMapper.selectById - ==> Parameters: 3(Long)
2025-06-18 10:40:04.438 [http-nio-8082-exec-6] DEBUG hit.cs.sciencefms.mapper.TeacherMapper.selectById - <==      Total: 1
2025-06-18 10:40:04.438 [http-nio-8082-exec-6] DEBUG hit.cs.sciencefms.mapper.TeacherMapper.selectById - ==>  Preparing: SELECT id,username,real_name,gender,birth_date,title,department,position,research_area,email,phone,office_location,avatar_url,create_time,update_time,is_deleted FROM t_teacher WHERE id=? AND is_deleted=0
2025-06-18 10:40:04.438 [http-nio-8082-exec-6] DEBUG hit.cs.sciencefms.mapper.TeacherMapper.selectById - ==> Parameters: 1(Long)
2025-06-18 10:40:04.477 [http-nio-8082-exec-6] DEBUG hit.cs.sciencefms.mapper.TeacherMapper.selectById - <==      Total: 1
2025-06-18 10:40:04.477 [http-nio-8082-exec-6] DEBUG hit.cs.sciencefms.mapper.TeacherMapper.selectById - ==>  Preparing: SELECT id,username,real_name,gender,birth_date,title,department,position,research_area,email,phone,office_location,avatar_url,create_time,update_time,is_deleted FROM t_teacher WHERE id=? AND is_deleted=0
2025-06-18 10:40:04.477 [http-nio-8082-exec-6] DEBUG hit.cs.sciencefms.mapper.TeacherMapper.selectById - ==> Parameters: 2(Long)
2025-06-18 10:40:04.516 [http-nio-8082-exec-6] DEBUG hit.cs.sciencefms.mapper.TeacherMapper.selectById - <==      Total: 1
2025-06-18 10:40:04.517 [http-nio-8082-exec-6] DEBUG hit.cs.sciencefms.mapper.TeacherMapper.selectById - ==>  Preparing: SELECT id,username,real_name,gender,birth_date,title,department,position,research_area,email,phone,office_location,avatar_url,create_time,update_time,is_deleted FROM t_teacher WHERE id=? AND is_deleted=0
2025-06-18 10:40:04.517 [http-nio-8082-exec-6] DEBUG hit.cs.sciencefms.mapper.TeacherMapper.selectById - ==> Parameters: 2(Long)
2025-06-18 10:40:04.554 [http-nio-8082-exec-6] DEBUG hit.cs.sciencefms.mapper.TeacherMapper.selectById - <==      Total: 1
2025-06-18 10:40:04.561 [http-nio-8082-exec-6] INFO  h.c.s.service.impl.ResearchSummaryServiceImpl - 发送趋势分析请求到大模型，时间范围: 2020年至2025年, 数据长度: 6428
2025-06-18 10:40:05.207 [http-nio-8082-exec-6] ERROR h.c.s.service.impl.ResearchSummaryServiceImpl - 调用大模型生成趋势分析失败
java.lang.IllegalArgumentException: text cannot be null or blank
	at dev.langchain4j.internal.Exceptions.illegalArgument(Exceptions.java:19)
	at dev.langchain4j.internal.ValidationUtils.ensureNotBlank(ValidationUtils.java:98)
	at dev.langchain4j.data.message.AiMessage.<init>(AiMessage.java:30)
	at dev.langchain4j.data.message.AiMessage.from(AiMessage.java:100)
	at dev.langchain4j.data.message.AiMessage.aiMessage(AiMessage.java:127)
	at dev.langchain4j.model.qianfan.InternalQianfanHelper.aiMessageFrom(InternalQianfanHelper.java:162)
	at dev.langchain4j.model.qianfan.QianfanChatModel.generate(QianfanChatModel.java:131)
	at dev.langchain4j.model.qianfan.QianfanChatModel.generate(QianfanChatModel.java:90)
	at dev.langchain4j.model.chat.ChatLanguageModel.generate(ChatLanguageModel.java:39)
	at dev.langchain4j.model.chat.ChatLanguageModel.generate(ChatLanguageModel.java:27)
	at hit.cs.sciencefms.service.impl.ResearchSummaryServiceImpl.generateTrendAnalysis(ResearchSummaryServiceImpl.java:150)
	at hit.cs.sciencefms.service.impl.ResearchSummaryServiceImpl.generateResearchAnalysis(ResearchSummaryServiceImpl.java:105)
	at hit.cs.sciencefms.controller.AdminDashboardController.getResearchAnalysis(AdminDashboardController.java:51)
	at java.base/jdk.internal.reflect.NativeMethodAccessorImpl.invoke0(Native Method)
	at java.base/jdk.internal.reflect.NativeMethodAccessorImpl.invoke(NativeMethodAccessorImpl.java:77)
	at java.base/jdk.internal.reflect.DelegatingMethodAccessorImpl.invoke(DelegatingMethodAccessorImpl.java:43)
	at java.base/java.lang.reflect.Method.invoke(Method.java:568)
	at org.springframework.web.method.support.InvocableHandlerMethod.doInvoke(InvocableHandlerMethod.java:207)
	at org.springframework.web.method.support.InvocableHandlerMethod.invokeForRequest(InvocableHandlerMethod.java:152)
	at org.springframework.web.servlet.mvc.method.annotation.ServletInvocableHandlerMethod.invokeAndHandle(ServletInvocableHandlerMethod.java:117)
	at org.springframework.web.servlet.mvc.method.annotation.RequestMappingHandlerAdapter.invokeHandlerMethod(RequestMappingHandlerAdapter.java:884)
	at org.springframework.web.servlet.mvc.method.annotation.RequestMappingHandlerAdapter.handleInternal(RequestMappingHandlerAdapter.java:797)
	at org.springframework.web.servlet.mvc.method.AbstractHandlerMethodAdapter.handle(AbstractHandlerMethodAdapter.java:87)
	at org.springframework.web.servlet.DispatcherServlet.doDispatch(DispatcherServlet.java:1080)
	at org.springframework.web.servlet.DispatcherServlet.doService(DispatcherServlet.java:973)
	at org.springframework.web.servlet.FrameworkServlet.processRequest(FrameworkServlet.java:1011)
	at org.springframework.web.servlet.FrameworkServlet.doGet(FrameworkServlet.java:903)
	at jakarta.servlet.http.HttpServlet.service(HttpServlet.java:705)
	at org.springframework.web.servlet.FrameworkServlet.service(FrameworkServlet.java:885)
	at jakarta.servlet.http.HttpServlet.service(HttpServlet.java:814)
	at org.apache.catalina.core.ApplicationFilterChain.internalDoFilter(ApplicationFilterChain.java:223)
	at org.apache.catalina.core.ApplicationFilterChain.doFilter(ApplicationFilterChain.java:158)
	at org.apache.tomcat.websocket.server.WsFilter.doFilter(WsFilter.java:53)
	at org.apache.catalina.core.ApplicationFilterChain.internalDoFilter(ApplicationFilterChain.java:185)
	at org.apache.catalina.core.ApplicationFilterChain.doFilter(ApplicationFilterChain.java:158)
	at org.springframework.web.filter.RequestContextFilter.doFilterInternal(RequestContextFilter.java:100)
	at org.springframework.web.filter.OncePerRequestFilter.doFilter(OncePerRequestFilter.java:116)
	at org.apache.catalina.core.ApplicationFilterChain.internalDoFilter(ApplicationFilterChain.java:185)
	at org.apache.catalina.core.ApplicationFilterChain.doFilter(ApplicationFilterChain.java:158)
	at org.springframework.web.filter.FormContentFilter.doFilterInternal(FormContentFilter.java:93)
	at org.springframework.web.filter.OncePerRequestFilter.doFilter(OncePerRequestFilter.java:116)
	at org.apache.catalina.core.ApplicationFilterChain.internalDoFilter(ApplicationFilterChain.java:185)
	at org.apache.catalina.core.ApplicationFilterChain.doFilter(ApplicationFilterChain.java:158)
	at hit.cs.sciencefms.config.JwtFilter.doFilterInternal(JwtFilter.java:91)
	at org.springframework.web.filter.OncePerRequestFilter.doFilter(OncePerRequestFilter.java:116)
	at org.apache.catalina.core.ApplicationFilterChain.internalDoFilter(ApplicationFilterChain.java:185)
	at org.apache.catalina.core.ApplicationFilterChain.doFilter(ApplicationFilterChain.java:158)
	at org.springframework.web.filter.CharacterEncodingFilter.doFilterInternal(CharacterEncodingFilter.java:201)
	at org.springframework.web.filter.OncePerRequestFilter.doFilter(OncePerRequestFilter.java:116)
	at org.apache.catalina.core.ApplicationFilterChain.internalDoFilter(ApplicationFilterChain.java:185)
	at org.apache.catalina.core.ApplicationFilterChain.doFilter(ApplicationFilterChain.java:158)
	at hit.cs.sciencefms.config.CorsFilter.doFilter(CorsFilter.java:44)
	at org.apache.catalina.core.ApplicationFilterChain.internalDoFilter(ApplicationFilterChain.java:185)
	at org.apache.catalina.core.ApplicationFilterChain.doFilter(ApplicationFilterChain.java:158)
	at org.apache.catalina.core.StandardWrapperValve.invoke(StandardWrapperValve.java:177)
	at org.apache.catalina.core.StandardContextValve.invoke(StandardContextValve.java:97)
	at org.apache.catalina.authenticator.AuthenticatorBase.invoke(AuthenticatorBase.java:542)
	at org.apache.catalina.core.StandardHostValve.invoke(StandardHostValve.java:119)
	at org.apache.catalina.valves.ErrorReportValve.invoke(ErrorReportValve.java:92)
	at org.apache.catalina.core.StandardEngineValve.invoke(StandardEngineValve.java:78)
	at org.apache.catalina.connector.CoyoteAdapter.service(CoyoteAdapter.java:357)
	at org.apache.coyote.http11.Http11Processor.service(Http11Processor.java:400)
	at org.apache.coyote.AbstractProcessorLight.process(AbstractProcessorLight.java:65)
	at org.apache.coyote.AbstractProtocol$ConnectionHandler.process(AbstractProtocol.java:859)
	at org.apache.tomcat.util.net.NioEndpoint$SocketProcessor.doRun(NioEndpoint.java:1734)
	at org.apache.tomcat.util.net.SocketProcessorBase.run(SocketProcessorBase.java:52)
	at org.apache.tomcat.util.threads.ThreadPoolExecutor.runWorker(ThreadPoolExecutor.java:1191)
	at org.apache.tomcat.util.threads.ThreadPoolExecutor$Worker.run(ThreadPoolExecutor.java:659)
	at org.apache.tomcat.util.threads.TaskThread$WrappingRunnable.run(TaskThread.java:61)
	at java.base/java.lang.Thread.run(Thread.java:842)
2025-06-18 10:40:05.222 [http-nio-8082-exec-6] INFO  h.c.s.service.impl.ResearchSummaryServiceImpl - 发送高价值成果分析请求到大模型，时间范围: 2020年至2025年, 数据长度: 6428
2025-06-18 10:40:05.447 [http-nio-8082-exec-6] ERROR h.c.s.service.impl.ResearchSummaryServiceImpl - 调用大模型生成高价值成果分析失败
java.lang.IllegalArgumentException: text cannot be null or blank
	at dev.langchain4j.internal.Exceptions.illegalArgument(Exceptions.java:19)
	at dev.langchain4j.internal.ValidationUtils.ensureNotBlank(ValidationUtils.java:98)
	at dev.langchain4j.data.message.AiMessage.<init>(AiMessage.java:30)
	at dev.langchain4j.data.message.AiMessage.from(AiMessage.java:100)
	at dev.langchain4j.data.message.AiMessage.aiMessage(AiMessage.java:127)
	at dev.langchain4j.model.qianfan.InternalQianfanHelper.aiMessageFrom(InternalQianfanHelper.java:162)
	at dev.langchain4j.model.qianfan.QianfanChatModel.generate(QianfanChatModel.java:131)
	at dev.langchain4j.model.qianfan.QianfanChatModel.generate(QianfanChatModel.java:90)
	at dev.langchain4j.model.chat.ChatLanguageModel.generate(ChatLanguageModel.java:39)
	at dev.langchain4j.model.chat.ChatLanguageModel.generate(ChatLanguageModel.java:27)
	at hit.cs.sciencefms.service.impl.ResearchSummaryServiceImpl.generateValuableResearchAnalysis(ResearchSummaryServiceImpl.java:190)
	at hit.cs.sciencefms.service.impl.ResearchSummaryServiceImpl.generateResearchAnalysis(ResearchSummaryServiceImpl.java:106)
	at hit.cs.sciencefms.controller.AdminDashboardController.getResearchAnalysis(AdminDashboardController.java:51)
	at java.base/jdk.internal.reflect.NativeMethodAccessorImpl.invoke0(Native Method)
	at java.base/jdk.internal.reflect.NativeMethodAccessorImpl.invoke(NativeMethodAccessorImpl.java:77)
	at java.base/jdk.internal.reflect.DelegatingMethodAccessorImpl.invoke(DelegatingMethodAccessorImpl.java:43)
	at java.base/java.lang.reflect.Method.invoke(Method.java:568)
	at org.springframework.web.method.support.InvocableHandlerMethod.doInvoke(InvocableHandlerMethod.java:207)
	at org.springframework.web.method.support.InvocableHandlerMethod.invokeForRequest(InvocableHandlerMethod.java:152)
	at org.springframework.web.servlet.mvc.method.annotation.ServletInvocableHandlerMethod.invokeAndHandle(ServletInvocableHandlerMethod.java:117)
	at org.springframework.web.servlet.mvc.method.annotation.RequestMappingHandlerAdapter.invokeHandlerMethod(RequestMappingHandlerAdapter.java:884)
	at org.springframework.web.servlet.mvc.method.annotation.RequestMappingHandlerAdapter.handleInternal(RequestMappingHandlerAdapter.java:797)
	at org.springframework.web.servlet.mvc.method.AbstractHandlerMethodAdapter.handle(AbstractHandlerMethodAdapter.java:87)
	at org.springframework.web.servlet.DispatcherServlet.doDispatch(DispatcherServlet.java:1080)
	at org.springframework.web.servlet.DispatcherServlet.doService(DispatcherServlet.java:973)
	at org.springframework.web.servlet.FrameworkServlet.processRequest(FrameworkServlet.java:1011)
	at org.springframework.web.servlet.FrameworkServlet.doGet(FrameworkServlet.java:903)
	at jakarta.servlet.http.HttpServlet.service(HttpServlet.java:705)
	at org.springframework.web.servlet.FrameworkServlet.service(FrameworkServlet.java:885)
	at jakarta.servlet.http.HttpServlet.service(HttpServlet.java:814)
	at org.apache.catalina.core.ApplicationFilterChain.internalDoFilter(ApplicationFilterChain.java:223)
	at org.apache.catalina.core.ApplicationFilterChain.doFilter(ApplicationFilterChain.java:158)
	at org.apache.tomcat.websocket.server.WsFilter.doFilter(WsFilter.java:53)
	at org.apache.catalina.core.ApplicationFilterChain.internalDoFilter(ApplicationFilterChain.java:185)
	at org.apache.catalina.core.ApplicationFilterChain.doFilter(ApplicationFilterChain.java:158)
	at org.springframework.web.filter.RequestContextFilter.doFilterInternal(RequestContextFilter.java:100)
	at org.springframework.web.filter.OncePerRequestFilter.doFilter(OncePerRequestFilter.java:116)
	at org.apache.catalina.core.ApplicationFilterChain.internalDoFilter(ApplicationFilterChain.java:185)
	at org.apache.catalina.core.ApplicationFilterChain.doFilter(ApplicationFilterChain.java:158)
	at org.springframework.web.filter.FormContentFilter.doFilterInternal(FormContentFilter.java:93)
	at org.springframework.web.filter.OncePerRequestFilter.doFilter(OncePerRequestFilter.java:116)
	at org.apache.catalina.core.ApplicationFilterChain.internalDoFilter(ApplicationFilterChain.java:185)
	at org.apache.catalina.core.ApplicationFilterChain.doFilter(ApplicationFilterChain.java:158)
	at hit.cs.sciencefms.config.JwtFilter.doFilterInternal(JwtFilter.java:91)
	at org.springframework.web.filter.OncePerRequestFilter.doFilter(OncePerRequestFilter.java:116)
	at org.apache.catalina.core.ApplicationFilterChain.internalDoFilter(ApplicationFilterChain.java:185)
	at org.apache.catalina.core.ApplicationFilterChain.doFilter(ApplicationFilterChain.java:158)
	at org.springframework.web.filter.CharacterEncodingFilter.doFilterInternal(CharacterEncodingFilter.java:201)
	at org.springframework.web.filter.OncePerRequestFilter.doFilter(OncePerRequestFilter.java:116)
	at org.apache.catalina.core.ApplicationFilterChain.internalDoFilter(ApplicationFilterChain.java:185)
	at org.apache.catalina.core.ApplicationFilterChain.doFilter(ApplicationFilterChain.java:158)
	at hit.cs.sciencefms.config.CorsFilter.doFilter(CorsFilter.java:44)
	at org.apache.catalina.core.ApplicationFilterChain.internalDoFilter(ApplicationFilterChain.java:185)
	at org.apache.catalina.core.ApplicationFilterChain.doFilter(ApplicationFilterChain.java:158)
	at org.apache.catalina.core.StandardWrapperValve.invoke(StandardWrapperValve.java:177)
	at org.apache.catalina.core.StandardContextValve.invoke(StandardContextValve.java:97)
	at org.apache.catalina.authenticator.AuthenticatorBase.invoke(AuthenticatorBase.java:542)
	at org.apache.catalina.core.StandardHostValve.invoke(StandardHostValve.java:119)
	at org.apache.catalina.valves.ErrorReportValve.invoke(ErrorReportValve.java:92)
	at org.apache.catalina.core.StandardEngineValve.invoke(StandardEngineValve.java:78)
	at org.apache.catalina.connector.CoyoteAdapter.service(CoyoteAdapter.java:357)
	at org.apache.coyote.http11.Http11Processor.service(Http11Processor.java:400)
	at org.apache.coyote.AbstractProcessorLight.process(AbstractProcessorLight.java:65)
	at org.apache.coyote.AbstractProtocol$ConnectionHandler.process(AbstractProtocol.java:859)
	at org.apache.tomcat.util.net.NioEndpoint$SocketProcessor.doRun(NioEndpoint.java:1734)
	at org.apache.tomcat.util.net.SocketProcessorBase.run(SocketProcessorBase.java:52)
	at org.apache.tomcat.util.threads.ThreadPoolExecutor.runWorker(ThreadPoolExecutor.java:1191)
	at org.apache.tomcat.util.threads.ThreadPoolExecutor$Worker.run(ThreadPoolExecutor.java:659)
	at org.apache.tomcat.util.threads.TaskThread$WrappingRunnable.run(TaskThread.java:61)
	at java.base/java.lang.Thread.run(Thread.java:842)
2025-06-18 10:40:05.451 [http-nio-8082-exec-6] INFO  h.c.s.service.impl.ResearchSummaryServiceImpl - 发送学科分布分析请求到大模型，时间范围: 2020年至2025年, 数据长度: 6428
2025-06-18 10:40:05.594 [http-nio-8082-exec-6] ERROR h.c.s.service.impl.ResearchSummaryServiceImpl - 调用大模型生成学科分布分析失败
java.lang.IllegalArgumentException: text cannot be null or blank
	at dev.langchain4j.internal.Exceptions.illegalArgument(Exceptions.java:19)
	at dev.langchain4j.internal.ValidationUtils.ensureNotBlank(ValidationUtils.java:98)
	at dev.langchain4j.data.message.AiMessage.<init>(AiMessage.java:30)
	at dev.langchain4j.data.message.AiMessage.from(AiMessage.java:100)
	at dev.langchain4j.data.message.AiMessage.aiMessage(AiMessage.java:127)
	at dev.langchain4j.model.qianfan.InternalQianfanHelper.aiMessageFrom(InternalQianfanHelper.java:162)
	at dev.langchain4j.model.qianfan.QianfanChatModel.generate(QianfanChatModel.java:131)
	at dev.langchain4j.model.qianfan.QianfanChatModel.generate(QianfanChatModel.java:90)
	at dev.langchain4j.model.chat.ChatLanguageModel.generate(ChatLanguageModel.java:39)
	at dev.langchain4j.model.chat.ChatLanguageModel.generate(ChatLanguageModel.java:27)
	at hit.cs.sciencefms.service.impl.ResearchSummaryServiceImpl.generateDisciplineDistribution(ResearchSummaryServiceImpl.java:230)
	at hit.cs.sciencefms.service.impl.ResearchSummaryServiceImpl.generateResearchAnalysis(ResearchSummaryServiceImpl.java:107)
	at hit.cs.sciencefms.controller.AdminDashboardController.getResearchAnalysis(AdminDashboardController.java:51)
	at java.base/jdk.internal.reflect.NativeMethodAccessorImpl.invoke0(Native Method)
	at java.base/jdk.internal.reflect.NativeMethodAccessorImpl.invoke(NativeMethodAccessorImpl.java:77)
	at java.base/jdk.internal.reflect.DelegatingMethodAccessorImpl.invoke(DelegatingMethodAccessorImpl.java:43)
	at java.base/java.lang.reflect.Method.invoke(Method.java:568)
	at org.springframework.web.method.support.InvocableHandlerMethod.doInvoke(InvocableHandlerMethod.java:207)
	at org.springframework.web.method.support.InvocableHandlerMethod.invokeForRequest(InvocableHandlerMethod.java:152)
	at org.springframework.web.servlet.mvc.method.annotation.ServletInvocableHandlerMethod.invokeAndHandle(ServletInvocableHandlerMethod.java:117)
	at org.springframework.web.servlet.mvc.method.annotation.RequestMappingHandlerAdapter.invokeHandlerMethod(RequestMappingHandlerAdapter.java:884)
	at org.springframework.web.servlet.mvc.method.annotation.RequestMappingHandlerAdapter.handleInternal(RequestMappingHandlerAdapter.java:797)
	at org.springframework.web.servlet.mvc.method.AbstractHandlerMethodAdapter.handle(AbstractHandlerMethodAdapter.java:87)
	at org.springframework.web.servlet.DispatcherServlet.doDispatch(DispatcherServlet.java:1080)
	at org.springframework.web.servlet.DispatcherServlet.doService(DispatcherServlet.java:973)
	at org.springframework.web.servlet.FrameworkServlet.processRequest(FrameworkServlet.java:1011)
	at org.springframework.web.servlet.FrameworkServlet.doGet(FrameworkServlet.java:903)
	at jakarta.servlet.http.HttpServlet.service(HttpServlet.java:705)
	at org.springframework.web.servlet.FrameworkServlet.service(FrameworkServlet.java:885)
	at jakarta.servlet.http.HttpServlet.service(HttpServlet.java:814)
	at org.apache.catalina.core.ApplicationFilterChain.internalDoFilter(ApplicationFilterChain.java:223)
	at org.apache.catalina.core.ApplicationFilterChain.doFilter(ApplicationFilterChain.java:158)
	at org.apache.tomcat.websocket.server.WsFilter.doFilter(WsFilter.java:53)
	at org.apache.catalina.core.ApplicationFilterChain.internalDoFilter(ApplicationFilterChain.java:185)
	at org.apache.catalina.core.ApplicationFilterChain.doFilter(ApplicationFilterChain.java:158)
	at org.springframework.web.filter.RequestContextFilter.doFilterInternal(RequestContextFilter.java:100)
	at org.springframework.web.filter.OncePerRequestFilter.doFilter(OncePerRequestFilter.java:116)
	at org.apache.catalina.core.ApplicationFilterChain.internalDoFilter(ApplicationFilterChain.java:185)
	at org.apache.catalina.core.ApplicationFilterChain.doFilter(ApplicationFilterChain.java:158)
	at org.springframework.web.filter.FormContentFilter.doFilterInternal(FormContentFilter.java:93)
	at org.springframework.web.filter.OncePerRequestFilter.doFilter(OncePerRequestFilter.java:116)
	at org.apache.catalina.core.ApplicationFilterChain.internalDoFilter(ApplicationFilterChain.java:185)
	at org.apache.catalina.core.ApplicationFilterChain.doFilter(ApplicationFilterChain.java:158)
	at hit.cs.sciencefms.config.JwtFilter.doFilterInternal(JwtFilter.java:91)
	at org.springframework.web.filter.OncePerRequestFilter.doFilter(OncePerRequestFilter.java:116)
	at org.apache.catalina.core.ApplicationFilterChain.internalDoFilter(ApplicationFilterChain.java:185)
	at org.apache.catalina.core.ApplicationFilterChain.doFilter(ApplicationFilterChain.java:158)
	at org.springframework.web.filter.CharacterEncodingFilter.doFilterInternal(CharacterEncodingFilter.java:201)
	at org.springframework.web.filter.OncePerRequestFilter.doFilter(OncePerRequestFilter.java:116)
	at org.apache.catalina.core.ApplicationFilterChain.internalDoFilter(ApplicationFilterChain.java:185)
	at org.apache.catalina.core.ApplicationFilterChain.doFilter(ApplicationFilterChain.java:158)
	at hit.cs.sciencefms.config.CorsFilter.doFilter(CorsFilter.java:44)
	at org.apache.catalina.core.ApplicationFilterChain.internalDoFilter(ApplicationFilterChain.java:185)
	at org.apache.catalina.core.ApplicationFilterChain.doFilter(ApplicationFilterChain.java:158)
	at org.apache.catalina.core.StandardWrapperValve.invoke(StandardWrapperValve.java:177)
	at org.apache.catalina.core.StandardContextValve.invoke(StandardContextValve.java:97)
	at org.apache.catalina.authenticator.AuthenticatorBase.invoke(AuthenticatorBase.java:542)
	at org.apache.catalina.core.StandardHostValve.invoke(StandardHostValve.java:119)
	at org.apache.catalina.valves.ErrorReportValve.invoke(ErrorReportValve.java:92)
	at org.apache.catalina.core.StandardEngineValve.invoke(StandardEngineValve.java:78)
	at org.apache.catalina.connector.CoyoteAdapter.service(CoyoteAdapter.java:357)
	at org.apache.coyote.http11.Http11Processor.service(Http11Processor.java:400)
	at org.apache.coyote.AbstractProcessorLight.process(AbstractProcessorLight.java:65)
	at org.apache.coyote.AbstractProtocol$ConnectionHandler.process(AbstractProtocol.java:859)
	at org.apache.tomcat.util.net.NioEndpoint$SocketProcessor.doRun(NioEndpoint.java:1734)
	at org.apache.tomcat.util.net.SocketProcessorBase.run(SocketProcessorBase.java:52)
	at org.apache.tomcat.util.threads.ThreadPoolExecutor.runWorker(ThreadPoolExecutor.java:1191)
	at org.apache.tomcat.util.threads.ThreadPoolExecutor$Worker.run(ThreadPoolExecutor.java:659)
	at org.apache.tomcat.util.threads.TaskThread$WrappingRunnable.run(TaskThread.java:61)
	at java.base/java.lang.Thread.run(Thread.java:842)
2025-06-18 10:57:41.703 [SpringApplicationShutdownHook] INFO  com.zaxxer.hikari.HikariDataSource - HikariPool-1 - Shutdown initiated...
2025-06-18 10:57:41.709 [SpringApplicationShutdownHook] INFO  com.zaxxer.hikari.HikariDataSource - HikariPool-1 - Shutdown completed.
2025-06-18 10:57:44.417 [main] INFO  hit.cs.sciencefms.ScienceFmsApplication - Starting ScienceFmsApplication using Java 17.0.10 with PID 14656 (D:\Codes\SchoolProject\Java\SoftwareProjection\scienceSystem\BackEnd\scienceFMS\target\classes started by DELL in D:\Codes\SchoolProject\Java\SoftwareProjection\scienceSystem\BackEnd)
2025-06-18 10:57:44.417 [main] DEBUG hit.cs.sciencefms.ScienceFmsApplication - Running with Spring Boot v3.0.2, Spring v6.0.4
2025-06-18 10:57:44.417 [main] INFO  hit.cs.sciencefms.ScienceFmsApplication - No active profile set, falling back to 1 default profile: "default"
2025-06-18 10:57:45.136 [main] INFO  o.s.boot.web.embedded.tomcat.TomcatWebServer - Tomcat initialized with port(s): 8082 (http)
2025-06-18 10:57:45.142 [main] INFO  org.apache.catalina.core.StandardService - Starting service [Tomcat]
2025-06-18 10:57:45.142 [main] INFO  org.apache.catalina.core.StandardEngine - Starting Servlet engine: [Apache Tomcat/10.1.5]
2025-06-18 10:57:45.203 [main] INFO  o.a.c.core.ContainerBase.[Tomcat].[localhost].[/] - Initializing Spring embedded WebApplicationContext
2025-06-18 10:57:45.204 [main] INFO  o.s.b.w.s.c.ServletWebServerApplicationContext - Root WebApplicationContext: initialization completed in 743 ms
2025-06-18 10:57:45.279 [main] DEBUG hit.cs.sciencefms.config.JwtFilter - Filter 'jwtFilter' configured for use
2025-06-18 10:57:45.607 [main] WARN  o.s.b.w.s.c.AnnotationConfigServletWebServerApplicationContext - Exception encountered during context initialization - cancelling refresh attempt: org.springframework.beans.factory.UnsatisfiedDependencyException: Error creating bean with name 'adminDashboardController' defined in file [D:\Codes\SchoolProject\Java\SoftwareProjection\scienceSystem\BackEnd\scienceFMS\target\classes\hit\cs\sciencefms\controller\AdminDashboardController.class]: Unsatisfied dependency expressed through constructor parameter 1: Error creating bean with name 'researchSummaryServiceImpl': Unsatisfied dependency expressed through field 'chatLanguageModel': Error creating bean with name 'qianfanChatLanguageModel' defined in class path resource [hit/cs/sciencefms/config/LangChain4jConfig.class]: Failed to instantiate [dev.langchain4j.model.chat.ChatLanguageModel]: Factory method 'qianfanChatLanguageModel' threw exception with message: Qianfan is no such model name. You can see model name here: https://cloud.baidu.com/doc/WENXINWORKSHOP/s/Nlks5zkzu
2025-06-18 10:57:45.609 [main] INFO  org.apache.catalina.core.StandardService - Stopping service [Tomcat]
2025-06-18 10:57:45.618 [main] INFO  o.s.b.a.logging.ConditionEvaluationReportLogger - 

Error starting ApplicationContext. To display the condition evaluation report re-run your application with 'debug' enabled.
2025-06-18 10:57:45.628 [main] ERROR org.springframework.boot.SpringApplication - Application run failed
org.springframework.beans.factory.UnsatisfiedDependencyException: Error creating bean with name 'adminDashboardController' defined in file [D:\Codes\SchoolProject\Java\SoftwareProjection\scienceSystem\BackEnd\scienceFMS\target\classes\hit\cs\sciencefms\controller\AdminDashboardController.class]: Unsatisfied dependency expressed through constructor parameter 1: Error creating bean with name 'researchSummaryServiceImpl': Unsatisfied dependency expressed through field 'chatLanguageModel': Error creating bean with name 'qianfanChatLanguageModel' defined in class path resource [hit/cs/sciencefms/config/LangChain4jConfig.class]: Failed to instantiate [dev.langchain4j.model.chat.ChatLanguageModel]: Factory method 'qianfanChatLanguageModel' threw exception with message: Qianfan is no such model name. You can see model name here: https://cloud.baidu.com/doc/WENXINWORKSHOP/s/Nlks5zkzu
	at org.springframework.beans.factory.support.ConstructorResolver.createArgumentArray(ConstructorResolver.java:798)
	at org.springframework.beans.factory.support.ConstructorResolver.autowireConstructor(ConstructorResolver.java:245)
	at org.springframework.beans.factory.support.AbstractAutowireCapableBeanFactory.autowireConstructor(AbstractAutowireCapableBeanFactory.java:1344)
	at org.springframework.beans.factory.support.AbstractAutowireCapableBeanFactory.createBeanInstance(AbstractAutowireCapableBeanFactory.java:1188)
	at org.springframework.beans.factory.support.AbstractAutowireCapableBeanFactory.doCreateBean(AbstractAutowireCapableBeanFactory.java:561)
	at org.springframework.beans.factory.support.AbstractAutowireCapableBeanFactory.createBean(AbstractAutowireCapableBeanFactory.java:521)
	at org.springframework.beans.factory.support.AbstractBeanFactory.lambda$doGetBean$0(AbstractBeanFactory.java:326)
	at org.springframework.beans.factory.support.DefaultSingletonBeanRegistry.getSingleton(DefaultSingletonBeanRegistry.java:234)
	at org.springframework.beans.factory.support.AbstractBeanFactory.doGetBean(AbstractBeanFactory.java:324)
	at org.springframework.beans.factory.support.AbstractBeanFactory.getBean(AbstractBeanFactory.java:200)
	at org.springframework.beans.factory.support.DefaultListableBeanFactory.preInstantiateSingletons(DefaultListableBeanFactory.java:961)
	at org.springframework.context.support.AbstractApplicationContext.finishBeanFactoryInitialization(AbstractApplicationContext.java:915)
	at org.springframework.context.support.AbstractApplicationContext.refresh(AbstractApplicationContext.java:584)
	at org.springframework.boot.web.servlet.context.ServletWebServerApplicationContext.refresh(ServletWebServerApplicationContext.java:146)
	at org.springframework.boot.SpringApplication.refresh(SpringApplication.java:730)
	at org.springframework.boot.SpringApplication.refreshContext(SpringApplication.java:432)
	at org.springframework.boot.SpringApplication.run(SpringApplication.java:308)
	at org.springframework.boot.SpringApplication.run(SpringApplication.java:1302)
	at org.springframework.boot.SpringApplication.run(SpringApplication.java:1291)
	at hit.cs.sciencefms.ScienceFmsApplication.main(ScienceFmsApplication.java:10)
Caused by: org.springframework.beans.factory.UnsatisfiedDependencyException: Error creating bean with name 'researchSummaryServiceImpl': Unsatisfied dependency expressed through field 'chatLanguageModel': Error creating bean with name 'qianfanChatLanguageModel' defined in class path resource [hit/cs/sciencefms/config/LangChain4jConfig.class]: Failed to instantiate [dev.langchain4j.model.chat.ChatLanguageModel]: Factory method 'qianfanChatLanguageModel' threw exception with message: Qianfan is no such model name. You can see model name here: https://cloud.baidu.com/doc/WENXINWORKSHOP/s/Nlks5zkzu
	at org.springframework.beans.factory.annotation.AutowiredAnnotationBeanPostProcessor$AutowiredFieldElement.resolveFieldValue(AutowiredAnnotationBeanPostProcessor.java:712)
	at org.springframework.beans.factory.annotation.AutowiredAnnotationBeanPostProcessor$AutowiredFieldElement.inject(AutowiredAnnotationBeanPostProcessor.java:692)
	at org.springframework.beans.factory.annotation.InjectionMetadata.inject(InjectionMetadata.java:133)
	at org.springframework.beans.factory.annotation.AutowiredAnnotationBeanPostProcessor.postProcessProperties(AutowiredAnnotationBeanPostProcessor.java:481)
	at org.springframework.beans.factory.support.AbstractAutowireCapableBeanFactory.populateBean(AbstractAutowireCapableBeanFactory.java:1397)
	at org.springframework.beans.factory.support.AbstractAutowireCapableBeanFactory.doCreateBean(AbstractAutowireCapableBeanFactory.java:598)
	at org.springframework.beans.factory.support.AbstractAutowireCapableBeanFactory.createBean(AbstractAutowireCapableBeanFactory.java:521)
	at org.springframework.beans.factory.support.AbstractBeanFactory.lambda$doGetBean$0(AbstractBeanFactory.java:326)
	at org.springframework.beans.factory.support.DefaultSingletonBeanRegistry.getSingleton(DefaultSingletonBeanRegistry.java:234)
	at org.springframework.beans.factory.support.AbstractBeanFactory.doGetBean(AbstractBeanFactory.java:324)
	at org.springframework.beans.factory.support.AbstractBeanFactory.getBean(AbstractBeanFactory.java:200)
	at org.springframework.beans.factory.config.DependencyDescriptor.resolveCandidate(DependencyDescriptor.java:254)
	at org.springframework.beans.factory.support.DefaultListableBeanFactory.doResolveDependency(DefaultListableBeanFactory.java:1405)
	at org.springframework.beans.factory.support.DefaultListableBeanFactory.resolveDependency(DefaultListableBeanFactory.java:1325)
	at org.springframework.beans.factory.support.ConstructorResolver.resolveAutowiredArgument(ConstructorResolver.java:885)
	at org.springframework.beans.factory.support.ConstructorResolver.createArgumentArray(ConstructorResolver.java:789)
	... 19 common frames omitted
Caused by: org.springframework.beans.factory.BeanCreationException: Error creating bean with name 'qianfanChatLanguageModel' defined in class path resource [hit/cs/sciencefms/config/LangChain4jConfig.class]: Failed to instantiate [dev.langchain4j.model.chat.ChatLanguageModel]: Factory method 'qianfanChatLanguageModel' threw exception with message: Qianfan is no such model name. You can see model name here: https://cloud.baidu.com/doc/WENXINWORKSHOP/s/Nlks5zkzu
	at org.springframework.beans.factory.support.ConstructorResolver.instantiate(ConstructorResolver.java:657)
	at org.springframework.beans.factory.support.ConstructorResolver.instantiateUsingFactoryMethod(ConstructorResolver.java:491)
	at org.springframework.beans.factory.support.AbstractAutowireCapableBeanFactory.instantiateUsingFactoryMethod(AbstractAutowireCapableBeanFactory.java:1324)
	at org.springframework.beans.factory.support.AbstractAutowireCapableBeanFactory.createBeanInstance(AbstractAutowireCapableBeanFactory.java:1161)
	at org.springframework.beans.factory.support.AbstractAutowireCapableBeanFactory.doCreateBean(AbstractAutowireCapableBeanFactory.java:561)
	at org.springframework.beans.factory.support.AbstractAutowireCapableBeanFactory.createBean(AbstractAutowireCapableBeanFactory.java:521)
	at org.springframework.beans.factory.support.AbstractBeanFactory.lambda$doGetBean$0(AbstractBeanFactory.java:326)
	at org.springframework.beans.factory.support.DefaultSingletonBeanRegistry.getSingleton(DefaultSingletonBeanRegistry.java:234)
	at org.springframework.beans.factory.support.AbstractBeanFactory.doGetBean(AbstractBeanFactory.java:324)
	at org.springframework.beans.factory.support.AbstractBeanFactory.getBean(AbstractBeanFactory.java:200)
	at org.springframework.beans.factory.config.DependencyDescriptor.resolveCandidate(DependencyDescriptor.java:254)
	at org.springframework.beans.factory.support.DefaultListableBeanFactory.doResolveDependency(DefaultListableBeanFactory.java:1405)
	at org.springframework.beans.factory.support.DefaultListableBeanFactory.resolveDependency(DefaultListableBeanFactory.java:1325)
	at org.springframework.beans.factory.annotation.AutowiredAnnotationBeanPostProcessor$AutowiredFieldElement.resolveFieldValue(AutowiredAnnotationBeanPostProcessor.java:709)
	... 34 common frames omitted
Caused by: org.springframework.beans.BeanInstantiationException: Failed to instantiate [dev.langchain4j.model.chat.ChatLanguageModel]: Factory method 'qianfanChatLanguageModel' threw exception with message: Qianfan is no such model name. You can see model name here: https://cloud.baidu.com/doc/WENXINWORKSHOP/s/Nlks5zkzu
	at org.springframework.beans.factory.support.SimpleInstantiationStrategy.instantiate(SimpleInstantiationStrategy.java:171)
	at org.springframework.beans.factory.support.ConstructorResolver.instantiate(ConstructorResolver.java:653)
	... 47 common frames omitted
Caused by: java.lang.IllegalArgumentException: Qianfan is no such model name. You can see model name here: https://cloud.baidu.com/doc/WENXINWORKSHOP/s/Nlks5zkzu
	at dev.langchain4j.model.qianfan.QianfanChatModel.<init>(QianfanChatModel.java:67)
	at dev.langchain4j.model.qianfan.QianfanChatModel$QianfanChatModelBuilder.build(QianfanChatModel.java:45)
	at hit.cs.sciencefms.config.LangChain4jConfig.qianfanChatLanguageModel(LangChain4jConfig.java:42)
	at hit.cs.sciencefms.config.LangChain4jConfig$$SpringCGLIB$$0.CGLIB$qianfanChatLanguageModel$0(<generated>)
	at hit.cs.sciencefms.config.LangChain4jConfig$$SpringCGLIB$$2.invoke(<generated>)
	at org.springframework.cglib.proxy.MethodProxy.invokeSuper(MethodProxy.java:258)
	at org.springframework.context.annotation.ConfigurationClassEnhancer$BeanMethodInterceptor.intercept(ConfigurationClassEnhancer.java:331)
	at hit.cs.sciencefms.config.LangChain4jConfig$$SpringCGLIB$$0.qianfanChatLanguageModel(<generated>)
	at java.base/jdk.internal.reflect.NativeMethodAccessorImpl.invoke0(Native Method)
	at java.base/jdk.internal.reflect.NativeMethodAccessorImpl.invoke(NativeMethodAccessorImpl.java:77)
	at java.base/jdk.internal.reflect.DelegatingMethodAccessorImpl.invoke(DelegatingMethodAccessorImpl.java:43)
	at java.base/java.lang.reflect.Method.invoke(Method.java:568)
	at org.springframework.beans.factory.support.SimpleInstantiationStrategy.instantiate(SimpleInstantiationStrategy.java:139)
	... 48 common frames omitted
2025-06-18 11:00:52.403 [main] INFO  hit.cs.sciencefms.ScienceFmsApplication - Starting ScienceFmsApplication using Java 17.0.10 with PID 5172 (D:\Codes\SchoolProject\Java\SoftwareProjection\scienceSystem\BackEnd\scienceFMS\target\classes started by DELL in D:\Codes\SchoolProject\Java\SoftwareProjection\scienceSystem\BackEnd)
2025-06-18 11:00:52.404 [main] DEBUG hit.cs.sciencefms.ScienceFmsApplication - Running with Spring Boot v3.0.2, Spring v6.0.4
2025-06-18 11:00:52.405 [main] INFO  hit.cs.sciencefms.ScienceFmsApplication - No active profile set, falling back to 1 default profile: "default"
2025-06-18 11:00:53.184 [main] INFO  o.s.boot.web.embedded.tomcat.TomcatWebServer - Tomcat initialized with port(s): 8082 (http)
2025-06-18 11:00:53.192 [main] INFO  org.apache.catalina.core.StandardService - Starting service [Tomcat]
2025-06-18 11:00:53.192 [main] INFO  org.apache.catalina.core.StandardEngine - Starting Servlet engine: [Apache Tomcat/10.1.5]
2025-06-18 11:00:53.260 [main] INFO  o.a.c.core.ContainerBase.[Tomcat].[localhost].[/] - Initializing Spring embedded WebApplicationContext
2025-06-18 11:00:53.260 [main] INFO  o.s.b.w.s.c.ServletWebServerApplicationContext - Root WebApplicationContext: initialization completed in 820 ms
2025-06-18 11:00:53.328 [main] DEBUG hit.cs.sciencefms.config.JwtFilter - Filter 'jwtFilter' configured for use
2025-06-18 11:00:53.619 [main] WARN  o.s.b.w.s.c.AnnotationConfigServletWebServerApplicationContext - Exception encountered during context initialization - cancelling refresh attempt: org.springframework.beans.factory.UnsatisfiedDependencyException: Error creating bean with name 'adminDashboardController' defined in file [D:\Codes\SchoolProject\Java\SoftwareProjection\scienceSystem\BackEnd\scienceFMS\target\classes\hit\cs\sciencefms\controller\AdminDashboardController.class]: Unsatisfied dependency expressed through constructor parameter 1: Error creating bean with name 'researchSummaryServiceImpl': Unsatisfied dependency expressed through field 'chatLanguageModel': Error creating bean with name 'qianfanChatLanguageModel' defined in class path resource [hit/cs/sciencefms/config/LangChain4jConfig.class]: Failed to instantiate [dev.langchain4j.model.chat.ChatLanguageModel]: Factory method 'qianfanChatLanguageModel' threw exception with message: Qianfan is no such model name. You can see model name here: https://cloud.baidu.com/doc/WENXINWORKSHOP/s/Nlks5zkzu
2025-06-18 11:00:53.621 [main] INFO  org.apache.catalina.core.StandardService - Stopping service [Tomcat]
2025-06-18 11:00:53.631 [main] INFO  o.s.b.a.logging.ConditionEvaluationReportLogger - 

Error starting ApplicationContext. To display the condition evaluation report re-run your application with 'debug' enabled.
2025-06-18 11:00:53.641 [main] ERROR org.springframework.boot.SpringApplication - Application run failed
org.springframework.beans.factory.UnsatisfiedDependencyException: Error creating bean with name 'adminDashboardController' defined in file [D:\Codes\SchoolProject\Java\SoftwareProjection\scienceSystem\BackEnd\scienceFMS\target\classes\hit\cs\sciencefms\controller\AdminDashboardController.class]: Unsatisfied dependency expressed through constructor parameter 1: Error creating bean with name 'researchSummaryServiceImpl': Unsatisfied dependency expressed through field 'chatLanguageModel': Error creating bean with name 'qianfanChatLanguageModel' defined in class path resource [hit/cs/sciencefms/config/LangChain4jConfig.class]: Failed to instantiate [dev.langchain4j.model.chat.ChatLanguageModel]: Factory method 'qianfanChatLanguageModel' threw exception with message: Qianfan is no such model name. You can see model name here: https://cloud.baidu.com/doc/WENXINWORKSHOP/s/Nlks5zkzu
	at org.springframework.beans.factory.support.ConstructorResolver.createArgumentArray(ConstructorResolver.java:798)
	at org.springframework.beans.factory.support.ConstructorResolver.autowireConstructor(ConstructorResolver.java:245)
	at org.springframework.beans.factory.support.AbstractAutowireCapableBeanFactory.autowireConstructor(AbstractAutowireCapableBeanFactory.java:1344)
	at org.springframework.beans.factory.support.AbstractAutowireCapableBeanFactory.createBeanInstance(AbstractAutowireCapableBeanFactory.java:1188)
	at org.springframework.beans.factory.support.AbstractAutowireCapableBeanFactory.doCreateBean(AbstractAutowireCapableBeanFactory.java:561)
	at org.springframework.beans.factory.support.AbstractAutowireCapableBeanFactory.createBean(AbstractAutowireCapableBeanFactory.java:521)
	at org.springframework.beans.factory.support.AbstractBeanFactory.lambda$doGetBean$0(AbstractBeanFactory.java:326)
	at org.springframework.beans.factory.support.DefaultSingletonBeanRegistry.getSingleton(DefaultSingletonBeanRegistry.java:234)
	at org.springframework.beans.factory.support.AbstractBeanFactory.doGetBean(AbstractBeanFactory.java:324)
	at org.springframework.beans.factory.support.AbstractBeanFactory.getBean(AbstractBeanFactory.java:200)
	at org.springframework.beans.factory.support.DefaultListableBeanFactory.preInstantiateSingletons(DefaultListableBeanFactory.java:961)
	at org.springframework.context.support.AbstractApplicationContext.finishBeanFactoryInitialization(AbstractApplicationContext.java:915)
	at org.springframework.context.support.AbstractApplicationContext.refresh(AbstractApplicationContext.java:584)
	at org.springframework.boot.web.servlet.context.ServletWebServerApplicationContext.refresh(ServletWebServerApplicationContext.java:146)
	at org.springframework.boot.SpringApplication.refresh(SpringApplication.java:730)
	at org.springframework.boot.SpringApplication.refreshContext(SpringApplication.java:432)
	at org.springframework.boot.SpringApplication.run(SpringApplication.java:308)
	at org.springframework.boot.SpringApplication.run(SpringApplication.java:1302)
	at org.springframework.boot.SpringApplication.run(SpringApplication.java:1291)
	at hit.cs.sciencefms.ScienceFmsApplication.main(ScienceFmsApplication.java:10)
Caused by: org.springframework.beans.factory.UnsatisfiedDependencyException: Error creating bean with name 'researchSummaryServiceImpl': Unsatisfied dependency expressed through field 'chatLanguageModel': Error creating bean with name 'qianfanChatLanguageModel' defined in class path resource [hit/cs/sciencefms/config/LangChain4jConfig.class]: Failed to instantiate [dev.langchain4j.model.chat.ChatLanguageModel]: Factory method 'qianfanChatLanguageModel' threw exception with message: Qianfan is no such model name. You can see model name here: https://cloud.baidu.com/doc/WENXINWORKSHOP/s/Nlks5zkzu
	at org.springframework.beans.factory.annotation.AutowiredAnnotationBeanPostProcessor$AutowiredFieldElement.resolveFieldValue(AutowiredAnnotationBeanPostProcessor.java:712)
	at org.springframework.beans.factory.annotation.AutowiredAnnotationBeanPostProcessor$AutowiredFieldElement.inject(AutowiredAnnotationBeanPostProcessor.java:692)
	at org.springframework.beans.factory.annotation.InjectionMetadata.inject(InjectionMetadata.java:133)
	at org.springframework.beans.factory.annotation.AutowiredAnnotationBeanPostProcessor.postProcessProperties(AutowiredAnnotationBeanPostProcessor.java:481)
	at org.springframework.beans.factory.support.AbstractAutowireCapableBeanFactory.populateBean(AbstractAutowireCapableBeanFactory.java:1397)
	at org.springframework.beans.factory.support.AbstractAutowireCapableBeanFactory.doCreateBean(AbstractAutowireCapableBeanFactory.java:598)
	at org.springframework.beans.factory.support.AbstractAutowireCapableBeanFactory.createBean(AbstractAutowireCapableBeanFactory.java:521)
	at org.springframework.beans.factory.support.AbstractBeanFactory.lambda$doGetBean$0(AbstractBeanFactory.java:326)
	at org.springframework.beans.factory.support.DefaultSingletonBeanRegistry.getSingleton(DefaultSingletonBeanRegistry.java:234)
	at org.springframework.beans.factory.support.AbstractBeanFactory.doGetBean(AbstractBeanFactory.java:324)
	at org.springframework.beans.factory.support.AbstractBeanFactory.getBean(AbstractBeanFactory.java:200)
	at org.springframework.beans.factory.config.DependencyDescriptor.resolveCandidate(DependencyDescriptor.java:254)
	at org.springframework.beans.factory.support.DefaultListableBeanFactory.doResolveDependency(DefaultListableBeanFactory.java:1405)
	at org.springframework.beans.factory.support.DefaultListableBeanFactory.resolveDependency(DefaultListableBeanFactory.java:1325)
	at org.springframework.beans.factory.support.ConstructorResolver.resolveAutowiredArgument(ConstructorResolver.java:885)
	at org.springframework.beans.factory.support.ConstructorResolver.createArgumentArray(ConstructorResolver.java:789)
	... 19 common frames omitted
Caused by: org.springframework.beans.factory.BeanCreationException: Error creating bean with name 'qianfanChatLanguageModel' defined in class path resource [hit/cs/sciencefms/config/LangChain4jConfig.class]: Failed to instantiate [dev.langchain4j.model.chat.ChatLanguageModel]: Factory method 'qianfanChatLanguageModel' threw exception with message: Qianfan is no such model name. You can see model name here: https://cloud.baidu.com/doc/WENXINWORKSHOP/s/Nlks5zkzu
	at org.springframework.beans.factory.support.ConstructorResolver.instantiate(ConstructorResolver.java:657)
	at org.springframework.beans.factory.support.ConstructorResolver.instantiateUsingFactoryMethod(ConstructorResolver.java:491)
	at org.springframework.beans.factory.support.AbstractAutowireCapableBeanFactory.instantiateUsingFactoryMethod(AbstractAutowireCapableBeanFactory.java:1324)
	at org.springframework.beans.factory.support.AbstractAutowireCapableBeanFactory.createBeanInstance(AbstractAutowireCapableBeanFactory.java:1161)
	at org.springframework.beans.factory.support.AbstractAutowireCapableBeanFactory.doCreateBean(AbstractAutowireCapableBeanFactory.java:561)
	at org.springframework.beans.factory.support.AbstractAutowireCapableBeanFactory.createBean(AbstractAutowireCapableBeanFactory.java:521)
	at org.springframework.beans.factory.support.AbstractBeanFactory.lambda$doGetBean$0(AbstractBeanFactory.java:326)
	at org.springframework.beans.factory.support.DefaultSingletonBeanRegistry.getSingleton(DefaultSingletonBeanRegistry.java:234)
	at org.springframework.beans.factory.support.AbstractBeanFactory.doGetBean(AbstractBeanFactory.java:324)
	at org.springframework.beans.factory.support.AbstractBeanFactory.getBean(AbstractBeanFactory.java:200)
	at org.springframework.beans.factory.config.DependencyDescriptor.resolveCandidate(DependencyDescriptor.java:254)
	at org.springframework.beans.factory.support.DefaultListableBeanFactory.doResolveDependency(DefaultListableBeanFactory.java:1405)
	at org.springframework.beans.factory.support.DefaultListableBeanFactory.resolveDependency(DefaultListableBeanFactory.java:1325)
	at org.springframework.beans.factory.annotation.AutowiredAnnotationBeanPostProcessor$AutowiredFieldElement.resolveFieldValue(AutowiredAnnotationBeanPostProcessor.java:709)
	... 34 common frames omitted
Caused by: org.springframework.beans.BeanInstantiationException: Failed to instantiate [dev.langchain4j.model.chat.ChatLanguageModel]: Factory method 'qianfanChatLanguageModel' threw exception with message: Qianfan is no such model name. You can see model name here: https://cloud.baidu.com/doc/WENXINWORKSHOP/s/Nlks5zkzu
	at org.springframework.beans.factory.support.SimpleInstantiationStrategy.instantiate(SimpleInstantiationStrategy.java:171)
	at org.springframework.beans.factory.support.ConstructorResolver.instantiate(ConstructorResolver.java:653)
	... 47 common frames omitted
Caused by: java.lang.IllegalArgumentException: Qianfan is no such model name. You can see model name here: https://cloud.baidu.com/doc/WENXINWORKSHOP/s/Nlks5zkzu
	at dev.langchain4j.model.qianfan.QianfanChatModel.<init>(QianfanChatModel.java:67)
	at dev.langchain4j.model.qianfan.QianfanChatModel$QianfanChatModelBuilder.build(QianfanChatModel.java:45)
	at hit.cs.sciencefms.config.LangChain4jConfig.qianfanChatLanguageModel(LangChain4jConfig.java:42)
	at hit.cs.sciencefms.config.LangChain4jConfig$$SpringCGLIB$$0.CGLIB$qianfanChatLanguageModel$0(<generated>)
	at hit.cs.sciencefms.config.LangChain4jConfig$$SpringCGLIB$$2.invoke(<generated>)
	at org.springframework.cglib.proxy.MethodProxy.invokeSuper(MethodProxy.java:258)
	at org.springframework.context.annotation.ConfigurationClassEnhancer$BeanMethodInterceptor.intercept(ConfigurationClassEnhancer.java:331)
	at hit.cs.sciencefms.config.LangChain4jConfig$$SpringCGLIB$$0.qianfanChatLanguageModel(<generated>)
	at java.base/jdk.internal.reflect.NativeMethodAccessorImpl.invoke0(Native Method)
	at java.base/jdk.internal.reflect.NativeMethodAccessorImpl.invoke(NativeMethodAccessorImpl.java:77)
	at java.base/jdk.internal.reflect.DelegatingMethodAccessorImpl.invoke(DelegatingMethodAccessorImpl.java:43)
	at java.base/java.lang.reflect.Method.invoke(Method.java:568)
	at org.springframework.beans.factory.support.SimpleInstantiationStrategy.instantiate(SimpleInstantiationStrategy.java:139)
	... 48 common frames omitted
2025-06-18 11:18:34.130 [main] INFO  hit.cs.sciencefms.ScienceFmsApplication - Starting ScienceFmsApplication using Java 17.0.10 with PID 32340 (D:\Codes\SchoolProject\Java\SoftwareProjection\scienceSystem\BackEnd\scienceFMS\target\classes started by DELL in D:\Codes\SchoolProject\Java\SoftwareProjection\scienceSystem\BackEnd)
2025-06-18 11:18:34.131 [main] DEBUG hit.cs.sciencefms.ScienceFmsApplication - Running with Spring Boot v3.0.2, Spring v6.0.4
2025-06-18 11:18:34.132 [main] INFO  hit.cs.sciencefms.ScienceFmsApplication - No active profile set, falling back to 1 default profile: "default"
2025-06-18 11:18:34.942 [main] INFO  o.s.boot.web.embedded.tomcat.TomcatWebServer - Tomcat initialized with port(s): 8082 (http)
2025-06-18 11:18:34.949 [main] INFO  org.apache.catalina.core.StandardService - Starting service [Tomcat]
2025-06-18 11:18:34.950 [main] INFO  org.apache.catalina.core.StandardEngine - Starting Servlet engine: [Apache Tomcat/10.1.5]
2025-06-18 11:18:35.031 [main] INFO  o.a.c.core.ContainerBase.[Tomcat].[localhost].[/] - Initializing Spring embedded WebApplicationContext
2025-06-18 11:18:35.031 [main] INFO  o.s.b.w.s.c.ServletWebServerApplicationContext - Root WebApplicationContext: initialization completed in 870 ms
2025-06-18 11:18:35.124 [main] DEBUG hit.cs.sciencefms.config.JwtFilter - Filter 'jwtFilter' configured for use
2025-06-18 11:18:35.811 [main] INFO  o.s.b.a.web.servlet.WelcomePageHandlerMapping - Adding welcome page: class path resource [static/index.html]
2025-06-18 11:18:35.974 [main] INFO  o.s.boot.web.embedded.tomcat.TomcatWebServer - Tomcat started on port(s): 8082 (http) with context path ''
2025-06-18 11:18:35.981 [main] INFO  hit.cs.sciencefms.ScienceFmsApplication - Started ScienceFmsApplication in 2.205 seconds (process running for 2.596)
2025-06-18 11:18:42.133 [http-nio-8082-exec-1] INFO  o.a.c.core.ContainerBase.[Tomcat].[localhost].[/] - Initializing Spring DispatcherServlet 'dispatcherServlet'
2025-06-18 11:18:42.133 [http-nio-8082-exec-1] INFO  org.springframework.web.servlet.DispatcherServlet - Initializing Servlet 'dispatcherServlet'
2025-06-18 11:18:42.134 [http-nio-8082-exec-1] INFO  org.springframework.web.servlet.DispatcherServlet - Completed initialization in 1 ms
2025-06-18 11:18:42.176 [http-nio-8082-exec-3] ERROR hit.cs.sciencefms.util.JwtUtil - JWT验证失败: JWT signature does not match locally computed signature. JWT validity cannot be asserted and should not be trusted.
2025-06-18 11:18:49.864 [http-nio-8082-exec-4] INFO  hit.cs.sciencefms.service.impl.UserServiceImpl - 用户登录: admin1
2025-06-18 11:18:49.892 [http-nio-8082-exec-4] WARN  c.b.m.core.toolkit.support.ReflectLambdaMeta - Unable to make field private final java.lang.Class java.lang.invoke.SerializedLambda.capturingClass accessible: module java.base does not "opens java.lang.invoke" to unnamed module @75d4a5c2
2025-06-18 11:18:49.904 [http-nio-8082-exec-4] INFO  com.zaxxer.hikari.HikariDataSource - HikariPool-1 - Starting...
2025-06-18 11:18:50.188 [http-nio-8082-exec-4] INFO  com.zaxxer.hikari.pool.HikariPool - HikariPool-1 - Added connection org.postgresql.jdbc.PgConnection@41e92421
2025-06-18 11:18:50.192 [http-nio-8082-exec-4] INFO  com.zaxxer.hikari.HikariDataSource - HikariPool-1 - Start completed.
2025-06-18 11:18:50.198 [http-nio-8082-exec-4] DEBUG hit.cs.sciencefms.mapper.UserMapper.selectList - ==>  Preparing: SELECT id,username,password,role,real_name,email,phone,status,login_fail_count,create_time,update_time FROM t_user WHERE (username = ?)
2025-06-18 11:18:50.208 [http-nio-8082-exec-4] DEBUG hit.cs.sciencefms.mapper.UserMapper.selectList - ==> Parameters: admin1(String)
2025-06-18 11:18:50.255 [http-nio-8082-exec-4] DEBUG hit.cs.sciencefms.mapper.UserMapper.selectList - <==      Total: 1
2025-06-18 11:18:50.260 [http-nio-8082-exec-4] DEBUG h.c.s.mapper.UserMapper.incrementLoginFailCount - ==>  Preparing: UPDATE t_user SET login_fail_count = login_fail_count + 1 WHERE username = ?
2025-06-18 11:18:50.261 [http-nio-8082-exec-4] DEBUG h.c.s.mapper.UserMapper.incrementLoginFailCount - ==> Parameters: admin1(String)
2025-06-18 11:18:50.288 [http-nio-8082-exec-4] DEBUG h.c.s.mapper.UserMapper.incrementLoginFailCount - <==    Updates: 1
2025-06-18 11:18:50.289 [http-nio-8082-exec-4] DEBUG hit.cs.sciencefms.mapper.UserMapper.selectList - ==>  Preparing: SELECT id,username,password,role,real_name,email,phone,status,login_fail_count,create_time,update_time FROM t_user WHERE (username = ?)
2025-06-18 11:18:50.290 [http-nio-8082-exec-4] DEBUG hit.cs.sciencefms.mapper.UserMapper.selectList - ==> Parameters: admin1(String)
2025-06-18 11:18:50.317 [http-nio-8082-exec-4] DEBUG hit.cs.sciencefms.mapper.UserMapper.selectList - <==      Total: 1
2025-06-18 11:18:51.852 [http-nio-8082-exec-5] INFO  hit.cs.sciencefms.service.impl.UserServiceImpl - 用户登录: admin1
2025-06-18 11:18:51.879 [http-nio-8082-exec-5] DEBUG hit.cs.sciencefms.mapper.UserMapper.selectList - ==>  Preparing: SELECT id,username,password,role,real_name,email,phone,status,login_fail_count,create_time,update_time FROM t_user WHERE (username = ?)
2025-06-18 11:18:51.879 [http-nio-8082-exec-5] DEBUG hit.cs.sciencefms.mapper.UserMapper.selectList - ==> Parameters: admin1(String)
2025-06-18 11:18:51.907 [http-nio-8082-exec-5] DEBUG hit.cs.sciencefms.mapper.UserMapper.selectList - <==      Total: 1
2025-06-18 11:18:51.907 [http-nio-8082-exec-5] DEBUG h.c.s.mapper.UserMapper.resetLoginFailCount - ==>  Preparing: UPDATE t_user SET login_fail_count = 0 WHERE username = ?
2025-06-18 11:18:51.907 [http-nio-8082-exec-5] DEBUG h.c.s.mapper.UserMapper.resetLoginFailCount - ==> Parameters: admin1(String)
2025-06-18 11:18:51.936 [http-nio-8082-exec-5] DEBUG h.c.s.mapper.UserMapper.resetLoginFailCount - <==    Updates: 1
2025-06-18 11:18:51.951 [http-nio-8082-exec-5] INFO  hit.cs.sciencefms.service.impl.UserServiceImpl - JWT token: eyJhbGciOiJIUzUxMiJ9.eyJyb2xlIjoiYWRtaW4iLCJ1c2VySWQiOjEsInVzZXJuYW1lIjoiYWRtaW4xIiwiaWF0IjoxNzUwMjE2NzMxLCJleHAiOjE3NTAzMDMxMzF9.k7_4N_VhIqrS6O-TgJEaBJdhRvAA1DEE9QGD8s9hjtYdiwlauVCRf_qAepBHtn9kY-wM_LLExorIMLZk_0MSiQ
2025-06-18 11:18:51.975 [http-nio-8082-exec-6] INFO  hit.cs.sciencefms.util.JwtUtil - JWT验证成功
2025-06-18 11:18:51.986 [http-nio-8082-exec-6] DEBUG hit.cs.sciencefms.mapper.UserMapper.selectCount - ==>  Preparing: SELECT COUNT( * ) AS total FROM t_user
2025-06-18 11:18:51.986 [http-nio-8082-exec-6] DEBUG hit.cs.sciencefms.mapper.UserMapper.selectCount - ==> Parameters: 
2025-06-18 11:18:52.012 [http-nio-8082-exec-6] DEBUG hit.cs.sciencefms.mapper.UserMapper.selectCount - <==      Total: 1
2025-06-18 11:18:52.013 [http-nio-8082-exec-6] DEBUG h.c.s.m.IntellectualPropertyMapper.selectCount - ==>  Preparing: SELECT COUNT( * ) AS total FROM t_intellectual_property WHERE is_deleted=0
2025-06-18 11:18:52.013 [http-nio-8082-exec-6] DEBUG h.c.s.m.IntellectualPropertyMapper.selectCount - ==> Parameters: 
2025-06-18 11:18:52.041 [http-nio-8082-exec-6] DEBUG h.c.s.m.IntellectualPropertyMapper.selectCount - <==      Total: 1
2025-06-18 11:18:52.041 [http-nio-8082-exec-6] DEBUG hit.cs.sciencefms.mapper.AwardMapper.selectCount - ==>  Preparing: SELECT COUNT( * ) AS total FROM t_award WHERE is_deleted=0
2025-06-18 11:18:52.042 [http-nio-8082-exec-6] DEBUG hit.cs.sciencefms.mapper.AwardMapper.selectCount - ==> Parameters: 
2025-06-18 11:18:52.069 [http-nio-8082-exec-6] DEBUG hit.cs.sciencefms.mapper.AwardMapper.selectCount - <==      Total: 1
2025-06-18 11:18:52.071 [http-nio-8082-exec-6] DEBUG h.c.s.mapper.ResearchProjectMapper.selectCount - ==>  Preparing: SELECT COUNT( * ) AS total FROM t_research_project WHERE is_deleted=0
2025-06-18 11:18:52.071 [http-nio-8082-exec-6] DEBUG h.c.s.mapper.ResearchProjectMapper.selectCount - ==> Parameters: 
2025-06-18 11:18:52.097 [http-nio-8082-exec-6] DEBUG h.c.s.mapper.ResearchProjectMapper.selectCount - <==      Total: 1
2025-06-18 11:18:52.098 [http-nio-8082-exec-6] DEBUG h.c.s.mapper.VisitRecordMapper.selectCount - ==>  Preparing: SELECT COUNT( * ) AS total FROM t_visit_record WHERE is_deleted=0
2025-06-18 11:18:52.098 [http-nio-8082-exec-6] DEBUG h.c.s.mapper.VisitRecordMapper.selectCount - ==> Parameters: 
2025-06-18 11:18:52.127 [http-nio-8082-exec-6] DEBUG h.c.s.mapper.VisitRecordMapper.selectCount - <==      Total: 1
2025-06-18 11:18:54.174 [http-nio-8082-exec-10] INFO  hit.cs.sciencefms.util.JwtUtil - JWT验证成功
2025-06-18 11:18:54.174 [http-nio-8082-exec-1] INFO  hit.cs.sciencefms.util.JwtUtil - JWT验证成功
2025-06-18 11:18:54.205 [http-nio-8082-exec-1] DEBUG h.c.s.mapper.IntellectualPropertyMapper.selectList - ==>  Preparing: SELECT id,title,type,subtype,auth_number,apply_date,auth_date,inventor_rank,teacher_id,create_time,update_time,is_deleted FROM t_intellectual_property WHERE is_deleted=0 AND (((auth_date BETWEEN ? AND ? OR apply_date BETWEEN ? AND ?)))
2025-06-18 11:18:54.205 [http-nio-8082-exec-10] DEBUG hit.cs.sciencefms.mapper.TeacherMapper.selectList - ==>  Preparing: SELECT id,username,real_name,gender,birth_date,title,department,position,research_area,email,phone,office_location,avatar_url,create_time,update_time,is_deleted FROM t_teacher WHERE is_deleted=0
2025-06-18 11:18:54.205 [http-nio-8082-exec-10] DEBUG hit.cs.sciencefms.mapper.TeacherMapper.selectList - ==> Parameters: 
2025-06-18 11:18:54.206 [http-nio-8082-exec-1] DEBUG h.c.s.mapper.IntellectualPropertyMapper.selectList - ==> Parameters: 2025-01-01(LocalDate), 2025-12-31(LocalDate), 2025-01-01(LocalDate), 2025-12-31(LocalDate)
2025-06-18 11:18:54.235 [http-nio-8082-exec-10] DEBUG hit.cs.sciencefms.mapper.TeacherMapper.selectList - <==      Total: 10
2025-06-18 11:18:54.236 [http-nio-8082-exec-1] DEBUG h.c.s.mapper.IntellectualPropertyMapper.selectList - <==      Total: 2
2025-06-18 11:18:54.238 [http-nio-8082-exec-1] DEBUG hit.cs.sciencefms.mapper.TeacherMapper.selectById - ==>  Preparing: SELECT id,username,real_name,gender,birth_date,title,department,position,research_area,email,phone,office_location,avatar_url,create_time,update_time,is_deleted FROM t_teacher WHERE id=? AND is_deleted=0
2025-06-18 11:18:54.240 [http-nio-8082-exec-1] DEBUG hit.cs.sciencefms.mapper.TeacherMapper.selectById - ==> Parameters: 2(Long)
2025-06-18 11:18:54.246 [http-nio-8082-exec-3] INFO  hit.cs.sciencefms.util.JwtUtil - JWT验证成功
2025-06-18 11:18:54.248 [http-nio-8082-exec-3] DEBUG hit.cs.sciencefms.mapper.TeacherMapper.selectList - ==>  Preparing: SELECT id,username,real_name,gender,birth_date,title,department,position,research_area,email,phone,office_location,avatar_url,create_time,update_time,is_deleted FROM t_teacher WHERE is_deleted=0
2025-06-18 11:18:54.248 [http-nio-8082-exec-3] DEBUG hit.cs.sciencefms.mapper.TeacherMapper.selectList - ==> Parameters: 
2025-06-18 11:18:54.268 [http-nio-8082-exec-1] DEBUG hit.cs.sciencefms.mapper.TeacherMapper.selectById - <==      Total: 1
2025-06-18 11:18:54.270 [http-nio-8082-exec-1] DEBUG hit.cs.sciencefms.mapper.AwardMapper.selectList - ==>  Preparing: SELECT id,award_name,award_level,issuing_unit,award_date,certificate_image,related_project_id,teacher_id,create_time,update_time,is_deleted FROM t_award WHERE is_deleted=0 AND (award_date BETWEEN ? AND ?)
2025-06-18 11:18:54.271 [http-nio-8082-exec-1] DEBUG hit.cs.sciencefms.mapper.AwardMapper.selectList - ==> Parameters: 2025-01-01(LocalDate), 2025-12-31(LocalDate)
2025-06-18 11:18:54.281 [http-nio-8082-exec-3] DEBUG hit.cs.sciencefms.mapper.TeacherMapper.selectList - <==      Total: 10
2025-06-18 11:18:54.299 [http-nio-8082-exec-1] DEBUG hit.cs.sciencefms.mapper.AwardMapper.selectList - <==      Total: 0
2025-06-18 11:18:54.301 [http-nio-8082-exec-1] DEBUG h.c.s.mapper.ResearchProjectMapper.selectList - ==>  Preparing: SELECT id,project_name,project_code,source,funding,start_date,end_date,attachments,teacher_id,role,create_time,update_time,is_deleted FROM t_research_project WHERE is_deleted=0 AND (((start_date BETWEEN ? AND ? OR end_date BETWEEN ? AND ? OR start_date <= ? AND end_date >= ?)))
2025-06-18 11:18:54.302 [http-nio-8082-exec-1] DEBUG h.c.s.mapper.ResearchProjectMapper.selectList - ==> Parameters: 2025-01-01(LocalDate), 2025-12-31(LocalDate), 2025-01-01(LocalDate), 2025-12-31(LocalDate), 2025-01-01(LocalDate), 2025-12-31(LocalDate)
2025-06-18 11:18:54.335 [http-nio-8082-exec-1] DEBUG h.c.s.mapper.ResearchProjectMapper.selectList - <==      Total: 17
2025-06-18 11:18:54.336 [http-nio-8082-exec-1] DEBUG hit.cs.sciencefms.mapper.TeacherMapper.selectById - ==>  Preparing: SELECT id,username,real_name,gender,birth_date,title,department,position,research_area,email,phone,office_location,avatar_url,create_time,update_time,is_deleted FROM t_teacher WHERE id=? AND is_deleted=0
2025-06-18 11:18:54.337 [http-nio-8082-exec-1] DEBUG hit.cs.sciencefms.mapper.TeacherMapper.selectById - ==> Parameters: 3(Long)
2025-06-18 11:18:54.363 [http-nio-8082-exec-1] DEBUG hit.cs.sciencefms.mapper.TeacherMapper.selectById - <==      Total: 1
2025-06-18 11:18:54.364 [http-nio-8082-exec-1] DEBUG hit.cs.sciencefms.mapper.TeacherMapper.selectById - ==>  Preparing: SELECT id,username,real_name,gender,birth_date,title,department,position,research_area,email,phone,office_location,avatar_url,create_time,update_time,is_deleted FROM t_teacher WHERE id=? AND is_deleted=0
2025-06-18 11:18:54.364 [http-nio-8082-exec-1] DEBUG hit.cs.sciencefms.mapper.TeacherMapper.selectById - ==> Parameters: 1(Long)
2025-06-18 11:18:54.393 [http-nio-8082-exec-1] DEBUG hit.cs.sciencefms.mapper.TeacherMapper.selectById - <==      Total: 1
2025-06-18 11:18:54.394 [http-nio-8082-exec-1] DEBUG hit.cs.sciencefms.mapper.TeacherMapper.selectById - ==>  Preparing: SELECT id,username,real_name,gender,birth_date,title,department,position,research_area,email,phone,office_location,avatar_url,create_time,update_time,is_deleted FROM t_teacher WHERE id=? AND is_deleted=0
2025-06-18 11:18:54.394 [http-nio-8082-exec-1] DEBUG hit.cs.sciencefms.mapper.TeacherMapper.selectById - ==> Parameters: 41(Long)
2025-06-18 11:18:54.421 [http-nio-8082-exec-1] DEBUG hit.cs.sciencefms.mapper.TeacherMapper.selectById - <==      Total: 1
2025-06-18 11:18:54.421 [http-nio-8082-exec-1] DEBUG hit.cs.sciencefms.mapper.TeacherMapper.selectById - ==>  Preparing: SELECT id,username,real_name,gender,birth_date,title,department,position,research_area,email,phone,office_location,avatar_url,create_time,update_time,is_deleted FROM t_teacher WHERE id=? AND is_deleted=0
2025-06-18 11:18:54.422 [http-nio-8082-exec-1] DEBUG hit.cs.sciencefms.mapper.TeacherMapper.selectById - ==> Parameters: 43(Long)
2025-06-18 11:18:54.451 [http-nio-8082-exec-1] DEBUG hit.cs.sciencefms.mapper.TeacherMapper.selectById - <==      Total: 1
2025-06-18 11:18:54.452 [http-nio-8082-exec-1] DEBUG hit.cs.sciencefms.mapper.TeacherMapper.selectById - ==>  Preparing: SELECT id,username,real_name,gender,birth_date,title,department,position,research_area,email,phone,office_location,avatar_url,create_time,update_time,is_deleted FROM t_teacher WHERE id=? AND is_deleted=0
2025-06-18 11:18:54.452 [http-nio-8082-exec-1] DEBUG hit.cs.sciencefms.mapper.TeacherMapper.selectById - ==> Parameters: 44(Long)
2025-06-18 11:18:54.478 [http-nio-8082-exec-1] DEBUG hit.cs.sciencefms.mapper.TeacherMapper.selectById - <==      Total: 1
2025-06-18 11:18:54.479 [http-nio-8082-exec-1] DEBUG hit.cs.sciencefms.mapper.TeacherMapper.selectById - ==>  Preparing: SELECT id,username,real_name,gender,birth_date,title,department,position,research_area,email,phone,office_location,avatar_url,create_time,update_time,is_deleted FROM t_teacher WHERE id=? AND is_deleted=0
2025-06-18 11:18:54.479 [http-nio-8082-exec-1] DEBUG hit.cs.sciencefms.mapper.TeacherMapper.selectById - ==> Parameters: 45(Long)
2025-06-18 11:18:54.505 [http-nio-8082-exec-1] DEBUG hit.cs.sciencefms.mapper.TeacherMapper.selectById - <==      Total: 1
2025-06-18 11:18:54.506 [http-nio-8082-exec-1] DEBUG hit.cs.sciencefms.mapper.TeacherMapper.selectById - ==>  Preparing: SELECT id,username,real_name,gender,birth_date,title,department,position,research_area,email,phone,office_location,avatar_url,create_time,update_time,is_deleted FROM t_teacher WHERE id=? AND is_deleted=0
2025-06-18 11:18:54.506 [http-nio-8082-exec-1] DEBUG hit.cs.sciencefms.mapper.TeacherMapper.selectById - ==> Parameters: 46(Long)
2025-06-18 11:18:54.532 [http-nio-8082-exec-1] DEBUG hit.cs.sciencefms.mapper.TeacherMapper.selectById - <==      Total: 1
2025-06-18 11:18:54.532 [http-nio-8082-exec-1] DEBUG hit.cs.sciencefms.mapper.TeacherMapper.selectById - ==>  Preparing: SELECT id,username,real_name,gender,birth_date,title,department,position,research_area,email,phone,office_location,avatar_url,create_time,update_time,is_deleted FROM t_teacher WHERE id=? AND is_deleted=0
2025-06-18 11:18:54.532 [http-nio-8082-exec-1] DEBUG hit.cs.sciencefms.mapper.TeacherMapper.selectById - ==> Parameters: 42(Long)
2025-06-18 11:18:54.558 [http-nio-8082-exec-1] DEBUG hit.cs.sciencefms.mapper.TeacherMapper.selectById - <==      Total: 1
2025-06-18 11:18:56.400 [http-nio-8082-exec-4] INFO  hit.cs.sciencefms.util.JwtUtil - JWT验证成功
2025-06-18 11:18:56.403 [http-nio-8082-exec-4] WARN  o.s.core.LocalVariableTableParameterNameDiscoverer - Using deprecated '-debug' fallback for parameter name resolution. Compile the affected code with '-parameters' instead or avoid its introspection: hit.cs.sciencefms.controller.AdminDashboardController
2025-06-18 11:18:56.434 [http-nio-8082-exec-4] DEBUG hit.cs.sciencefms.mapper.TeacherMapper.selectList - ==>  Preparing: SELECT id,username,real_name,gender,birth_date,title,department,position,research_area,email,phone,office_location,avatar_url,create_time,update_time,is_deleted FROM t_teacher WHERE is_deleted=0
2025-06-18 11:18:56.434 [http-nio-8082-exec-4] DEBUG hit.cs.sciencefms.mapper.TeacherMapper.selectList - ==> Parameters: 
2025-06-18 11:18:56.467 [http-nio-8082-exec-4] DEBUG hit.cs.sciencefms.mapper.TeacherMapper.selectList - <==      Total: 10
2025-06-18 11:18:56.468 [http-nio-8082-exec-4] DEBUG h.c.s.mapper.ResearchProjectMapper.findByTimeRange - ==>  Preparing: SELECT * FROM t_research_project WHERE EXTRACT(YEAR FROM start_date) >= ? AND EXTRACT(YEAR FROM end_date) <= ? AND is_deleted = 0 ORDER BY start_date DESC
2025-06-18 11:18:56.468 [http-nio-8082-exec-4] DEBUG h.c.s.mapper.ResearchProjectMapper.findByTimeRange - ==> Parameters: 2020(Integer), 2025(Integer)
2025-06-18 11:18:56.503 [http-nio-8082-exec-4] DEBUG h.c.s.mapper.ResearchProjectMapper.findByTimeRange - <==      Total: 25
2025-06-18 11:18:56.506 [http-nio-8082-exec-4] DEBUG h.c.s.m.IntellectualPropertyMapper.findByTimeRange - ==>  Preparing: SELECT * FROM t_intellectual_property WHERE EXTRACT(YEAR FROM auth_date) >= ? AND EXTRACT(YEAR FROM auth_date) <= ? AND is_deleted = 0 ORDER BY auth_date DESC
2025-06-18 11:18:56.506 [http-nio-8082-exec-4] DEBUG h.c.s.m.IntellectualPropertyMapper.findByTimeRange - ==> Parameters: 2020(Integer), 2025(Integer)
2025-06-18 11:18:56.535 [http-nio-8082-exec-4] DEBUG h.c.s.m.IntellectualPropertyMapper.findByTimeRange - <==      Total: 10
2025-06-18 11:18:56.536 [http-nio-8082-exec-4] DEBUG h.cs.sciencefms.mapper.AwardMapper.findByTimeRange - ==>  Preparing: SELECT * FROM t_award WHERE EXTRACT(YEAR FROM award_date) >= ? AND EXTRACT(YEAR FROM award_date) <= ? AND is_deleted = 0 ORDER BY award_date DESC
2025-06-18 11:18:56.536 [http-nio-8082-exec-4] DEBUG h.cs.sciencefms.mapper.AwardMapper.findByTimeRange - ==> Parameters: 2020(Integer), 2025(Integer)
2025-06-18 11:18:56.568 [http-nio-8082-exec-4] DEBUG h.cs.sciencefms.mapper.AwardMapper.findByTimeRange - <==      Total: 14
2025-06-18 11:18:56.568 [http-nio-8082-exec-4] DEBUG h.c.s.mapper.VisitRecordMapper.findByTimeRange - ==>  Preparing: SELECT * FROM t_visit_record WHERE EXTRACT(YEAR FROM start_date) >= ? AND EXTRACT(YEAR FROM end_date) <= ? AND is_deleted = 0 ORDER BY start_date DESC
2025-06-18 11:18:56.568 [http-nio-8082-exec-4] DEBUG h.c.s.mapper.VisitRecordMapper.findByTimeRange - ==> Parameters: 2020(Integer), 2025(Integer)
2025-06-18 11:18:56.613 [http-nio-8082-exec-4] DEBUG h.c.s.mapper.VisitRecordMapper.findByTimeRange - <==      Total: 16
2025-06-18 11:18:56.615 [http-nio-8082-exec-4] DEBUG hit.cs.sciencefms.mapper.TeacherMapper.selectById - ==>  Preparing: SELECT id,username,real_name,gender,birth_date,title,department,position,research_area,email,phone,office_location,avatar_url,create_time,update_time,is_deleted FROM t_teacher WHERE id=? AND is_deleted=0
2025-06-18 11:18:56.615 [http-nio-8082-exec-4] DEBUG hit.cs.sciencefms.mapper.TeacherMapper.selectById - ==> Parameters: 1(Long)
2025-06-18 11:18:56.644 [http-nio-8082-exec-4] DEBUG hit.cs.sciencefms.mapper.TeacherMapper.selectById - <==      Total: 1
2025-06-18 11:18:56.645 [http-nio-8082-exec-4] DEBUG hit.cs.sciencefms.mapper.TeacherMapper.selectById - ==>  Preparing: SELECT id,username,real_name,gender,birth_date,title,department,position,research_area,email,phone,office_location,avatar_url,create_time,update_time,is_deleted FROM t_teacher WHERE id=? AND is_deleted=0
2025-06-18 11:18:56.646 [http-nio-8082-exec-4] DEBUG hit.cs.sciencefms.mapper.TeacherMapper.selectById - ==> Parameters: 1(Long)
2025-06-18 11:18:56.678 [http-nio-8082-exec-4] DEBUG hit.cs.sciencefms.mapper.TeacherMapper.selectById - <==      Total: 1
2025-06-18 11:18:56.680 [http-nio-8082-exec-4] DEBUG hit.cs.sciencefms.mapper.TeacherMapper.selectById - ==>  Preparing: SELECT id,username,real_name,gender,birth_date,title,department,position,research_area,email,phone,office_location,avatar_url,create_time,update_time,is_deleted FROM t_teacher WHERE id=? AND is_deleted=0
2025-06-18 11:18:56.680 [http-nio-8082-exec-4] DEBUG hit.cs.sciencefms.mapper.TeacherMapper.selectById - ==> Parameters: 1(Long)
2025-06-18 11:18:56.709 [http-nio-8082-exec-4] DEBUG hit.cs.sciencefms.mapper.TeacherMapper.selectById - <==      Total: 1
2025-06-18 11:18:56.709 [http-nio-8082-exec-4] DEBUG hit.cs.sciencefms.mapper.TeacherMapper.selectById - ==>  Preparing: SELECT id,username,real_name,gender,birth_date,title,department,position,research_area,email,phone,office_location,avatar_url,create_time,update_time,is_deleted FROM t_teacher WHERE id=? AND is_deleted=0
2025-06-18 11:18:56.709 [http-nio-8082-exec-4] DEBUG hit.cs.sciencefms.mapper.TeacherMapper.selectById - ==> Parameters: 1(Long)
2025-06-18 11:18:56.738 [http-nio-8082-exec-4] DEBUG hit.cs.sciencefms.mapper.TeacherMapper.selectById - <==      Total: 1
2025-06-18 11:18:56.738 [http-nio-8082-exec-4] DEBUG hit.cs.sciencefms.mapper.TeacherMapper.selectById - ==>  Preparing: SELECT id,username,real_name,gender,birth_date,title,department,position,research_area,email,phone,office_location,avatar_url,create_time,update_time,is_deleted FROM t_teacher WHERE id=? AND is_deleted=0
2025-06-18 11:18:56.739 [http-nio-8082-exec-4] DEBUG hit.cs.sciencefms.mapper.TeacherMapper.selectById - ==> Parameters: 3(Long)
2025-06-18 11:18:56.768 [http-nio-8082-exec-4] DEBUG hit.cs.sciencefms.mapper.TeacherMapper.selectById - <==      Total: 1
2025-06-18 11:18:56.769 [http-nio-8082-exec-4] DEBUG hit.cs.sciencefms.mapper.TeacherMapper.selectById - ==>  Preparing: SELECT id,username,real_name,gender,birth_date,title,department,position,research_area,email,phone,office_location,avatar_url,create_time,update_time,is_deleted FROM t_teacher WHERE id=? AND is_deleted=0
2025-06-18 11:18:56.770 [http-nio-8082-exec-4] DEBUG hit.cs.sciencefms.mapper.TeacherMapper.selectById - ==> Parameters: 3(Long)
2025-06-18 11:18:56.803 [http-nio-8082-exec-4] DEBUG hit.cs.sciencefms.mapper.TeacherMapper.selectById - <==      Total: 1
2025-06-18 11:18:56.803 [http-nio-8082-exec-4] DEBUG hit.cs.sciencefms.mapper.TeacherMapper.selectById - ==>  Preparing: SELECT id,username,real_name,gender,birth_date,title,department,position,research_area,email,phone,office_location,avatar_url,create_time,update_time,is_deleted FROM t_teacher WHERE id=? AND is_deleted=0
2025-06-18 11:18:56.804 [http-nio-8082-exec-4] DEBUG hit.cs.sciencefms.mapper.TeacherMapper.selectById - ==> Parameters: 42(Long)
2025-06-18 11:18:56.832 [http-nio-8082-exec-4] DEBUG hit.cs.sciencefms.mapper.TeacherMapper.selectById - <==      Total: 1
2025-06-18 11:18:56.832 [http-nio-8082-exec-4] DEBUG hit.cs.sciencefms.mapper.TeacherMapper.selectById - ==>  Preparing: SELECT id,username,real_name,gender,birth_date,title,department,position,research_area,email,phone,office_location,avatar_url,create_time,update_time,is_deleted FROM t_teacher WHERE id=? AND is_deleted=0
2025-06-18 11:18:56.833 [http-nio-8082-exec-4] DEBUG hit.cs.sciencefms.mapper.TeacherMapper.selectById - ==> Parameters: 41(Long)
2025-06-18 11:18:56.862 [http-nio-8082-exec-4] DEBUG hit.cs.sciencefms.mapper.TeacherMapper.selectById - <==      Total: 1
2025-06-18 11:18:56.863 [http-nio-8082-exec-4] DEBUG hit.cs.sciencefms.mapper.TeacherMapper.selectById - ==>  Preparing: SELECT id,username,real_name,gender,birth_date,title,department,position,research_area,email,phone,office_location,avatar_url,create_time,update_time,is_deleted FROM t_teacher WHERE id=? AND is_deleted=0
2025-06-18 11:18:56.864 [http-nio-8082-exec-4] DEBUG hit.cs.sciencefms.mapper.TeacherMapper.selectById - ==> Parameters: 3(Long)
2025-06-18 11:18:56.893 [http-nio-8082-exec-4] DEBUG hit.cs.sciencefms.mapper.TeacherMapper.selectById - <==      Total: 1
2025-06-18 11:18:56.894 [http-nio-8082-exec-4] DEBUG hit.cs.sciencefms.mapper.TeacherMapper.selectById - ==>  Preparing: SELECT id,username,real_name,gender,birth_date,title,department,position,research_area,email,phone,office_location,avatar_url,create_time,update_time,is_deleted FROM t_teacher WHERE id=? AND is_deleted=0
2025-06-18 11:18:56.894 [http-nio-8082-exec-4] DEBUG hit.cs.sciencefms.mapper.TeacherMapper.selectById - ==> Parameters: 2(Long)
2025-06-18 11:18:56.924 [http-nio-8082-exec-4] DEBUG hit.cs.sciencefms.mapper.TeacherMapper.selectById - <==      Total: 1
2025-06-18 11:18:56.924 [http-nio-8082-exec-4] DEBUG hit.cs.sciencefms.mapper.TeacherMapper.selectById - ==>  Preparing: SELECT id,username,real_name,gender,birth_date,title,department,position,research_area,email,phone,office_location,avatar_url,create_time,update_time,is_deleted FROM t_teacher WHERE id=? AND is_deleted=0
2025-06-18 11:18:56.925 [http-nio-8082-exec-4] DEBUG hit.cs.sciencefms.mapper.TeacherMapper.selectById - ==> Parameters: 3(Long)
2025-06-18 11:18:56.955 [http-nio-8082-exec-4] DEBUG hit.cs.sciencefms.mapper.TeacherMapper.selectById - <==      Total: 1
2025-06-18 11:18:56.955 [http-nio-8082-exec-4] DEBUG hit.cs.sciencefms.mapper.TeacherMapper.selectById - ==>  Preparing: SELECT id,username,real_name,gender,birth_date,title,department,position,research_area,email,phone,office_location,avatar_url,create_time,update_time,is_deleted FROM t_teacher WHERE id=? AND is_deleted=0
2025-06-18 11:18:56.955 [http-nio-8082-exec-4] DEBUG hit.cs.sciencefms.mapper.TeacherMapper.selectById - ==> Parameters: 2(Long)
2025-06-18 11:18:56.984 [http-nio-8082-exec-4] DEBUG hit.cs.sciencefms.mapper.TeacherMapper.selectById - <==      Total: 1
2025-06-18 11:18:56.984 [http-nio-8082-exec-4] DEBUG hit.cs.sciencefms.mapper.TeacherMapper.selectById - ==>  Preparing: SELECT id,username,real_name,gender,birth_date,title,department,position,research_area,email,phone,office_location,avatar_url,create_time,update_time,is_deleted FROM t_teacher WHERE id=? AND is_deleted=0
2025-06-18 11:18:56.984 [http-nio-8082-exec-4] DEBUG hit.cs.sciencefms.mapper.TeacherMapper.selectById - ==> Parameters: 3(Long)
2025-06-18 11:18:57.015 [http-nio-8082-exec-4] DEBUG hit.cs.sciencefms.mapper.TeacherMapper.selectById - <==      Total: 1
2025-06-18 11:18:57.015 [http-nio-8082-exec-4] DEBUG hit.cs.sciencefms.mapper.TeacherMapper.selectById - ==>  Preparing: SELECT id,username,real_name,gender,birth_date,title,department,position,research_area,email,phone,office_location,avatar_url,create_time,update_time,is_deleted FROM t_teacher WHERE id=? AND is_deleted=0
2025-06-18 11:18:57.015 [http-nio-8082-exec-4] DEBUG hit.cs.sciencefms.mapper.TeacherMapper.selectById - ==> Parameters: 46(Long)
2025-06-18 11:18:57.047 [http-nio-8082-exec-4] DEBUG hit.cs.sciencefms.mapper.TeacherMapper.selectById - <==      Total: 1
2025-06-18 11:18:57.048 [http-nio-8082-exec-4] DEBUG hit.cs.sciencefms.mapper.TeacherMapper.selectById - ==>  Preparing: SELECT id,username,real_name,gender,birth_date,title,department,position,research_area,email,phone,office_location,avatar_url,create_time,update_time,is_deleted FROM t_teacher WHERE id=? AND is_deleted=0
2025-06-18 11:18:57.049 [http-nio-8082-exec-4] DEBUG hit.cs.sciencefms.mapper.TeacherMapper.selectById - ==> Parameters: 45(Long)
2025-06-18 11:18:57.081 [http-nio-8082-exec-4] DEBUG hit.cs.sciencefms.mapper.TeacherMapper.selectById - <==      Total: 1
2025-06-18 11:18:57.081 [http-nio-8082-exec-4] DEBUG hit.cs.sciencefms.mapper.TeacherMapper.selectById - ==>  Preparing: SELECT id,username,real_name,gender,birth_date,title,department,position,research_area,email,phone,office_location,avatar_url,create_time,update_time,is_deleted FROM t_teacher WHERE id=? AND is_deleted=0
2025-06-18 11:18:57.082 [http-nio-8082-exec-4] DEBUG hit.cs.sciencefms.mapper.TeacherMapper.selectById - ==> Parameters: 44(Long)
2025-06-18 11:18:57.110 [http-nio-8082-exec-4] DEBUG hit.cs.sciencefms.mapper.TeacherMapper.selectById - <==      Total: 1
2025-06-18 11:18:57.111 [http-nio-8082-exec-4] DEBUG hit.cs.sciencefms.mapper.TeacherMapper.selectById - ==>  Preparing: SELECT id,username,real_name,gender,birth_date,title,department,position,research_area,email,phone,office_location,avatar_url,create_time,update_time,is_deleted FROM t_teacher WHERE id=? AND is_deleted=0
2025-06-18 11:18:57.111 [http-nio-8082-exec-4] DEBUG hit.cs.sciencefms.mapper.TeacherMapper.selectById - ==> Parameters: 43(Long)
2025-06-18 11:18:57.139 [http-nio-8082-exec-4] DEBUG hit.cs.sciencefms.mapper.TeacherMapper.selectById - <==      Total: 1
2025-06-18 11:18:57.139 [http-nio-8082-exec-4] DEBUG hit.cs.sciencefms.mapper.TeacherMapper.selectById - ==>  Preparing: SELECT id,username,real_name,gender,birth_date,title,department,position,research_area,email,phone,office_location,avatar_url,create_time,update_time,is_deleted FROM t_teacher WHERE id=? AND is_deleted=0
2025-06-18 11:18:57.139 [http-nio-8082-exec-4] DEBUG hit.cs.sciencefms.mapper.TeacherMapper.selectById - ==> Parameters: 42(Long)
2025-06-18 11:18:57.167 [http-nio-8082-exec-4] DEBUG hit.cs.sciencefms.mapper.TeacherMapper.selectById - <==      Total: 1
2025-06-18 11:18:57.167 [http-nio-8082-exec-4] DEBUG hit.cs.sciencefms.mapper.TeacherMapper.selectById - ==>  Preparing: SELECT id,username,real_name,gender,birth_date,title,department,position,research_area,email,phone,office_location,avatar_url,create_time,update_time,is_deleted FROM t_teacher WHERE id=? AND is_deleted=0
2025-06-18 11:18:57.167 [http-nio-8082-exec-4] DEBUG hit.cs.sciencefms.mapper.TeacherMapper.selectById - ==> Parameters: 41(Long)
2025-06-18 11:18:57.199 [http-nio-8082-exec-4] DEBUG hit.cs.sciencefms.mapper.TeacherMapper.selectById - <==      Total: 1
2025-06-18 11:18:57.199 [http-nio-8082-exec-4] DEBUG hit.cs.sciencefms.mapper.TeacherMapper.selectById - ==>  Preparing: SELECT id,username,real_name,gender,birth_date,title,department,position,research_area,email,phone,office_location,avatar_url,create_time,update_time,is_deleted FROM t_teacher WHERE id=? AND is_deleted=0
2025-06-18 11:18:57.199 [http-nio-8082-exec-4] DEBUG hit.cs.sciencefms.mapper.TeacherMapper.selectById - ==> Parameters: 3(Long)
2025-06-18 11:18:57.226 [http-nio-8082-exec-4] DEBUG hit.cs.sciencefms.mapper.TeacherMapper.selectById - <==      Total: 1
2025-06-18 11:18:57.227 [http-nio-8082-exec-4] DEBUG hit.cs.sciencefms.mapper.TeacherMapper.selectById - ==>  Preparing: SELECT id,username,real_name,gender,birth_date,title,department,position,research_area,email,phone,office_location,avatar_url,create_time,update_time,is_deleted FROM t_teacher WHERE id=? AND is_deleted=0
2025-06-18 11:18:57.227 [http-nio-8082-exec-4] DEBUG hit.cs.sciencefms.mapper.TeacherMapper.selectById - ==> Parameters: 2(Long)
2025-06-18 11:18:57.258 [http-nio-8082-exec-4] DEBUG hit.cs.sciencefms.mapper.TeacherMapper.selectById - <==      Total: 1
2025-06-18 11:18:57.259 [http-nio-8082-exec-4] DEBUG hit.cs.sciencefms.mapper.TeacherMapper.selectById - ==>  Preparing: SELECT id,username,real_name,gender,birth_date,title,department,position,research_area,email,phone,office_location,avatar_url,create_time,update_time,is_deleted FROM t_teacher WHERE id=? AND is_deleted=0
2025-06-18 11:18:57.259 [http-nio-8082-exec-4] DEBUG hit.cs.sciencefms.mapper.TeacherMapper.selectById - ==> Parameters: 1(Long)
2025-06-18 11:18:57.292 [http-nio-8082-exec-4] DEBUG hit.cs.sciencefms.mapper.TeacherMapper.selectById - <==      Total: 1
2025-06-18 11:18:57.293 [http-nio-8082-exec-4] DEBUG hit.cs.sciencefms.mapper.TeacherMapper.selectById - ==>  Preparing: SELECT id,username,real_name,gender,birth_date,title,department,position,research_area,email,phone,office_location,avatar_url,create_time,update_time,is_deleted FROM t_teacher WHERE id=? AND is_deleted=0
2025-06-18 11:18:57.293 [http-nio-8082-exec-4] DEBUG hit.cs.sciencefms.mapper.TeacherMapper.selectById - ==> Parameters: 3(Long)
2025-06-18 11:18:57.320 [http-nio-8082-exec-4] DEBUG hit.cs.sciencefms.mapper.TeacherMapper.selectById - <==      Total: 1
2025-06-18 11:18:57.321 [http-nio-8082-exec-4] DEBUG hit.cs.sciencefms.mapper.TeacherMapper.selectById - ==>  Preparing: SELECT id,username,real_name,gender,birth_date,title,department,position,research_area,email,phone,office_location,avatar_url,create_time,update_time,is_deleted FROM t_teacher WHERE id=? AND is_deleted=0
2025-06-18 11:18:57.321 [http-nio-8082-exec-4] DEBUG hit.cs.sciencefms.mapper.TeacherMapper.selectById - ==> Parameters: 46(Long)
2025-06-18 11:18:57.349 [http-nio-8082-exec-4] DEBUG hit.cs.sciencefms.mapper.TeacherMapper.selectById - <==      Total: 1
2025-06-18 11:18:57.349 [http-nio-8082-exec-4] DEBUG hit.cs.sciencefms.mapper.TeacherMapper.selectById - ==>  Preparing: SELECT id,username,real_name,gender,birth_date,title,department,position,research_area,email,phone,office_location,avatar_url,create_time,update_time,is_deleted FROM t_teacher WHERE id=? AND is_deleted=0
2025-06-18 11:18:57.349 [http-nio-8082-exec-4] DEBUG hit.cs.sciencefms.mapper.TeacherMapper.selectById - ==> Parameters: 2(Long)
2025-06-18 11:18:57.381 [http-nio-8082-exec-4] DEBUG hit.cs.sciencefms.mapper.TeacherMapper.selectById - <==      Total: 1
2025-06-18 11:18:57.381 [http-nio-8082-exec-4] DEBUG hit.cs.sciencefms.mapper.TeacherMapper.selectById - ==>  Preparing: SELECT id,username,real_name,gender,birth_date,title,department,position,research_area,email,phone,office_location,avatar_url,create_time,update_time,is_deleted FROM t_teacher WHERE id=? AND is_deleted=0
2025-06-18 11:18:57.381 [http-nio-8082-exec-4] DEBUG hit.cs.sciencefms.mapper.TeacherMapper.selectById - ==> Parameters: 2(Long)
2025-06-18 11:18:57.409 [http-nio-8082-exec-4] DEBUG hit.cs.sciencefms.mapper.TeacherMapper.selectById - <==      Total: 1
2025-06-18 11:18:57.410 [http-nio-8082-exec-4] DEBUG hit.cs.sciencefms.mapper.TeacherMapper.selectById - ==>  Preparing: SELECT id,username,real_name,gender,birth_date,title,department,position,research_area,email,phone,office_location,avatar_url,create_time,update_time,is_deleted FROM t_teacher WHERE id=? AND is_deleted=0
2025-06-18 11:18:57.410 [http-nio-8082-exec-4] DEBUG hit.cs.sciencefms.mapper.TeacherMapper.selectById - ==> Parameters: 2(Long)
2025-06-18 11:18:57.442 [http-nio-8082-exec-4] DEBUG hit.cs.sciencefms.mapper.TeacherMapper.selectById - <==      Total: 1
2025-06-18 11:18:57.443 [http-nio-8082-exec-4] DEBUG hit.cs.sciencefms.mapper.TeacherMapper.selectById - ==>  Preparing: SELECT id,username,real_name,gender,birth_date,title,department,position,research_area,email,phone,office_location,avatar_url,create_time,update_time,is_deleted FROM t_teacher WHERE id=? AND is_deleted=0
2025-06-18 11:18:57.443 [http-nio-8082-exec-4] DEBUG hit.cs.sciencefms.mapper.TeacherMapper.selectById - ==> Parameters: 2(Long)
2025-06-18 11:18:57.471 [http-nio-8082-exec-4] DEBUG hit.cs.sciencefms.mapper.TeacherMapper.selectById - <==      Total: 1
2025-06-18 11:18:57.472 [http-nio-8082-exec-4] DEBUG hit.cs.sciencefms.mapper.TeacherMapper.selectById - ==>  Preparing: SELECT id,username,real_name,gender,birth_date,title,department,position,research_area,email,phone,office_location,avatar_url,create_time,update_time,is_deleted FROM t_teacher WHERE id=? AND is_deleted=0
2025-06-18 11:18:57.472 [http-nio-8082-exec-4] DEBUG hit.cs.sciencefms.mapper.TeacherMapper.selectById - ==> Parameters: 1(Long)
2025-06-18 11:18:57.498 [http-nio-8082-exec-4] DEBUG hit.cs.sciencefms.mapper.TeacherMapper.selectById - <==      Total: 1
2025-06-18 11:18:57.499 [http-nio-8082-exec-4] DEBUG hit.cs.sciencefms.mapper.TeacherMapper.selectById - ==>  Preparing: SELECT id,username,real_name,gender,birth_date,title,department,position,research_area,email,phone,office_location,avatar_url,create_time,update_time,is_deleted FROM t_teacher WHERE id=? AND is_deleted=0
2025-06-18 11:18:57.499 [http-nio-8082-exec-4] DEBUG hit.cs.sciencefms.mapper.TeacherMapper.selectById - ==> Parameters: 3(Long)
2025-06-18 11:18:57.528 [http-nio-8082-exec-4] DEBUG hit.cs.sciencefms.mapper.TeacherMapper.selectById - <==      Total: 1
2025-06-18 11:18:57.528 [http-nio-8082-exec-4] DEBUG hit.cs.sciencefms.mapper.TeacherMapper.selectById - ==>  Preparing: SELECT id,username,real_name,gender,birth_date,title,department,position,research_area,email,phone,office_location,avatar_url,create_time,update_time,is_deleted FROM t_teacher WHERE id=? AND is_deleted=0
2025-06-18 11:18:57.529 [http-nio-8082-exec-4] DEBUG hit.cs.sciencefms.mapper.TeacherMapper.selectById - ==> Parameters: 3(Long)
2025-06-18 11:18:57.557 [http-nio-8082-exec-4] DEBUG hit.cs.sciencefms.mapper.TeacherMapper.selectById - <==      Total: 1
2025-06-18 11:18:57.557 [http-nio-8082-exec-4] DEBUG hit.cs.sciencefms.mapper.TeacherMapper.selectById - ==>  Preparing: SELECT id,username,real_name,gender,birth_date,title,department,position,research_area,email,phone,office_location,avatar_url,create_time,update_time,is_deleted FROM t_teacher WHERE id=? AND is_deleted=0
2025-06-18 11:18:57.558 [http-nio-8082-exec-4] DEBUG hit.cs.sciencefms.mapper.TeacherMapper.selectById - ==> Parameters: 2(Long)
2025-06-18 11:18:57.587 [http-nio-8082-exec-4] DEBUG hit.cs.sciencefms.mapper.TeacherMapper.selectById - <==      Total: 1
2025-06-18 11:18:57.587 [http-nio-8082-exec-4] DEBUG hit.cs.sciencefms.mapper.TeacherMapper.selectById - ==>  Preparing: SELECT id,username,real_name,gender,birth_date,title,department,position,research_area,email,phone,office_location,avatar_url,create_time,update_time,is_deleted FROM t_teacher WHERE id=? AND is_deleted=0
2025-06-18 11:18:57.587 [http-nio-8082-exec-4] DEBUG hit.cs.sciencefms.mapper.TeacherMapper.selectById - ==> Parameters: 1(Long)
2025-06-18 11:18:57.614 [http-nio-8082-exec-4] DEBUG hit.cs.sciencefms.mapper.TeacherMapper.selectById - <==      Total: 1
2025-06-18 11:18:57.614 [http-nio-8082-exec-4] DEBUG hit.cs.sciencefms.mapper.TeacherMapper.selectById - ==>  Preparing: SELECT id,username,real_name,gender,birth_date,title,department,position,research_area,email,phone,office_location,avatar_url,create_time,update_time,is_deleted FROM t_teacher WHERE id=? AND is_deleted=0
2025-06-18 11:18:57.614 [http-nio-8082-exec-4] DEBUG hit.cs.sciencefms.mapper.TeacherMapper.selectById - ==> Parameters: 2(Long)
2025-06-18 11:18:57.646 [http-nio-8082-exec-4] DEBUG hit.cs.sciencefms.mapper.TeacherMapper.selectById - <==      Total: 1
2025-06-18 11:18:57.646 [http-nio-8082-exec-4] DEBUG hit.cs.sciencefms.mapper.TeacherMapper.selectById - ==>  Preparing: SELECT id,username,real_name,gender,birth_date,title,department,position,research_area,email,phone,office_location,avatar_url,create_time,update_time,is_deleted FROM t_teacher WHERE id=? AND is_deleted=0
2025-06-18 11:18:57.646 [http-nio-8082-exec-4] DEBUG hit.cs.sciencefms.mapper.TeacherMapper.selectById - ==> Parameters: 1(Long)
2025-06-18 11:18:57.676 [http-nio-8082-exec-4] DEBUG hit.cs.sciencefms.mapper.TeacherMapper.selectById - <==      Total: 1
2025-06-18 11:18:57.677 [http-nio-8082-exec-4] DEBUG hit.cs.sciencefms.mapper.TeacherMapper.selectById - ==>  Preparing: SELECT id,username,real_name,gender,birth_date,title,department,position,research_area,email,phone,office_location,avatar_url,create_time,update_time,is_deleted FROM t_teacher WHERE id=? AND is_deleted=0
2025-06-18 11:18:57.677 [http-nio-8082-exec-4] DEBUG hit.cs.sciencefms.mapper.TeacherMapper.selectById - ==> Parameters: 3(Long)
2025-06-18 11:18:57.705 [http-nio-8082-exec-4] DEBUG hit.cs.sciencefms.mapper.TeacherMapper.selectById - <==      Total: 1
2025-06-18 11:18:57.706 [http-nio-8082-exec-4] DEBUG hit.cs.sciencefms.mapper.TeacherMapper.selectById - ==>  Preparing: SELECT id,username,real_name,gender,birth_date,title,department,position,research_area,email,phone,office_location,avatar_url,create_time,update_time,is_deleted FROM t_teacher WHERE id=? AND is_deleted=0
2025-06-18 11:18:57.707 [http-nio-8082-exec-4] DEBUG hit.cs.sciencefms.mapper.TeacherMapper.selectById - ==> Parameters: 46(Long)
2025-06-18 11:18:57.734 [http-nio-8082-exec-4] DEBUG hit.cs.sciencefms.mapper.TeacherMapper.selectById - <==      Total: 1
2025-06-18 11:18:57.736 [http-nio-8082-exec-4] DEBUG hit.cs.sciencefms.mapper.TeacherMapper.selectById - ==>  Preparing: SELECT id,username,real_name,gender,birth_date,title,department,position,research_area,email,phone,office_location,avatar_url,create_time,update_time,is_deleted FROM t_teacher WHERE id=? AND is_deleted=0
2025-06-18 11:18:57.736 [http-nio-8082-exec-4] DEBUG hit.cs.sciencefms.mapper.TeacherMapper.selectById - ==> Parameters: 45(Long)
2025-06-18 11:18:57.766 [http-nio-8082-exec-4] DEBUG hit.cs.sciencefms.mapper.TeacherMapper.selectById - <==      Total: 1
2025-06-18 11:18:57.766 [http-nio-8082-exec-4] DEBUG hit.cs.sciencefms.mapper.TeacherMapper.selectById - ==>  Preparing: SELECT id,username,real_name,gender,birth_date,title,department,position,research_area,email,phone,office_location,avatar_url,create_time,update_time,is_deleted FROM t_teacher WHERE id=? AND is_deleted=0
2025-06-18 11:18:57.766 [http-nio-8082-exec-4] DEBUG hit.cs.sciencefms.mapper.TeacherMapper.selectById - ==> Parameters: 3(Long)
2025-06-18 11:18:57.794 [http-nio-8082-exec-4] DEBUG hit.cs.sciencefms.mapper.TeacherMapper.selectById - <==      Total: 1
2025-06-18 11:18:57.794 [http-nio-8082-exec-4] DEBUG hit.cs.sciencefms.mapper.TeacherMapper.selectById - ==>  Preparing: SELECT id,username,real_name,gender,birth_date,title,department,position,research_area,email,phone,office_location,avatar_url,create_time,update_time,is_deleted FROM t_teacher WHERE id=? AND is_deleted=0
2025-06-18 11:18:57.794 [http-nio-8082-exec-4] DEBUG hit.cs.sciencefms.mapper.TeacherMapper.selectById - ==> Parameters: 1(Long)
2025-06-18 11:18:57.821 [http-nio-8082-exec-4] DEBUG hit.cs.sciencefms.mapper.TeacherMapper.selectById - <==      Total: 1
2025-06-18 11:18:57.822 [http-nio-8082-exec-4] DEBUG hit.cs.sciencefms.mapper.TeacherMapper.selectById - ==>  Preparing: SELECT id,username,real_name,gender,birth_date,title,department,position,research_area,email,phone,office_location,avatar_url,create_time,update_time,is_deleted FROM t_teacher WHERE id=? AND is_deleted=0
2025-06-18 11:18:57.822 [http-nio-8082-exec-4] DEBUG hit.cs.sciencefms.mapper.TeacherMapper.selectById - ==> Parameters: 1(Long)
2025-06-18 11:18:57.852 [http-nio-8082-exec-4] DEBUG hit.cs.sciencefms.mapper.TeacherMapper.selectById - <==      Total: 1
2025-06-18 11:18:57.853 [http-nio-8082-exec-4] DEBUG hit.cs.sciencefms.mapper.TeacherMapper.selectById - ==>  Preparing: SELECT id,username,real_name,gender,birth_date,title,department,position,research_area,email,phone,office_location,avatar_url,create_time,update_time,is_deleted FROM t_teacher WHERE id=? AND is_deleted=0
2025-06-18 11:18:57.853 [http-nio-8082-exec-4] DEBUG hit.cs.sciencefms.mapper.TeacherMapper.selectById - ==> Parameters: 44(Long)
2025-06-18 11:18:57.883 [http-nio-8082-exec-4] DEBUG hit.cs.sciencefms.mapper.TeacherMapper.selectById - <==      Total: 1
2025-06-18 11:18:57.884 [http-nio-8082-exec-4] DEBUG hit.cs.sciencefms.mapper.TeacherMapper.selectById - ==>  Preparing: SELECT id,username,real_name,gender,birth_date,title,department,position,research_area,email,phone,office_location,avatar_url,create_time,update_time,is_deleted FROM t_teacher WHERE id=? AND is_deleted=0
2025-06-18 11:18:57.884 [http-nio-8082-exec-4] DEBUG hit.cs.sciencefms.mapper.TeacherMapper.selectById - ==> Parameters: 3(Long)
2025-06-18 11:18:57.914 [http-nio-8082-exec-4] DEBUG hit.cs.sciencefms.mapper.TeacherMapper.selectById - <==      Total: 1
2025-06-18 11:18:57.915 [http-nio-8082-exec-4] DEBUG hit.cs.sciencefms.mapper.TeacherMapper.selectById - ==>  Preparing: SELECT id,username,real_name,gender,birth_date,title,department,position,research_area,email,phone,office_location,avatar_url,create_time,update_time,is_deleted FROM t_teacher WHERE id=? AND is_deleted=0
2025-06-18 11:18:57.915 [http-nio-8082-exec-4] DEBUG hit.cs.sciencefms.mapper.TeacherMapper.selectById - ==> Parameters: 2(Long)
2025-06-18 11:18:57.944 [http-nio-8082-exec-4] DEBUG hit.cs.sciencefms.mapper.TeacherMapper.selectById - <==      Total: 1
2025-06-18 11:18:57.945 [http-nio-8082-exec-4] DEBUG hit.cs.sciencefms.mapper.TeacherMapper.selectById - ==>  Preparing: SELECT id,username,real_name,gender,birth_date,title,department,position,research_area,email,phone,office_location,avatar_url,create_time,update_time,is_deleted FROM t_teacher WHERE id=? AND is_deleted=0
2025-06-18 11:18:57.945 [http-nio-8082-exec-4] DEBUG hit.cs.sciencefms.mapper.TeacherMapper.selectById - ==> Parameters: 43(Long)
2025-06-18 11:18:57.974 [http-nio-8082-exec-4] DEBUG hit.cs.sciencefms.mapper.TeacherMapper.selectById - <==      Total: 1
2025-06-18 11:18:57.974 [http-nio-8082-exec-4] DEBUG hit.cs.sciencefms.mapper.TeacherMapper.selectById - ==>  Preparing: SELECT id,username,real_name,gender,birth_date,title,department,position,research_area,email,phone,office_location,avatar_url,create_time,update_time,is_deleted FROM t_teacher WHERE id=? AND is_deleted=0
2025-06-18 11:18:57.974 [http-nio-8082-exec-4] DEBUG hit.cs.sciencefms.mapper.TeacherMapper.selectById - ==> Parameters: 42(Long)
2025-06-18 11:18:58.002 [http-nio-8082-exec-4] DEBUG hit.cs.sciencefms.mapper.TeacherMapper.selectById - <==      Total: 1
2025-06-18 11:18:58.002 [http-nio-8082-exec-4] DEBUG hit.cs.sciencefms.mapper.TeacherMapper.selectById - ==>  Preparing: SELECT id,username,real_name,gender,birth_date,title,department,position,research_area,email,phone,office_location,avatar_url,create_time,update_time,is_deleted FROM t_teacher WHERE id=? AND is_deleted=0
2025-06-18 11:18:58.002 [http-nio-8082-exec-4] DEBUG hit.cs.sciencefms.mapper.TeacherMapper.selectById - ==> Parameters: 41(Long)
2025-06-18 11:18:58.032 [http-nio-8082-exec-4] DEBUG hit.cs.sciencefms.mapper.TeacherMapper.selectById - <==      Total: 1
2025-06-18 11:18:58.032 [http-nio-8082-exec-4] DEBUG hit.cs.sciencefms.mapper.TeacherMapper.selectById - ==>  Preparing: SELECT id,username,real_name,gender,birth_date,title,department,position,research_area,email,phone,office_location,avatar_url,create_time,update_time,is_deleted FROM t_teacher WHERE id=? AND is_deleted=0
2025-06-18 11:18:58.032 [http-nio-8082-exec-4] DEBUG hit.cs.sciencefms.mapper.TeacherMapper.selectById - ==> Parameters: 2(Long)
2025-06-18 11:18:58.062 [http-nio-8082-exec-4] DEBUG hit.cs.sciencefms.mapper.TeacherMapper.selectById - <==      Total: 1
2025-06-18 11:18:58.062 [http-nio-8082-exec-4] DEBUG hit.cs.sciencefms.mapper.TeacherMapper.selectById - ==>  Preparing: SELECT id,username,real_name,gender,birth_date,title,department,position,research_area,email,phone,office_location,avatar_url,create_time,update_time,is_deleted FROM t_teacher WHERE id=? AND is_deleted=0
2025-06-18 11:18:58.062 [http-nio-8082-exec-4] DEBUG hit.cs.sciencefms.mapper.TeacherMapper.selectById - ==> Parameters: 1(Long)
2025-06-18 11:18:58.089 [http-nio-8082-exec-4] DEBUG hit.cs.sciencefms.mapper.TeacherMapper.selectById - <==      Total: 1
2025-06-18 11:18:58.090 [http-nio-8082-exec-4] DEBUG hit.cs.sciencefms.mapper.TeacherMapper.selectById - ==>  Preparing: SELECT id,username,real_name,gender,birth_date,title,department,position,research_area,email,phone,office_location,avatar_url,create_time,update_time,is_deleted FROM t_teacher WHERE id=? AND is_deleted=0
2025-06-18 11:18:58.090 [http-nio-8082-exec-4] DEBUG hit.cs.sciencefms.mapper.TeacherMapper.selectById - ==> Parameters: 3(Long)
2025-06-18 11:18:58.118 [http-nio-8082-exec-4] DEBUG hit.cs.sciencefms.mapper.TeacherMapper.selectById - <==      Total: 1
2025-06-18 11:18:58.118 [http-nio-8082-exec-4] DEBUG hit.cs.sciencefms.mapper.TeacherMapper.selectById - ==>  Preparing: SELECT id,username,real_name,gender,birth_date,title,department,position,research_area,email,phone,office_location,avatar_url,create_time,update_time,is_deleted FROM t_teacher WHERE id=? AND is_deleted=0
2025-06-18 11:18:58.118 [http-nio-8082-exec-4] DEBUG hit.cs.sciencefms.mapper.TeacherMapper.selectById - ==> Parameters: 42(Long)
2025-06-18 11:18:58.146 [http-nio-8082-exec-4] DEBUG hit.cs.sciencefms.mapper.TeacherMapper.selectById - <==      Total: 1
2025-06-18 11:18:58.147 [http-nio-8082-exec-4] DEBUG hit.cs.sciencefms.mapper.TeacherMapper.selectById - ==>  Preparing: SELECT id,username,real_name,gender,birth_date,title,department,position,research_area,email,phone,office_location,avatar_url,create_time,update_time,is_deleted FROM t_teacher WHERE id=? AND is_deleted=0
2025-06-18 11:18:58.147 [http-nio-8082-exec-4] DEBUG hit.cs.sciencefms.mapper.TeacherMapper.selectById - ==> Parameters: 43(Long)
2025-06-18 11:18:58.175 [http-nio-8082-exec-4] DEBUG hit.cs.sciencefms.mapper.TeacherMapper.selectById - <==      Total: 1
2025-06-18 11:18:58.175 [http-nio-8082-exec-4] DEBUG hit.cs.sciencefms.mapper.TeacherMapper.selectById - ==>  Preparing: SELECT id,username,real_name,gender,birth_date,title,department,position,research_area,email,phone,office_location,avatar_url,create_time,update_time,is_deleted FROM t_teacher WHERE id=? AND is_deleted=0
2025-06-18 11:18:58.175 [http-nio-8082-exec-4] DEBUG hit.cs.sciencefms.mapper.TeacherMapper.selectById - ==> Parameters: 42(Long)
2025-06-18 11:18:58.207 [http-nio-8082-exec-4] DEBUG hit.cs.sciencefms.mapper.TeacherMapper.selectById - <==      Total: 1
2025-06-18 11:18:58.207 [http-nio-8082-exec-4] DEBUG hit.cs.sciencefms.mapper.TeacherMapper.selectById - ==>  Preparing: SELECT id,username,real_name,gender,birth_date,title,department,position,research_area,email,phone,office_location,avatar_url,create_time,update_time,is_deleted FROM t_teacher WHERE id=? AND is_deleted=0
2025-06-18 11:18:58.207 [http-nio-8082-exec-4] DEBUG hit.cs.sciencefms.mapper.TeacherMapper.selectById - ==> Parameters: 40(Long)
2025-06-18 11:18:58.234 [http-nio-8082-exec-4] DEBUG hit.cs.sciencefms.mapper.TeacherMapper.selectById - <==      Total: 1
2025-06-18 11:18:58.235 [http-nio-8082-exec-4] DEBUG hit.cs.sciencefms.mapper.TeacherMapper.selectById - ==>  Preparing: SELECT id,username,real_name,gender,birth_date,title,department,position,research_area,email,phone,office_location,avatar_url,create_time,update_time,is_deleted FROM t_teacher WHERE id=? AND is_deleted=0
2025-06-18 11:18:58.235 [http-nio-8082-exec-4] DEBUG hit.cs.sciencefms.mapper.TeacherMapper.selectById - ==> Parameters: 41(Long)
2025-06-18 11:18:58.266 [http-nio-8082-exec-4] DEBUG hit.cs.sciencefms.mapper.TeacherMapper.selectById - <==      Total: 1
2025-06-18 11:18:58.267 [http-nio-8082-exec-4] DEBUG hit.cs.sciencefms.mapper.TeacherMapper.selectById - ==>  Preparing: SELECT id,username,real_name,gender,birth_date,title,department,position,research_area,email,phone,office_location,avatar_url,create_time,update_time,is_deleted FROM t_teacher WHERE id=? AND is_deleted=0
2025-06-18 11:18:58.267 [http-nio-8082-exec-4] DEBUG hit.cs.sciencefms.mapper.TeacherMapper.selectById - ==> Parameters: 41(Long)
2025-06-18 11:18:58.301 [http-nio-8082-exec-4] DEBUG hit.cs.sciencefms.mapper.TeacherMapper.selectById - <==      Total: 1
2025-06-18 11:18:58.301 [http-nio-8082-exec-4] DEBUG hit.cs.sciencefms.mapper.TeacherMapper.selectById - ==>  Preparing: SELECT id,username,real_name,gender,birth_date,title,department,position,research_area,email,phone,office_location,avatar_url,create_time,update_time,is_deleted FROM t_teacher WHERE id=? AND is_deleted=0
2025-06-18 11:18:58.302 [http-nio-8082-exec-4] DEBUG hit.cs.sciencefms.mapper.TeacherMapper.selectById - ==> Parameters: 1(Long)
2025-06-18 11:18:58.332 [http-nio-8082-exec-4] DEBUG hit.cs.sciencefms.mapper.TeacherMapper.selectById - <==      Total: 1
2025-06-18 11:18:58.332 [http-nio-8082-exec-4] DEBUG hit.cs.sciencefms.mapper.TeacherMapper.selectById - ==>  Preparing: SELECT id,username,real_name,gender,birth_date,title,department,position,research_area,email,phone,office_location,avatar_url,create_time,update_time,is_deleted FROM t_teacher WHERE id=? AND is_deleted=0
2025-06-18 11:18:58.332 [http-nio-8082-exec-4] DEBUG hit.cs.sciencefms.mapper.TeacherMapper.selectById - ==> Parameters: 2(Long)
2025-06-18 11:18:58.361 [http-nio-8082-exec-4] DEBUG hit.cs.sciencefms.mapper.TeacherMapper.selectById - <==      Total: 1
2025-06-18 11:18:58.362 [http-nio-8082-exec-4] DEBUG hit.cs.sciencefms.mapper.TeacherMapper.selectById - ==>  Preparing: SELECT id,username,real_name,gender,birth_date,title,department,position,research_area,email,phone,office_location,avatar_url,create_time,update_time,is_deleted FROM t_teacher WHERE id=? AND is_deleted=0
2025-06-18 11:18:58.362 [http-nio-8082-exec-4] DEBUG hit.cs.sciencefms.mapper.TeacherMapper.selectById - ==> Parameters: 3(Long)
2025-06-18 11:18:58.393 [http-nio-8082-exec-4] DEBUG hit.cs.sciencefms.mapper.TeacherMapper.selectById - <==      Total: 1
2025-06-18 11:18:58.393 [http-nio-8082-exec-4] DEBUG hit.cs.sciencefms.mapper.TeacherMapper.selectById - ==>  Preparing: SELECT id,username,real_name,gender,birth_date,title,department,position,research_area,email,phone,office_location,avatar_url,create_time,update_time,is_deleted FROM t_teacher WHERE id=? AND is_deleted=0
2025-06-18 11:18:58.394 [http-nio-8082-exec-4] DEBUG hit.cs.sciencefms.mapper.TeacherMapper.selectById - ==> Parameters: 1(Long)
2025-06-18 11:18:58.423 [http-nio-8082-exec-4] DEBUG hit.cs.sciencefms.mapper.TeacherMapper.selectById - <==      Total: 1
2025-06-18 11:18:58.423 [http-nio-8082-exec-4] DEBUG hit.cs.sciencefms.mapper.TeacherMapper.selectById - ==>  Preparing: SELECT id,username,real_name,gender,birth_date,title,department,position,research_area,email,phone,office_location,avatar_url,create_time,update_time,is_deleted FROM t_teacher WHERE id=? AND is_deleted=0
2025-06-18 11:18:58.423 [http-nio-8082-exec-4] DEBUG hit.cs.sciencefms.mapper.TeacherMapper.selectById - ==> Parameters: 1(Long)
2025-06-18 11:18:58.450 [http-nio-8082-exec-4] DEBUG hit.cs.sciencefms.mapper.TeacherMapper.selectById - <==      Total: 1
2025-06-18 11:18:58.451 [http-nio-8082-exec-4] DEBUG hit.cs.sciencefms.mapper.TeacherMapper.selectById - ==>  Preparing: SELECT id,username,real_name,gender,birth_date,title,department,position,research_area,email,phone,office_location,avatar_url,create_time,update_time,is_deleted FROM t_teacher WHERE id=? AND is_deleted=0
2025-06-18 11:18:58.451 [http-nio-8082-exec-4] DEBUG hit.cs.sciencefms.mapper.TeacherMapper.selectById - ==> Parameters: 3(Long)
2025-06-18 11:18:58.481 [http-nio-8082-exec-4] DEBUG hit.cs.sciencefms.mapper.TeacherMapper.selectById - <==      Total: 1
2025-06-18 11:18:58.482 [http-nio-8082-exec-4] DEBUG hit.cs.sciencefms.mapper.TeacherMapper.selectById - ==>  Preparing: SELECT id,username,real_name,gender,birth_date,title,department,position,research_area,email,phone,office_location,avatar_url,create_time,update_time,is_deleted FROM t_teacher WHERE id=? AND is_deleted=0
2025-06-18 11:18:58.482 [http-nio-8082-exec-4] DEBUG hit.cs.sciencefms.mapper.TeacherMapper.selectById - ==> Parameters: 1(Long)
2025-06-18 11:18:58.510 [http-nio-8082-exec-4] DEBUG hit.cs.sciencefms.mapper.TeacherMapper.selectById - <==      Total: 1
2025-06-18 11:18:58.511 [http-nio-8082-exec-4] DEBUG hit.cs.sciencefms.mapper.TeacherMapper.selectById - ==>  Preparing: SELECT id,username,real_name,gender,birth_date,title,department,position,research_area,email,phone,office_location,avatar_url,create_time,update_time,is_deleted FROM t_teacher WHERE id=? AND is_deleted=0
2025-06-18 11:18:58.511 [http-nio-8082-exec-4] DEBUG hit.cs.sciencefms.mapper.TeacherMapper.selectById - ==> Parameters: 2(Long)
2025-06-18 11:18:58.538 [http-nio-8082-exec-4] DEBUG hit.cs.sciencefms.mapper.TeacherMapper.selectById - <==      Total: 1
2025-06-18 11:18:58.539 [http-nio-8082-exec-4] DEBUG hit.cs.sciencefms.mapper.TeacherMapper.selectById - ==>  Preparing: SELECT id,username,real_name,gender,birth_date,title,department,position,research_area,email,phone,office_location,avatar_url,create_time,update_time,is_deleted FROM t_teacher WHERE id=? AND is_deleted=0
2025-06-18 11:18:58.539 [http-nio-8082-exec-4] DEBUG hit.cs.sciencefms.mapper.TeacherMapper.selectById - ==> Parameters: 2(Long)
2025-06-18 11:18:58.572 [http-nio-8082-exec-4] DEBUG hit.cs.sciencefms.mapper.TeacherMapper.selectById - <==      Total: 1
2025-06-18 11:18:58.586 [http-nio-8082-exec-4] INFO  h.c.s.service.impl.ResearchSummaryServiceImpl - 发送趋势分析请求到大模型，时间范围: 2020年至2025年, 数据长度: 6428
2025-06-18 11:18:59.239 [http-nio-8082-exec-4] ERROR h.c.s.service.impl.ResearchSummaryServiceImpl - 调用大模型生成趋势分析失败
java.lang.IllegalArgumentException: text cannot be null or blank
	at dev.langchain4j.internal.Exceptions.illegalArgument(Exceptions.java:19)
	at dev.langchain4j.internal.ValidationUtils.ensureNotBlank(ValidationUtils.java:98)
	at dev.langchain4j.data.message.AiMessage.<init>(AiMessage.java:30)
	at dev.langchain4j.data.message.AiMessage.from(AiMessage.java:100)
	at dev.langchain4j.data.message.AiMessage.aiMessage(AiMessage.java:127)
	at dev.langchain4j.model.qianfan.InternalQianfanHelper.aiMessageFrom(InternalQianfanHelper.java:162)
	at dev.langchain4j.model.qianfan.QianfanChatModel.generate(QianfanChatModel.java:131)
	at dev.langchain4j.model.qianfan.QianfanChatModel.generate(QianfanChatModel.java:90)
	at dev.langchain4j.model.chat.ChatLanguageModel.generate(ChatLanguageModel.java:39)
	at dev.langchain4j.model.chat.ChatLanguageModel.generate(ChatLanguageModel.java:27)
	at hit.cs.sciencefms.service.impl.ResearchSummaryServiceImpl.generateTrendAnalysis(ResearchSummaryServiceImpl.java:150)
	at hit.cs.sciencefms.service.impl.ResearchSummaryServiceImpl.generateResearchAnalysis(ResearchSummaryServiceImpl.java:105)
	at hit.cs.sciencefms.controller.AdminDashboardController.getResearchAnalysis(AdminDashboardController.java:51)
	at java.base/jdk.internal.reflect.NativeMethodAccessorImpl.invoke0(Native Method)
	at java.base/jdk.internal.reflect.NativeMethodAccessorImpl.invoke(NativeMethodAccessorImpl.java:77)
	at java.base/jdk.internal.reflect.DelegatingMethodAccessorImpl.invoke(DelegatingMethodAccessorImpl.java:43)
	at java.base/java.lang.reflect.Method.invoke(Method.java:568)
	at org.springframework.web.method.support.InvocableHandlerMethod.doInvoke(InvocableHandlerMethod.java:207)
	at org.springframework.web.method.support.InvocableHandlerMethod.invokeForRequest(InvocableHandlerMethod.java:152)
	at org.springframework.web.servlet.mvc.method.annotation.ServletInvocableHandlerMethod.invokeAndHandle(ServletInvocableHandlerMethod.java:117)
	at org.springframework.web.servlet.mvc.method.annotation.RequestMappingHandlerAdapter.invokeHandlerMethod(RequestMappingHandlerAdapter.java:884)
	at org.springframework.web.servlet.mvc.method.annotation.RequestMappingHandlerAdapter.handleInternal(RequestMappingHandlerAdapter.java:797)
	at org.springframework.web.servlet.mvc.method.AbstractHandlerMethodAdapter.handle(AbstractHandlerMethodAdapter.java:87)
	at org.springframework.web.servlet.DispatcherServlet.doDispatch(DispatcherServlet.java:1080)
	at org.springframework.web.servlet.DispatcherServlet.doService(DispatcherServlet.java:973)
	at org.springframework.web.servlet.FrameworkServlet.processRequest(FrameworkServlet.java:1011)
	at org.springframework.web.servlet.FrameworkServlet.doGet(FrameworkServlet.java:903)
	at jakarta.servlet.http.HttpServlet.service(HttpServlet.java:705)
	at org.springframework.web.servlet.FrameworkServlet.service(FrameworkServlet.java:885)
	at jakarta.servlet.http.HttpServlet.service(HttpServlet.java:814)
	at org.apache.catalina.core.ApplicationFilterChain.internalDoFilter(ApplicationFilterChain.java:223)
	at org.apache.catalina.core.ApplicationFilterChain.doFilter(ApplicationFilterChain.java:158)
	at org.apache.tomcat.websocket.server.WsFilter.doFilter(WsFilter.java:53)
	at org.apache.catalina.core.ApplicationFilterChain.internalDoFilter(ApplicationFilterChain.java:185)
	at org.apache.catalina.core.ApplicationFilterChain.doFilter(ApplicationFilterChain.java:158)
	at org.springframework.web.filter.RequestContextFilter.doFilterInternal(RequestContextFilter.java:100)
	at org.springframework.web.filter.OncePerRequestFilter.doFilter(OncePerRequestFilter.java:116)
	at org.apache.catalina.core.ApplicationFilterChain.internalDoFilter(ApplicationFilterChain.java:185)
	at org.apache.catalina.core.ApplicationFilterChain.doFilter(ApplicationFilterChain.java:158)
	at org.springframework.web.filter.FormContentFilter.doFilterInternal(FormContentFilter.java:93)
	at org.springframework.web.filter.OncePerRequestFilter.doFilter(OncePerRequestFilter.java:116)
	at org.apache.catalina.core.ApplicationFilterChain.internalDoFilter(ApplicationFilterChain.java:185)
	at org.apache.catalina.core.ApplicationFilterChain.doFilter(ApplicationFilterChain.java:158)
	at hit.cs.sciencefms.config.JwtFilter.doFilterInternal(JwtFilter.java:91)
	at org.springframework.web.filter.OncePerRequestFilter.doFilter(OncePerRequestFilter.java:116)
	at org.apache.catalina.core.ApplicationFilterChain.internalDoFilter(ApplicationFilterChain.java:185)
	at org.apache.catalina.core.ApplicationFilterChain.doFilter(ApplicationFilterChain.java:158)
	at org.springframework.web.filter.CharacterEncodingFilter.doFilterInternal(CharacterEncodingFilter.java:201)
	at org.springframework.web.filter.OncePerRequestFilter.doFilter(OncePerRequestFilter.java:116)
	at org.apache.catalina.core.ApplicationFilterChain.internalDoFilter(ApplicationFilterChain.java:185)
	at org.apache.catalina.core.ApplicationFilterChain.doFilter(ApplicationFilterChain.java:158)
	at hit.cs.sciencefms.config.CorsFilter.doFilter(CorsFilter.java:44)
	at org.apache.catalina.core.ApplicationFilterChain.internalDoFilter(ApplicationFilterChain.java:185)
	at org.apache.catalina.core.ApplicationFilterChain.doFilter(ApplicationFilterChain.java:158)
	at org.apache.catalina.core.StandardWrapperValve.invoke(StandardWrapperValve.java:177)
	at org.apache.catalina.core.StandardContextValve.invoke(StandardContextValve.java:97)
	at org.apache.catalina.authenticator.AuthenticatorBase.invoke(AuthenticatorBase.java:542)
	at org.apache.catalina.core.StandardHostValve.invoke(StandardHostValve.java:119)
	at org.apache.catalina.valves.ErrorReportValve.invoke(ErrorReportValve.java:92)
	at org.apache.catalina.core.StandardEngineValve.invoke(StandardEngineValve.java:78)
	at org.apache.catalina.connector.CoyoteAdapter.service(CoyoteAdapter.java:357)
	at org.apache.coyote.http11.Http11Processor.service(Http11Processor.java:400)
	at org.apache.coyote.AbstractProcessorLight.process(AbstractProcessorLight.java:65)
	at org.apache.coyote.AbstractProtocol$ConnectionHandler.process(AbstractProtocol.java:859)
	at org.apache.tomcat.util.net.NioEndpoint$SocketProcessor.doRun(NioEndpoint.java:1734)
	at org.apache.tomcat.util.net.SocketProcessorBase.run(SocketProcessorBase.java:52)
	at org.apache.tomcat.util.threads.ThreadPoolExecutor.runWorker(ThreadPoolExecutor.java:1191)
	at org.apache.tomcat.util.threads.ThreadPoolExecutor$Worker.run(ThreadPoolExecutor.java:659)
	at org.apache.tomcat.util.threads.TaskThread$WrappingRunnable.run(TaskThread.java:61)
	at java.base/java.lang.Thread.run(Thread.java:842)
2025-06-18 11:18:59.244 [http-nio-8082-exec-4] INFO  h.c.s.service.impl.ResearchSummaryServiceImpl - 发送高价值成果分析请求到大模型，时间范围: 2020年至2025年, 数据长度: 6428
2025-06-18 11:18:59.388 [http-nio-8082-exec-4] ERROR h.c.s.service.impl.ResearchSummaryServiceImpl - 调用大模型生成高价值成果分析失败
java.lang.IllegalArgumentException: text cannot be null or blank
	at dev.langchain4j.internal.Exceptions.illegalArgument(Exceptions.java:19)
	at dev.langchain4j.internal.ValidationUtils.ensureNotBlank(ValidationUtils.java:98)
	at dev.langchain4j.data.message.AiMessage.<init>(AiMessage.java:30)
	at dev.langchain4j.data.message.AiMessage.from(AiMessage.java:100)
	at dev.langchain4j.data.message.AiMessage.aiMessage(AiMessage.java:127)
	at dev.langchain4j.model.qianfan.InternalQianfanHelper.aiMessageFrom(InternalQianfanHelper.java:162)
	at dev.langchain4j.model.qianfan.QianfanChatModel.generate(QianfanChatModel.java:131)
	at dev.langchain4j.model.qianfan.QianfanChatModel.generate(QianfanChatModel.java:90)
	at dev.langchain4j.model.chat.ChatLanguageModel.generate(ChatLanguageModel.java:39)
	at dev.langchain4j.model.chat.ChatLanguageModel.generate(ChatLanguageModel.java:27)
	at hit.cs.sciencefms.service.impl.ResearchSummaryServiceImpl.generateValuableResearchAnalysis(ResearchSummaryServiceImpl.java:190)
	at hit.cs.sciencefms.service.impl.ResearchSummaryServiceImpl.generateResearchAnalysis(ResearchSummaryServiceImpl.java:106)
	at hit.cs.sciencefms.controller.AdminDashboardController.getResearchAnalysis(AdminDashboardController.java:51)
	at java.base/jdk.internal.reflect.NativeMethodAccessorImpl.invoke0(Native Method)
	at java.base/jdk.internal.reflect.NativeMethodAccessorImpl.invoke(NativeMethodAccessorImpl.java:77)
	at java.base/jdk.internal.reflect.DelegatingMethodAccessorImpl.invoke(DelegatingMethodAccessorImpl.java:43)
	at java.base/java.lang.reflect.Method.invoke(Method.java:568)
	at org.springframework.web.method.support.InvocableHandlerMethod.doInvoke(InvocableHandlerMethod.java:207)
	at org.springframework.web.method.support.InvocableHandlerMethod.invokeForRequest(InvocableHandlerMethod.java:152)
	at org.springframework.web.servlet.mvc.method.annotation.ServletInvocableHandlerMethod.invokeAndHandle(ServletInvocableHandlerMethod.java:117)
	at org.springframework.web.servlet.mvc.method.annotation.RequestMappingHandlerAdapter.invokeHandlerMethod(RequestMappingHandlerAdapter.java:884)
	at org.springframework.web.servlet.mvc.method.annotation.RequestMappingHandlerAdapter.handleInternal(RequestMappingHandlerAdapter.java:797)
	at org.springframework.web.servlet.mvc.method.AbstractHandlerMethodAdapter.handle(AbstractHandlerMethodAdapter.java:87)
	at org.springframework.web.servlet.DispatcherServlet.doDispatch(DispatcherServlet.java:1080)
	at org.springframework.web.servlet.DispatcherServlet.doService(DispatcherServlet.java:973)
	at org.springframework.web.servlet.FrameworkServlet.processRequest(FrameworkServlet.java:1011)
	at org.springframework.web.servlet.FrameworkServlet.doGet(FrameworkServlet.java:903)
	at jakarta.servlet.http.HttpServlet.service(HttpServlet.java:705)
	at org.springframework.web.servlet.FrameworkServlet.service(FrameworkServlet.java:885)
	at jakarta.servlet.http.HttpServlet.service(HttpServlet.java:814)
	at org.apache.catalina.core.ApplicationFilterChain.internalDoFilter(ApplicationFilterChain.java:223)
	at org.apache.catalina.core.ApplicationFilterChain.doFilter(ApplicationFilterChain.java:158)
	at org.apache.tomcat.websocket.server.WsFilter.doFilter(WsFilter.java:53)
	at org.apache.catalina.core.ApplicationFilterChain.internalDoFilter(ApplicationFilterChain.java:185)
	at org.apache.catalina.core.ApplicationFilterChain.doFilter(ApplicationFilterChain.java:158)
	at org.springframework.web.filter.RequestContextFilter.doFilterInternal(RequestContextFilter.java:100)
	at org.springframework.web.filter.OncePerRequestFilter.doFilter(OncePerRequestFilter.java:116)
	at org.apache.catalina.core.ApplicationFilterChain.internalDoFilter(ApplicationFilterChain.java:185)
	at org.apache.catalina.core.ApplicationFilterChain.doFilter(ApplicationFilterChain.java:158)
	at org.springframework.web.filter.FormContentFilter.doFilterInternal(FormContentFilter.java:93)
	at org.springframework.web.filter.OncePerRequestFilter.doFilter(OncePerRequestFilter.java:116)
	at org.apache.catalina.core.ApplicationFilterChain.internalDoFilter(ApplicationFilterChain.java:185)
	at org.apache.catalina.core.ApplicationFilterChain.doFilter(ApplicationFilterChain.java:158)
	at hit.cs.sciencefms.config.JwtFilter.doFilterInternal(JwtFilter.java:91)
	at org.springframework.web.filter.OncePerRequestFilter.doFilter(OncePerRequestFilter.java:116)
	at org.apache.catalina.core.ApplicationFilterChain.internalDoFilter(ApplicationFilterChain.java:185)
	at org.apache.catalina.core.ApplicationFilterChain.doFilter(ApplicationFilterChain.java:158)
	at org.springframework.web.filter.CharacterEncodingFilter.doFilterInternal(CharacterEncodingFilter.java:201)
	at org.springframework.web.filter.OncePerRequestFilter.doFilter(OncePerRequestFilter.java:116)
	at org.apache.catalina.core.ApplicationFilterChain.internalDoFilter(ApplicationFilterChain.java:185)
	at org.apache.catalina.core.ApplicationFilterChain.doFilter(ApplicationFilterChain.java:158)
	at hit.cs.sciencefms.config.CorsFilter.doFilter(CorsFilter.java:44)
	at org.apache.catalina.core.ApplicationFilterChain.internalDoFilter(ApplicationFilterChain.java:185)
	at org.apache.catalina.core.ApplicationFilterChain.doFilter(ApplicationFilterChain.java:158)
	at org.apache.catalina.core.StandardWrapperValve.invoke(StandardWrapperValve.java:177)
	at org.apache.catalina.core.StandardContextValve.invoke(StandardContextValve.java:97)
	at org.apache.catalina.authenticator.AuthenticatorBase.invoke(AuthenticatorBase.java:542)
	at org.apache.catalina.core.StandardHostValve.invoke(StandardHostValve.java:119)
	at org.apache.catalina.valves.ErrorReportValve.invoke(ErrorReportValve.java:92)
	at org.apache.catalina.core.StandardEngineValve.invoke(StandardEngineValve.java:78)
	at org.apache.catalina.connector.CoyoteAdapter.service(CoyoteAdapter.java:357)
	at org.apache.coyote.http11.Http11Processor.service(Http11Processor.java:400)
	at org.apache.coyote.AbstractProcessorLight.process(AbstractProcessorLight.java:65)
	at org.apache.coyote.AbstractProtocol$ConnectionHandler.process(AbstractProtocol.java:859)
	at org.apache.tomcat.util.net.NioEndpoint$SocketProcessor.doRun(NioEndpoint.java:1734)
	at org.apache.tomcat.util.net.SocketProcessorBase.run(SocketProcessorBase.java:52)
	at org.apache.tomcat.util.threads.ThreadPoolExecutor.runWorker(ThreadPoolExecutor.java:1191)
	at org.apache.tomcat.util.threads.ThreadPoolExecutor$Worker.run(ThreadPoolExecutor.java:659)
	at org.apache.tomcat.util.threads.TaskThread$WrappingRunnable.run(TaskThread.java:61)
	at java.base/java.lang.Thread.run(Thread.java:842)
2025-06-18 11:18:59.391 [http-nio-8082-exec-4] INFO  h.c.s.service.impl.ResearchSummaryServiceImpl - 发送学科分布分析请求到大模型，时间范围: 2020年至2025年, 数据长度: 6428
2025-06-18 11:18:59.526 [http-nio-8082-exec-4] ERROR h.c.s.service.impl.ResearchSummaryServiceImpl - 调用大模型生成学科分布分析失败
java.lang.IllegalArgumentException: text cannot be null or blank
	at dev.langchain4j.internal.Exceptions.illegalArgument(Exceptions.java:19)
	at dev.langchain4j.internal.ValidationUtils.ensureNotBlank(ValidationUtils.java:98)
	at dev.langchain4j.data.message.AiMessage.<init>(AiMessage.java:30)
	at dev.langchain4j.data.message.AiMessage.from(AiMessage.java:100)
	at dev.langchain4j.data.message.AiMessage.aiMessage(AiMessage.java:127)
	at dev.langchain4j.model.qianfan.InternalQianfanHelper.aiMessageFrom(InternalQianfanHelper.java:162)
	at dev.langchain4j.model.qianfan.QianfanChatModel.generate(QianfanChatModel.java:131)
	at dev.langchain4j.model.qianfan.QianfanChatModel.generate(QianfanChatModel.java:90)
	at dev.langchain4j.model.chat.ChatLanguageModel.generate(ChatLanguageModel.java:39)
	at dev.langchain4j.model.chat.ChatLanguageModel.generate(ChatLanguageModel.java:27)
	at hit.cs.sciencefms.service.impl.ResearchSummaryServiceImpl.generateDisciplineDistribution(ResearchSummaryServiceImpl.java:230)
	at hit.cs.sciencefms.service.impl.ResearchSummaryServiceImpl.generateResearchAnalysis(ResearchSummaryServiceImpl.java:107)
	at hit.cs.sciencefms.controller.AdminDashboardController.getResearchAnalysis(AdminDashboardController.java:51)
	at java.base/jdk.internal.reflect.NativeMethodAccessorImpl.invoke0(Native Method)
	at java.base/jdk.internal.reflect.NativeMethodAccessorImpl.invoke(NativeMethodAccessorImpl.java:77)
	at java.base/jdk.internal.reflect.DelegatingMethodAccessorImpl.invoke(DelegatingMethodAccessorImpl.java:43)
	at java.base/java.lang.reflect.Method.invoke(Method.java:568)
	at org.springframework.web.method.support.InvocableHandlerMethod.doInvoke(InvocableHandlerMethod.java:207)
	at org.springframework.web.method.support.InvocableHandlerMethod.invokeForRequest(InvocableHandlerMethod.java:152)
	at org.springframework.web.servlet.mvc.method.annotation.ServletInvocableHandlerMethod.invokeAndHandle(ServletInvocableHandlerMethod.java:117)
	at org.springframework.web.servlet.mvc.method.annotation.RequestMappingHandlerAdapter.invokeHandlerMethod(RequestMappingHandlerAdapter.java:884)
	at org.springframework.web.servlet.mvc.method.annotation.RequestMappingHandlerAdapter.handleInternal(RequestMappingHandlerAdapter.java:797)
	at org.springframework.web.servlet.mvc.method.AbstractHandlerMethodAdapter.handle(AbstractHandlerMethodAdapter.java:87)
	at org.springframework.web.servlet.DispatcherServlet.doDispatch(DispatcherServlet.java:1080)
	at org.springframework.web.servlet.DispatcherServlet.doService(DispatcherServlet.java:973)
	at org.springframework.web.servlet.FrameworkServlet.processRequest(FrameworkServlet.java:1011)
	at org.springframework.web.servlet.FrameworkServlet.doGet(FrameworkServlet.java:903)
	at jakarta.servlet.http.HttpServlet.service(HttpServlet.java:705)
	at org.springframework.web.servlet.FrameworkServlet.service(FrameworkServlet.java:885)
	at jakarta.servlet.http.HttpServlet.service(HttpServlet.java:814)
	at org.apache.catalina.core.ApplicationFilterChain.internalDoFilter(ApplicationFilterChain.java:223)
	at org.apache.catalina.core.ApplicationFilterChain.doFilter(ApplicationFilterChain.java:158)
	at org.apache.tomcat.websocket.server.WsFilter.doFilter(WsFilter.java:53)
	at org.apache.catalina.core.ApplicationFilterChain.internalDoFilter(ApplicationFilterChain.java:185)
	at org.apache.catalina.core.ApplicationFilterChain.doFilter(ApplicationFilterChain.java:158)
	at org.springframework.web.filter.RequestContextFilter.doFilterInternal(RequestContextFilter.java:100)
	at org.springframework.web.filter.OncePerRequestFilter.doFilter(OncePerRequestFilter.java:116)
	at org.apache.catalina.core.ApplicationFilterChain.internalDoFilter(ApplicationFilterChain.java:185)
	at org.apache.catalina.core.ApplicationFilterChain.doFilter(ApplicationFilterChain.java:158)
	at org.springframework.web.filter.FormContentFilter.doFilterInternal(FormContentFilter.java:93)
	at org.springframework.web.filter.OncePerRequestFilter.doFilter(OncePerRequestFilter.java:116)
	at org.apache.catalina.core.ApplicationFilterChain.internalDoFilter(ApplicationFilterChain.java:185)
	at org.apache.catalina.core.ApplicationFilterChain.doFilter(ApplicationFilterChain.java:158)
	at hit.cs.sciencefms.config.JwtFilter.doFilterInternal(JwtFilter.java:91)
	at org.springframework.web.filter.OncePerRequestFilter.doFilter(OncePerRequestFilter.java:116)
	at org.apache.catalina.core.ApplicationFilterChain.internalDoFilter(ApplicationFilterChain.java:185)
	at org.apache.catalina.core.ApplicationFilterChain.doFilter(ApplicationFilterChain.java:158)
	at org.springframework.web.filter.CharacterEncodingFilter.doFilterInternal(CharacterEncodingFilter.java:201)
	at org.springframework.web.filter.OncePerRequestFilter.doFilter(OncePerRequestFilter.java:116)
	at org.apache.catalina.core.ApplicationFilterChain.internalDoFilter(ApplicationFilterChain.java:185)
	at org.apache.catalina.core.ApplicationFilterChain.doFilter(ApplicationFilterChain.java:158)
	at hit.cs.sciencefms.config.CorsFilter.doFilter(CorsFilter.java:44)
	at org.apache.catalina.core.ApplicationFilterChain.internalDoFilter(ApplicationFilterChain.java:185)
	at org.apache.catalina.core.ApplicationFilterChain.doFilter(ApplicationFilterChain.java:158)
	at org.apache.catalina.core.StandardWrapperValve.invoke(StandardWrapperValve.java:177)
	at org.apache.catalina.core.StandardContextValve.invoke(StandardContextValve.java:97)
	at org.apache.catalina.authenticator.AuthenticatorBase.invoke(AuthenticatorBase.java:542)
	at org.apache.catalina.core.StandardHostValve.invoke(StandardHostValve.java:119)
	at org.apache.catalina.valves.ErrorReportValve.invoke(ErrorReportValve.java:92)
	at org.apache.catalina.core.StandardEngineValve.invoke(StandardEngineValve.java:78)
	at org.apache.catalina.connector.CoyoteAdapter.service(CoyoteAdapter.java:357)
	at org.apache.coyote.http11.Http11Processor.service(Http11Processor.java:400)
	at org.apache.coyote.AbstractProcessorLight.process(AbstractProcessorLight.java:65)
	at org.apache.coyote.AbstractProtocol$ConnectionHandler.process(AbstractProtocol.java:859)
	at org.apache.tomcat.util.net.NioEndpoint$SocketProcessor.doRun(NioEndpoint.java:1734)
	at org.apache.tomcat.util.net.SocketProcessorBase.run(SocketProcessorBase.java:52)
	at org.apache.tomcat.util.threads.ThreadPoolExecutor.runWorker(ThreadPoolExecutor.java:1191)
	at org.apache.tomcat.util.threads.ThreadPoolExecutor$Worker.run(ThreadPoolExecutor.java:659)
	at org.apache.tomcat.util.threads.TaskThread$WrappingRunnable.run(TaskThread.java:61)
	at java.base/java.lang.Thread.run(Thread.java:842)
2025-06-18 11:23:27.339 [SpringApplicationShutdownHook] INFO  com.zaxxer.hikari.HikariDataSource - HikariPool-1 - Shutdown initiated...
2025-06-18 11:23:27.341 [SpringApplicationShutdownHook] INFO  com.zaxxer.hikari.HikariDataSource - HikariPool-1 - Shutdown completed.
