2025-06-15 20:35:39.927 [main] INFO  hit.cs.sciencefms.ScienceFmsApplication - Starting ScienceFmsApplication using Java 17.0.10 with PID 38068 (D:\Codes\SchoolProject\Java\SoftwareProjection\scienceSystem\BackEnd\scienceFMS\target\classes started by DELL in D:\Codes\SchoolProject\Java\SoftwareProjection\scienceSystem\BackEnd\scienceFMS)
2025-06-15 20:35:39.932 [main] DEBUG hit.cs.sciencefms.ScienceFmsApplication - Running with Spring Boot v3.0.2, Spring v6.0.4
2025-06-15 20:35:39.932 [main] INFO  hit.cs.sciencefms.ScienceFmsApplication - No active profile set, falling back to 1 default profile: "default"
2025-06-15 20:35:40.105 [main] WARN  o.s.b.w.s.c.AnnotationConfigServletWebServerApplicationContext - Exception encountered during context initialization - cancelling refresh attempt: org.springframework.beans.factory.BeanDefinitionStoreException: Failed to parse configuration class [hit.cs.sciencefms.ScienceFmsApplication]
2025-06-15 20:35:40.133 [main] ERROR org.springframework.boot.SpringApplication - Application run failed
org.springframework.beans.factory.BeanDefinitionStoreException: Failed to parse configuration class [hit.cs.sciencefms.ScienceFmsApplication]
	at org.springframework.context.annotation.ConfigurationClassParser.parse(ConfigurationClassParser.java:178)
	at org.springframework.context.annotation.ConfigurationClassPostProcessor.processConfigBeanDefinitions(ConfigurationClassPostProcessor.java:398)
	at org.springframework.context.annotation.ConfigurationClassPostProcessor.postProcessBeanDefinitionRegistry(ConfigurationClassPostProcessor.java:283)
	at org.springframework.context.support.PostProcessorRegistrationDelegate.invokeBeanDefinitionRegistryPostProcessors(PostProcessorRegistrationDelegate.java:344)
	at org.springframework.context.support.PostProcessorRegistrationDelegate.invokeBeanFactoryPostProcessors(PostProcessorRegistrationDelegate.java:115)
	at org.springframework.context.support.AbstractApplicationContext.invokeBeanFactoryPostProcessors(AbstractApplicationContext.java:745)
	at org.springframework.context.support.AbstractApplicationContext.refresh(AbstractApplicationContext.java:565)
	at org.springframework.boot.web.servlet.context.ServletWebServerApplicationContext.refresh(ServletWebServerApplicationContext.java:146)
	at org.springframework.boot.SpringApplication.refresh(SpringApplication.java:730)
	at org.springframework.boot.SpringApplication.refreshContext(SpringApplication.java:432)
	at org.springframework.boot.SpringApplication.run(SpringApplication.java:308)
	at org.springframework.boot.SpringApplication.run(SpringApplication.java:1302)
	at org.springframework.boot.SpringApplication.run(SpringApplication.java:1291)
	at hit.cs.sciencefms.ScienceFmsApplication.main(ScienceFmsApplication.java:10)
Caused by: java.io.FileNotFoundException: class path resource [hit/cs/sciencefms/config/CorsFilter.class] cannot be opened because it does not exist
	at org.springframework.core.io.ClassPathResource.getInputStream(ClassPathResource.java:211)
	at org.springframework.core.type.classreading.SimpleMetadataReader.getClassReader(SimpleMetadataReader.java:54)
	at org.springframework.core.type.classreading.SimpleMetadataReader.<init>(SimpleMetadataReader.java:48)
	at org.springframework.core.type.classreading.SimpleMetadataReaderFactory.getMetadataReader(SimpleMetadataReaderFactory.java:103)
	at org.springframework.boot.type.classreading.ConcurrentReferenceCachingMetadataReaderFactory.createMetadataReader(ConcurrentReferenceCachingMetadataReaderFactory.java:86)
	at org.springframework.boot.type.classreading.ConcurrentReferenceCachingMetadataReaderFactory.getMetadataReader(ConcurrentReferenceCachingMetadataReaderFactory.java:73)
	at org.springframework.core.type.classreading.SimpleMetadataReaderFactory.getMetadataReader(SimpleMetadataReaderFactory.java:81)
	at org.springframework.context.annotation.ConfigurationClassParser.parse(ConfigurationClassParser.java:187)
	at org.springframework.context.annotation.ConfigurationClassParser.doProcessConfigurationClass(ConfigurationClassParser.java:297)
	at org.springframework.context.annotation.ConfigurationClassParser.processConfigurationClass(ConfigurationClassParser.java:243)
	at org.springframework.context.annotation.ConfigurationClassParser.parse(ConfigurationClassParser.java:196)
	at org.springframework.context.annotation.ConfigurationClassParser.parse(ConfigurationClassParser.java:164)
	... 13 common frames omitted
2025-06-15 20:37:33.592 [main] INFO  hit.cs.sciencefms.ScienceFmsApplication - Starting ScienceFmsApplication using Java 17.0.10 with PID 31156 (D:\Codes\SchoolProject\Java\SoftwareProjection\scienceSystem\BackEnd\scienceFMS\target\classes started by DELL in D:\Codes\SchoolProject\Java\SoftwareProjection\scienceSystem\BackEnd\scienceFMS)
2025-06-15 20:37:33.593 [main] DEBUG hit.cs.sciencefms.ScienceFmsApplication - Running with Spring Boot v3.0.2, Spring v6.0.4
2025-06-15 20:37:33.594 [main] INFO  hit.cs.sciencefms.ScienceFmsApplication - No active profile set, falling back to 1 default profile: "default"
2025-06-15 20:37:35.713 [main] INFO  o.s.boot.web.embedded.tomcat.TomcatWebServer - Tomcat initialized with port(s): 8082 (http)
2025-06-15 20:37:35.719 [main] INFO  org.apache.catalina.core.StandardService - Starting service [Tomcat]
2025-06-15 20:37:35.719 [main] INFO  org.apache.catalina.core.StandardEngine - Starting Servlet engine: [Apache Tomcat/10.1.5]
2025-06-15 20:37:35.773 [main] INFO  o.a.c.core.ContainerBase.[Tomcat].[localhost].[/] - Initializing Spring embedded WebApplicationContext
2025-06-15 20:37:35.774 [main] INFO  o.s.b.w.s.c.ServletWebServerApplicationContext - Root WebApplicationContext: initialization completed in 2155 ms
2025-06-15 20:37:35.882 [main] DEBUG hit.cs.sciencefms.config.JwtFilter - Filter 'jwtFilter' configured for use
2025-06-15 20:37:36.512 [main] INFO  o.s.b.a.web.servlet.WelcomePageHandlerMapping - Adding welcome page: class path resource [static/index.html]
2025-06-15 20:37:36.630 [main] INFO  o.s.boot.web.embedded.tomcat.TomcatWebServer - Tomcat started on port(s): 8082 (http) with context path ''
2025-06-15 20:37:36.635 [main] INFO  hit.cs.sciencefms.ScienceFmsApplication - Started ScienceFmsApplication in 3.354 seconds (process running for 3.795)
2025-06-15 20:38:34.585 [http-nio-8082-exec-1] INFO  o.a.c.core.ContainerBase.[Tomcat].[localhost].[/] - Initializing Spring DispatcherServlet 'dispatcherServlet'
2025-06-15 20:38:34.586 [http-nio-8082-exec-1] INFO  org.springframework.web.servlet.DispatcherServlet - Initializing Servlet 'dispatcherServlet'
2025-06-15 20:38:34.586 [http-nio-8082-exec-1] INFO  org.springframework.web.servlet.DispatcherServlet - Completed initialization in 0 ms
2025-06-15 20:38:34.651 [http-nio-8082-exec-2] INFO  hit.cs.sciencefms.service.impl.UserServiceImpl - 用户登录: teacher1
2025-06-15 20:38:34.684 [http-nio-8082-exec-2] WARN  c.b.m.core.toolkit.support.ReflectLambdaMeta - Unable to make field private final java.lang.Class java.lang.invoke.SerializedLambda.capturingClass accessible: module java.base does not "opens java.lang.invoke" to unnamed module @75d4a5c2
2025-06-15 20:38:34.692 [http-nio-8082-exec-2] INFO  com.zaxxer.hikari.HikariDataSource - HikariPool-1 - Starting...
2025-06-15 20:38:35.024 [http-nio-8082-exec-2] INFO  com.zaxxer.hikari.pool.HikariPool - HikariPool-1 - Added connection org.postgresql.jdbc.PgConnection@5c117ee0
2025-06-15 20:38:35.025 [http-nio-8082-exec-2] INFO  com.zaxxer.hikari.HikariDataSource - HikariPool-1 - Start completed.
2025-06-15 20:38:35.030 [http-nio-8082-exec-2] DEBUG hit.cs.sciencefms.mapper.UserMapper.selectList - ==>  Preparing: SELECT id,username,password,role,real_name,email,phone,status,login_fail_count,create_time,update_time FROM t_user WHERE (username = ?)
2025-06-15 20:38:35.037 [http-nio-8082-exec-2] DEBUG hit.cs.sciencefms.mapper.UserMapper.selectList - ==> Parameters: teacher1(String)
2025-06-15 20:38:35.079 [http-nio-8082-exec-2] DEBUG hit.cs.sciencefms.mapper.UserMapper.selectList - <==      Total: 1
2025-06-15 20:38:35.084 [http-nio-8082-exec-2] DEBUG h.c.s.mapper.UserMapper.incrementLoginFailCount - ==>  Preparing: UPDATE t_user SET login_fail_count = login_fail_count + 1 WHERE username = ?
2025-06-15 20:38:35.085 [http-nio-8082-exec-2] DEBUG h.c.s.mapper.UserMapper.incrementLoginFailCount - ==> Parameters: teacher1(String)
2025-06-15 20:38:35.120 [http-nio-8082-exec-2] DEBUG h.c.s.mapper.UserMapper.incrementLoginFailCount - <==    Updates: 1
2025-06-15 20:38:35.121 [http-nio-8082-exec-2] DEBUG hit.cs.sciencefms.mapper.UserMapper.selectList - ==>  Preparing: SELECT id,username,password,role,real_name,email,phone,status,login_fail_count,create_time,update_time FROM t_user WHERE (username = ?)
2025-06-15 20:38:35.121 [http-nio-8082-exec-2] DEBUG hit.cs.sciencefms.mapper.UserMapper.selectList - ==> Parameters: teacher1(String)
2025-06-15 20:38:35.150 [http-nio-8082-exec-2] DEBUG hit.cs.sciencefms.mapper.UserMapper.selectList - <==      Total: 1
2025-06-15 20:38:44.011 [http-nio-8082-exec-7] INFO  hit.cs.sciencefms.service.impl.UserServiceImpl - 用户登录: teacher1
2025-06-15 20:38:44.041 [http-nio-8082-exec-7] DEBUG hit.cs.sciencefms.mapper.UserMapper.selectList - ==>  Preparing: SELECT id,username,password,role,real_name,email,phone,status,login_fail_count,create_time,update_time FROM t_user WHERE (username = ?)
2025-06-15 20:38:44.041 [http-nio-8082-exec-7] DEBUG hit.cs.sciencefms.mapper.UserMapper.selectList - ==> Parameters: teacher1(String)
2025-06-15 20:38:44.078 [http-nio-8082-exec-7] DEBUG hit.cs.sciencefms.mapper.UserMapper.selectList - <==      Total: 1
2025-06-15 20:38:44.079 [http-nio-8082-exec-7] DEBUG h.c.s.mapper.UserMapper.resetLoginFailCount - ==>  Preparing: UPDATE t_user SET login_fail_count = 0 WHERE username = ?
2025-06-15 20:38:44.079 [http-nio-8082-exec-7] DEBUG h.c.s.mapper.UserMapper.resetLoginFailCount - ==> Parameters: teacher1(String)
2025-06-15 20:38:44.107 [http-nio-8082-exec-7] DEBUG h.c.s.mapper.UserMapper.resetLoginFailCount - <==    Updates: 1
2025-06-15 20:38:44.120 [http-nio-8082-exec-7] INFO  hit.cs.sciencefms.service.impl.UserServiceImpl - JWT token: eyJhbGciOiJIUzUxMiJ9.eyJyb2xlIjoidGVhY2hlciIsInVzZXJJZCI6MiwidXNlcm5hbWUiOiJ0ZWFjaGVyMSIsImlhdCI6MTc0OTk5MTEyNCwiZXhwIjoxNzUwMDc3NTI0fQ.k_OicrxkPYEndkoDaJIGKi9jzz3WM4S3e0zK1lzUoGLmfERpcshT57joKNKS8AmMB6_bsyGb8fTKtBqLbqQw7Q
2025-06-15 20:38:44.122 [http-nio-8082-exec-7] DEBUG hit.cs.sciencefms.mapper.TeacherMapper.selectList - ==>  Preparing: SELECT id,username,real_name,gender,birth_date,title,department,position,research_area,email,phone,office_location,avatar_url,create_time,update_time,is_deleted FROM t_teacher WHERE is_deleted=0 AND (username = ?)
2025-06-15 20:38:44.122 [http-nio-8082-exec-7] DEBUG hit.cs.sciencefms.mapper.TeacherMapper.selectList - ==> Parameters: teacher1(String)
2025-06-15 20:38:44.151 [http-nio-8082-exec-7] DEBUG hit.cs.sciencefms.mapper.TeacherMapper.selectList - <==      Total: 1
2025-06-15 20:38:44.237 [http-nio-8082-exec-5] INFO  hit.cs.sciencefms.util.JwtUtil - JWT验证成功
2025-06-15 20:38:44.241 [http-nio-8082-exec-5] WARN  o.s.core.LocalVariableTableParameterNameDiscoverer - Using deprecated '-debug' fallback for parameter name resolution. Compile the affected code with '-parameters' instead or avoid its introspection: hit.cs.sciencefms.controller.TeacherProfileController
2025-06-15 20:38:44.243 [http-nio-8082-exec-5] DEBUG h.c.s.mapper.TeacherMapper.selectByUsername - ==>  Preparing: SELECT * FROM t_teacher WHERE username = ? AND is_deleted = 0
2025-06-15 20:38:44.243 [http-nio-8082-exec-5] DEBUG h.c.s.mapper.TeacherMapper.selectByUsername - ==> Parameters: teacher1(String)
2025-06-15 20:38:44.274 [http-nio-8082-exec-5] DEBUG h.c.s.mapper.TeacherMapper.selectByUsername - <==      Total: 1
2025-06-15 20:38:44.274 [http-nio-8082-exec-5] DEBUG h.c.s.m.TeacherEducationMapper.selectByTeacherId - ==>  Preparing: SELECT * FROM t_teacher_education WHERE teacher_id = ? AND is_deleted = 0 ORDER BY end_year DESC
2025-06-15 20:38:44.275 [http-nio-8082-exec-5] DEBUG h.c.s.m.TeacherEducationMapper.selectByTeacherId - ==> Parameters: 1(Long)
2025-06-15 20:38:44.314 [http-nio-8082-exec-5] DEBUG h.c.s.m.TeacherEducationMapper.selectByTeacherId - <==      Total: 3
2025-06-15 20:41:42.564 [http-nio-8082-exec-8] INFO  hit.cs.sciencefms.util.JwtUtil - JWT验证成功
2025-06-15 20:41:42.667 [http-nio-8082-exec-8] DEBUG h.c.s.m.ResearchProjectMapper.selectPage_mpCount - ==>  Preparing: SELECT COUNT(*) AS total FROM t_research_project WHERE is_deleted = 0 AND (teacher_id = ?)
2025-06-15 20:41:42.667 [http-nio-8082-exec-8] DEBUG h.c.s.m.ResearchProjectMapper.selectPage_mpCount - ==> Parameters: 1(Long)
2025-06-15 20:41:42.719 [http-nio-8082-exec-8] DEBUG h.c.s.m.ResearchProjectMapper.selectPage_mpCount - <==      Total: 1
2025-06-15 20:41:42.724 [http-nio-8082-exec-8] DEBUG h.c.s.mapper.ResearchProjectMapper.selectPage - ==>  Preparing: SELECT id,project_name,project_code,source,funding,start_date,end_date,attachments,teacher_id,role,create_time,update_time,is_deleted FROM t_research_project WHERE is_deleted=0 AND (teacher_id = ?) ORDER BY create_time DESC LIMIT ?
2025-06-15 20:41:42.725 [http-nio-8082-exec-8] DEBUG h.c.s.mapper.ResearchProjectMapper.selectPage - ==> Parameters: 1(Long), 10(Long)
2025-06-15 20:41:42.767 [http-nio-8082-exec-8] DEBUG h.c.s.mapper.ResearchProjectMapper.selectPage - <==      Total: 9
2025-06-15 20:41:43.268 [http-nio-8082-exec-9] INFO  hit.cs.sciencefms.util.JwtUtil - JWT验证成功
2025-06-15 20:41:43.300 [http-nio-8082-exec-9] DEBUG h.c.s.mapper.TeacherMapper.selectByUsername - ==>  Preparing: SELECT * FROM t_teacher WHERE username = ? AND is_deleted = 0
2025-06-15 20:41:43.301 [http-nio-8082-exec-9] DEBUG h.c.s.mapper.TeacherMapper.selectByUsername - ==> Parameters: teacher1(String)
2025-06-15 20:41:43.339 [http-nio-8082-exec-9] DEBUG h.c.s.mapper.TeacherMapper.selectByUsername - <==      Total: 1
2025-06-15 20:41:43.340 [http-nio-8082-exec-9] DEBUG h.c.s.m.TeacherEducationMapper.selectByTeacherId - ==>  Preparing: SELECT * FROM t_teacher_education WHERE teacher_id = ? AND is_deleted = 0 ORDER BY end_year DESC
2025-06-15 20:41:43.340 [http-nio-8082-exec-9] DEBUG h.c.s.m.TeacherEducationMapper.selectByTeacherId - ==> Parameters: 1(Long)
2025-06-15 20:41:43.382 [http-nio-8082-exec-9] DEBUG h.c.s.m.TeacherEducationMapper.selectByTeacherId - <==      Total: 3
2025-06-15 20:41:44.546 [http-nio-8082-exec-10] INFO  hit.cs.sciencefms.util.JwtUtil - JWT验证成功
2025-06-15 20:41:44.579 [http-nio-8082-exec-10] DEBUG h.c.s.m.ResearchProjectMapper.selectPage_mpCount - ==>  Preparing: SELECT COUNT(*) AS total FROM t_research_project WHERE is_deleted = 0 AND (teacher_id = ?)
2025-06-15 20:41:44.579 [http-nio-8082-exec-10] DEBUG h.c.s.m.ResearchProjectMapper.selectPage_mpCount - ==> Parameters: 1(Long)
2025-06-15 20:41:44.615 [http-nio-8082-exec-10] DEBUG h.c.s.m.ResearchProjectMapper.selectPage_mpCount - <==      Total: 1
2025-06-15 20:41:44.616 [http-nio-8082-exec-10] DEBUG h.c.s.mapper.ResearchProjectMapper.selectPage - ==>  Preparing: SELECT id,project_name,project_code,source,funding,start_date,end_date,attachments,teacher_id,role,create_time,update_time,is_deleted FROM t_research_project WHERE is_deleted=0 AND (teacher_id = ?) ORDER BY create_time DESC LIMIT ?
2025-06-15 20:41:44.616 [http-nio-8082-exec-10] DEBUG h.c.s.mapper.ResearchProjectMapper.selectPage - ==> Parameters: 1(Long), 10(Long)
2025-06-15 20:41:44.655 [http-nio-8082-exec-10] DEBUG h.c.s.mapper.ResearchProjectMapper.selectPage - <==      Total: 9
2025-06-15 20:41:45.875 [http-nio-8082-exec-1] INFO  hit.cs.sciencefms.util.JwtUtil - JWT验证成功
2025-06-15 20:41:45.909 [http-nio-8082-exec-1] DEBUG h.c.s.mapper.TeacherMapper.selectByUsername - ==>  Preparing: SELECT * FROM t_teacher WHERE username = ? AND is_deleted = 0
2025-06-15 20:41:45.909 [http-nio-8082-exec-1] DEBUG h.c.s.mapper.TeacherMapper.selectByUsername - ==> Parameters: teacher1(String)
2025-06-15 20:41:45.951 [http-nio-8082-exec-1] DEBUG h.c.s.mapper.TeacherMapper.selectByUsername - <==      Total: 1
2025-06-15 20:41:45.952 [http-nio-8082-exec-1] DEBUG h.c.s.m.TeacherEducationMapper.selectByTeacherId - ==>  Preparing: SELECT * FROM t_teacher_education WHERE teacher_id = ? AND is_deleted = 0 ORDER BY end_year DESC
2025-06-15 20:41:45.952 [http-nio-8082-exec-1] DEBUG h.c.s.m.TeacherEducationMapper.selectByTeacherId - ==> Parameters: 1(Long)
2025-06-15 20:41:45.997 [http-nio-8082-exec-1] DEBUG h.c.s.m.TeacherEducationMapper.selectByTeacherId - <==      Total: 3
2025-06-15 20:43:57.786 [http-nio-8082-exec-7] INFO  hit.cs.sciencefms.util.JwtUtil - JWT验证成功
2025-06-15 20:43:57.826 [http-nio-8082-exec-7] DEBUG h.c.s.mapper.TeacherMapper.selectByUsername - ==>  Preparing: SELECT * FROM t_teacher WHERE username = ? AND is_deleted = 0
2025-06-15 20:43:57.828 [http-nio-8082-exec-7] DEBUG h.c.s.mapper.TeacherMapper.selectByUsername - ==> Parameters: teacher1(String)
2025-06-15 20:43:57.872 [http-nio-8082-exec-7] DEBUG h.c.s.mapper.TeacherMapper.selectByUsername - <==      Total: 1
2025-06-15 20:43:57.873 [http-nio-8082-exec-7] DEBUG h.c.s.m.TeacherEducationMapper.selectByTeacherId - ==>  Preparing: SELECT * FROM t_teacher_education WHERE teacher_id = ? AND is_deleted = 0 ORDER BY end_year DESC
2025-06-15 20:43:57.874 [http-nio-8082-exec-7] DEBUG h.c.s.m.TeacherEducationMapper.selectByTeacherId - ==> Parameters: 1(Long)
2025-06-15 20:43:57.912 [http-nio-8082-exec-7] DEBUG h.c.s.m.TeacherEducationMapper.selectByTeacherId - <==      Total: 3
2025-06-15 20:44:06.065 [http-nio-8082-exec-4] INFO  hit.cs.sciencefms.util.JwtUtil - JWT验证成功
2025-06-15 20:44:06.107 [http-nio-8082-exec-4] DEBUG h.c.s.mapper.TeacherMapper.selectByUsername - ==>  Preparing: SELECT * FROM t_teacher WHERE username = ? AND is_deleted = 0
2025-06-15 20:44:06.107 [http-nio-8082-exec-4] DEBUG h.c.s.mapper.TeacherMapper.selectByUsername - ==> Parameters: teacher1(String)
2025-06-15 20:44:06.141 [http-nio-8082-exec-4] DEBUG h.c.s.mapper.TeacherMapper.selectByUsername - <==      Total: 1
2025-06-15 20:44:06.142 [http-nio-8082-exec-4] DEBUG h.c.s.m.TeacherEducationMapper.selectByTeacherId - ==>  Preparing: SELECT * FROM t_teacher_education WHERE teacher_id = ? AND is_deleted = 0 ORDER BY end_year DESC
2025-06-15 20:44:06.142 [http-nio-8082-exec-4] DEBUG h.c.s.m.TeacherEducationMapper.selectByTeacherId - ==> Parameters: 1(Long)
2025-06-15 20:44:06.174 [http-nio-8082-exec-4] DEBUG h.c.s.m.TeacherEducationMapper.selectByTeacherId - <==      Total: 3
2025-06-15 20:51:04.065 [http-nio-8082-exec-6] INFO  hit.cs.sciencefms.util.JwtUtil - JWT验证成功
2025-06-15 20:51:04.107 [http-nio-8082-exec-6] DEBUG h.c.s.mapper.TeacherMapper.selectByUsername - ==>  Preparing: SELECT * FROM t_teacher WHERE username = ? AND is_deleted = 0
2025-06-15 20:51:04.107 [http-nio-8082-exec-6] DEBUG h.c.s.mapper.TeacherMapper.selectByUsername - ==> Parameters: teacher1(String)
2025-06-15 20:51:04.137 [http-nio-8082-exec-6] DEBUG h.c.s.mapper.TeacherMapper.selectByUsername - <==      Total: 1
2025-06-15 20:51:04.138 [http-nio-8082-exec-6] DEBUG h.c.s.m.TeacherEducationMapper.selectByTeacherId - ==>  Preparing: SELECT * FROM t_teacher_education WHERE teacher_id = ? AND is_deleted = 0 ORDER BY end_year DESC
2025-06-15 20:51:04.138 [http-nio-8082-exec-6] DEBUG h.c.s.m.TeacherEducationMapper.selectByTeacherId - ==> Parameters: 1(Long)
2025-06-15 20:51:04.167 [http-nio-8082-exec-6] DEBUG h.c.s.m.TeacherEducationMapper.selectByTeacherId - <==      Total: 3
2025-06-15 20:52:04.877 [http-nio-8082-exec-8] INFO  hit.cs.sciencefms.util.JwtUtil - JWT验证成功
2025-06-15 20:52:04.914 [http-nio-8082-exec-8] DEBUG h.c.s.mapper.TeacherMapper.selectByUsername - ==>  Preparing: SELECT * FROM t_teacher WHERE username = ? AND is_deleted = 0
2025-06-15 20:52:04.914 [http-nio-8082-exec-8] DEBUG h.c.s.mapper.TeacherMapper.selectByUsername - ==> Parameters: teacher1(String)
2025-06-15 20:52:04.948 [http-nio-8082-exec-8] DEBUG h.c.s.mapper.TeacherMapper.selectByUsername - <==      Total: 1
2025-06-15 20:52:04.949 [http-nio-8082-exec-8] DEBUG h.c.s.m.TeacherEducationMapper.selectByTeacherId - ==>  Preparing: SELECT * FROM t_teacher_education WHERE teacher_id = ? AND is_deleted = 0 ORDER BY end_year DESC
2025-06-15 20:52:04.949 [http-nio-8082-exec-8] DEBUG h.c.s.m.TeacherEducationMapper.selectByTeacherId - ==> Parameters: 1(Long)
2025-06-15 20:52:04.985 [http-nio-8082-exec-8] DEBUG h.c.s.m.TeacherEducationMapper.selectByTeacherId - <==      Total: 3
2025-06-15 20:52:04.990 [http-nio-8082-exec-9] INFO  hit.cs.sciencefms.util.JwtUtil - JWT验证成功
2025-06-15 20:52:04.992 [http-nio-8082-exec-9] DEBUG h.c.s.mapper.TeacherMapper.selectByUsername - ==>  Preparing: SELECT * FROM t_teacher WHERE username = ? AND is_deleted = 0
2025-06-15 20:52:04.993 [http-nio-8082-exec-9] DEBUG h.c.s.mapper.TeacherMapper.selectByUsername - ==> Parameters: teacher1(String)
2025-06-15 20:52:05.023 [http-nio-8082-exec-9] DEBUG h.c.s.mapper.TeacherMapper.selectByUsername - <==      Total: 1
2025-06-15 20:52:05.024 [http-nio-8082-exec-9] DEBUG h.c.s.m.TeacherEducationMapper.selectByTeacherId - ==>  Preparing: SELECT * FROM t_teacher_education WHERE teacher_id = ? AND is_deleted = 0 ORDER BY end_year DESC
2025-06-15 20:52:05.024 [http-nio-8082-exec-9] DEBUG h.c.s.m.TeacherEducationMapper.selectByTeacherId - ==> Parameters: 1(Long)
2025-06-15 20:52:05.061 [http-nio-8082-exec-9] DEBUG h.c.s.m.TeacherEducationMapper.selectByTeacherId - <==      Total: 3
2025-06-15 20:52:17.670 [http-nio-8082-exec-10] INFO  hit.cs.sciencefms.util.JwtUtil - JWT验证成功
2025-06-15 20:52:17.705 [http-nio-8082-exec-10] DEBUG h.c.s.mapper.TeacherMapper.selectByUsername - ==>  Preparing: SELECT * FROM t_teacher WHERE username = ? AND is_deleted = 0
2025-06-15 20:52:17.705 [http-nio-8082-exec-10] DEBUG h.c.s.mapper.TeacherMapper.selectByUsername - ==> Parameters: teacher1(String)
2025-06-15 20:52:17.785 [http-nio-8082-exec-10] DEBUG h.c.s.mapper.TeacherMapper.selectByUsername - <==      Total: 1
2025-06-15 20:52:17.786 [http-nio-8082-exec-10] DEBUG h.c.s.m.TeacherEducationMapper.selectByTeacherId - ==>  Preparing: SELECT * FROM t_teacher_education WHERE teacher_id = ? AND is_deleted = 0 ORDER BY end_year DESC
2025-06-15 20:52:17.786 [http-nio-8082-exec-10] DEBUG h.c.s.m.TeacherEducationMapper.selectByTeacherId - ==> Parameters: 1(Long)
2025-06-15 20:52:17.849 [http-nio-8082-exec-10] DEBUG h.c.s.m.TeacherEducationMapper.selectByTeacherId - <==      Total: 3
2025-06-15 20:52:28.219 [http-nio-8082-exec-1] INFO  hit.cs.sciencefms.util.JwtUtil - JWT验证成功
2025-06-15 20:52:28.254 [http-nio-8082-exec-1] DEBUG h.c.s.mapper.TeacherMapper.selectByUsername - ==>  Preparing: SELECT * FROM t_teacher WHERE username = ? AND is_deleted = 0
2025-06-15 20:52:28.255 [http-nio-8082-exec-1] DEBUG h.c.s.mapper.TeacherMapper.selectByUsername - ==> Parameters: teacher1(String)
2025-06-15 20:52:28.293 [http-nio-8082-exec-1] DEBUG h.c.s.mapper.TeacherMapper.selectByUsername - <==      Total: 1
2025-06-15 20:52:28.296 [http-nio-8082-exec-1] DEBUG h.c.s.m.TeacherEducationMapper.selectByTeacherId - ==>  Preparing: SELECT * FROM t_teacher_education WHERE teacher_id = ? AND is_deleted = 0 ORDER BY end_year DESC
2025-06-15 20:52:28.296 [http-nio-8082-exec-1] DEBUG h.c.s.m.TeacherEducationMapper.selectByTeacherId - ==> Parameters: 1(Long)
2025-06-15 20:52:28.339 [http-nio-8082-exec-1] DEBUG h.c.s.m.TeacherEducationMapper.selectByTeacherId - <==      Total: 3
2025-06-15 20:52:29.116 [http-nio-8082-exec-2] INFO  hit.cs.sciencefms.util.JwtUtil - JWT验证成功
2025-06-15 20:52:29.148 [http-nio-8082-exec-2] DEBUG h.c.s.mapper.TeacherMapper.selectByUsername - ==>  Preparing: SELECT * FROM t_teacher WHERE username = ? AND is_deleted = 0
2025-06-15 20:52:29.148 [http-nio-8082-exec-2] DEBUG h.c.s.mapper.TeacherMapper.selectByUsername - ==> Parameters: teacher1(String)
2025-06-15 20:52:29.185 [http-nio-8082-exec-2] DEBUG h.c.s.mapper.TeacherMapper.selectByUsername - <==      Total: 1
2025-06-15 20:52:29.186 [http-nio-8082-exec-2] DEBUG h.c.s.m.TeacherEducationMapper.selectByTeacherId - ==>  Preparing: SELECT * FROM t_teacher_education WHERE teacher_id = ? AND is_deleted = 0 ORDER BY end_year DESC
2025-06-15 20:52:29.186 [http-nio-8082-exec-2] DEBUG h.c.s.m.TeacherEducationMapper.selectByTeacherId - ==> Parameters: 1(Long)
2025-06-15 20:52:29.219 [http-nio-8082-exec-2] DEBUG h.c.s.m.TeacherEducationMapper.selectByTeacherId - <==      Total: 3
2025-06-15 20:54:55.410 [http-nio-8082-exec-5] INFO  hit.cs.sciencefms.util.JwtUtil - JWT验证成功
2025-06-15 20:54:55.445 [http-nio-8082-exec-5] DEBUG h.c.s.mapper.TeacherMapper.selectByUsername - ==>  Preparing: SELECT * FROM t_teacher WHERE username = ? AND is_deleted = 0
2025-06-15 20:54:55.445 [http-nio-8082-exec-5] DEBUG h.c.s.mapper.TeacherMapper.selectByUsername - ==> Parameters: teacher1(String)
2025-06-15 20:54:55.472 [http-nio-8082-exec-5] DEBUG h.c.s.mapper.TeacherMapper.selectByUsername - <==      Total: 1
2025-06-15 20:54:55.473 [http-nio-8082-exec-5] DEBUG h.c.s.m.TeacherEducationMapper.selectByTeacherId - ==>  Preparing: SELECT * FROM t_teacher_education WHERE teacher_id = ? AND is_deleted = 0 ORDER BY end_year DESC
2025-06-15 20:54:55.473 [http-nio-8082-exec-5] DEBUG h.c.s.m.TeacherEducationMapper.selectByTeacherId - ==> Parameters: 1(Long)
2025-06-15 20:54:55.503 [http-nio-8082-exec-5] DEBUG h.c.s.m.TeacherEducationMapper.selectByTeacherId - <==      Total: 3
2025-06-15 20:55:02.986 [http-nio-8082-exec-6] INFO  hit.cs.sciencefms.util.JwtUtil - JWT验证成功
2025-06-15 20:55:03.016 [http-nio-8082-exec-6] DEBUG h.c.s.mapper.TeacherMapper.selectByUsername - ==>  Preparing: SELECT * FROM t_teacher WHERE username = ? AND is_deleted = 0
2025-06-15 20:55:03.016 [http-nio-8082-exec-6] DEBUG h.c.s.mapper.TeacherMapper.selectByUsername - ==> Parameters: teacher1(String)
2025-06-15 20:55:03.044 [http-nio-8082-exec-6] DEBUG h.c.s.mapper.TeacherMapper.selectByUsername - <==      Total: 1
2025-06-15 20:55:03.045 [http-nio-8082-exec-6] DEBUG h.c.s.m.TeacherEducationMapper.selectByTeacherId - ==>  Preparing: SELECT * FROM t_teacher_education WHERE teacher_id = ? AND is_deleted = 0 ORDER BY end_year DESC
2025-06-15 20:55:03.045 [http-nio-8082-exec-6] DEBUG h.c.s.m.TeacherEducationMapper.selectByTeacherId - ==> Parameters: 1(Long)
2025-06-15 20:55:03.076 [http-nio-8082-exec-6] DEBUG h.c.s.m.TeacherEducationMapper.selectByTeacherId - <==      Total: 3
2025-06-15 20:55:21.730 [http-nio-8082-exec-3] INFO  hit.cs.sciencefms.util.JwtUtil - JWT验证成功
2025-06-15 20:55:21.763 [http-nio-8082-exec-3] DEBUG h.c.s.mapper.TeacherMapper.selectByUsername - ==>  Preparing: SELECT * FROM t_teacher WHERE username = ? AND is_deleted = 0
2025-06-15 20:55:21.763 [http-nio-8082-exec-3] DEBUG h.c.s.mapper.TeacherMapper.selectByUsername - ==> Parameters: teacher1(String)
2025-06-15 20:55:21.792 [http-nio-8082-exec-3] DEBUG h.c.s.mapper.TeacherMapper.selectByUsername - <==      Total: 1
2025-06-15 20:55:21.793 [http-nio-8082-exec-3] DEBUG h.c.s.m.TeacherEducationMapper.selectByTeacherId - ==>  Preparing: SELECT * FROM t_teacher_education WHERE teacher_id = ? AND is_deleted = 0 ORDER BY end_year DESC
2025-06-15 20:55:21.793 [http-nio-8082-exec-3] DEBUG h.c.s.m.TeacherEducationMapper.selectByTeacherId - ==> Parameters: 1(Long)
2025-06-15 20:55:21.823 [http-nio-8082-exec-3] DEBUG h.c.s.m.TeacherEducationMapper.selectByTeacherId - <==      Total: 3
2025-06-15 20:55:33.605 [http-nio-8082-exec-8] INFO  hit.cs.sciencefms.util.JwtUtil - JWT验证成功
2025-06-15 20:55:33.651 [http-nio-8082-exec-8] DEBUG h.c.s.mapper.TeacherMapper.selectByUsername - ==>  Preparing: SELECT * FROM t_teacher WHERE username = ? AND is_deleted = 0
2025-06-15 20:55:33.651 [http-nio-8082-exec-8] DEBUG h.c.s.mapper.TeacherMapper.selectByUsername - ==> Parameters: teacher1(String)
2025-06-15 20:55:33.695 [http-nio-8082-exec-8] DEBUG h.c.s.mapper.TeacherMapper.selectByUsername - <==      Total: 1
2025-06-15 20:55:33.696 [http-nio-8082-exec-8] DEBUG h.c.s.m.TeacherEducationMapper.selectByTeacherId - ==>  Preparing: SELECT * FROM t_teacher_education WHERE teacher_id = ? AND is_deleted = 0 ORDER BY end_year DESC
2025-06-15 20:55:33.696 [http-nio-8082-exec-8] DEBUG h.c.s.m.TeacherEducationMapper.selectByTeacherId - ==> Parameters: 1(Long)
2025-06-15 20:55:33.733 [http-nio-8082-exec-8] DEBUG h.c.s.m.TeacherEducationMapper.selectByTeacherId - <==      Total: 3
2025-06-15 20:55:46.586 [http-nio-8082-exec-10] INFO  hit.cs.sciencefms.util.JwtUtil - JWT验证成功
2025-06-15 20:55:46.634 [http-nio-8082-exec-10] DEBUG h.c.s.mapper.TeacherMapper.selectByUsername - ==>  Preparing: SELECT * FROM t_teacher WHERE username = ? AND is_deleted = 0
2025-06-15 20:55:46.634 [http-nio-8082-exec-10] DEBUG h.c.s.mapper.TeacherMapper.selectByUsername - ==> Parameters: teacher1(String)
2025-06-15 20:55:46.670 [http-nio-8082-exec-10] DEBUG h.c.s.mapper.TeacherMapper.selectByUsername - <==      Total: 1
2025-06-15 20:55:46.671 [http-nio-8082-exec-10] DEBUG h.c.s.m.TeacherEducationMapper.selectByTeacherId - ==>  Preparing: SELECT * FROM t_teacher_education WHERE teacher_id = ? AND is_deleted = 0 ORDER BY end_year DESC
2025-06-15 20:55:46.671 [http-nio-8082-exec-10] DEBUG h.c.s.m.TeacherEducationMapper.selectByTeacherId - ==> Parameters: 1(Long)
2025-06-15 20:55:46.708 [http-nio-8082-exec-10] DEBUG h.c.s.m.TeacherEducationMapper.selectByTeacherId - <==      Total: 3
2025-06-15 20:55:59.115 [http-nio-8082-exec-1] INFO  hit.cs.sciencefms.util.JwtUtil - JWT验证成功
2025-06-15 20:55:59.152 [http-nio-8082-exec-1] DEBUG h.c.s.mapper.TeacherMapper.selectByUsername - ==>  Preparing: SELECT * FROM t_teacher WHERE username = ? AND is_deleted = 0
2025-06-15 20:55:59.152 [http-nio-8082-exec-1] DEBUG h.c.s.mapper.TeacherMapper.selectByUsername - ==> Parameters: teacher1(String)
2025-06-15 20:55:59.182 [http-nio-8082-exec-1] DEBUG h.c.s.mapper.TeacherMapper.selectByUsername - <==      Total: 1
2025-06-15 20:55:59.182 [http-nio-8082-exec-1] DEBUG h.c.s.m.TeacherEducationMapper.selectByTeacherId - ==>  Preparing: SELECT * FROM t_teacher_education WHERE teacher_id = ? AND is_deleted = 0 ORDER BY end_year DESC
2025-06-15 20:55:59.183 [http-nio-8082-exec-1] DEBUG h.c.s.m.TeacherEducationMapper.selectByTeacherId - ==> Parameters: 1(Long)
2025-06-15 20:55:59.217 [http-nio-8082-exec-1] DEBUG h.c.s.m.TeacherEducationMapper.selectByTeacherId - <==      Total: 3
2025-06-15 20:56:06.152 [http-nio-8082-exec-2] INFO  hit.cs.sciencefms.util.JwtUtil - JWT验证成功
2025-06-15 20:56:06.192 [http-nio-8082-exec-2] DEBUG h.c.s.mapper.TeacherMapper.selectByUsername - ==>  Preparing: SELECT * FROM t_teacher WHERE username = ? AND is_deleted = 0
2025-06-15 20:56:06.192 [http-nio-8082-exec-2] DEBUG h.c.s.mapper.TeacherMapper.selectByUsername - ==> Parameters: teacher1(String)
2025-06-15 20:56:06.226 [http-nio-8082-exec-2] DEBUG h.c.s.mapper.TeacherMapper.selectByUsername - <==      Total: 1
2025-06-15 20:56:06.228 [http-nio-8082-exec-2] DEBUG h.c.s.m.TeacherEducationMapper.selectByTeacherId - ==>  Preparing: SELECT * FROM t_teacher_education WHERE teacher_id = ? AND is_deleted = 0 ORDER BY end_year DESC
2025-06-15 20:56:06.228 [http-nio-8082-exec-2] DEBUG h.c.s.m.TeacherEducationMapper.selectByTeacherId - ==> Parameters: 1(Long)
2025-06-15 20:56:06.266 [http-nio-8082-exec-2] DEBUG h.c.s.m.TeacherEducationMapper.selectByTeacherId - <==      Total: 3
2025-06-15 20:56:08.629 [http-nio-8082-exec-7] INFO  hit.cs.sciencefms.util.JwtUtil - JWT验证成功
2025-06-15 20:56:08.658 [http-nio-8082-exec-7] DEBUG h.c.s.mapper.TeacherMapper.selectByUsername - ==>  Preparing: SELECT * FROM t_teacher WHERE username = ? AND is_deleted = 0
2025-06-15 20:56:08.658 [http-nio-8082-exec-7] DEBUG h.c.s.mapper.TeacherMapper.selectByUsername - ==> Parameters: teacher1(String)
2025-06-15 20:56:08.686 [http-nio-8082-exec-7] DEBUG h.c.s.mapper.TeacherMapper.selectByUsername - <==      Total: 1
2025-06-15 20:56:08.686 [http-nio-8082-exec-7] DEBUG h.c.s.m.TeacherEducationMapper.selectByTeacherId - ==>  Preparing: SELECT * FROM t_teacher_education WHERE teacher_id = ? AND is_deleted = 0 ORDER BY end_year DESC
2025-06-15 20:56:08.687 [http-nio-8082-exec-7] DEBUG h.c.s.m.TeacherEducationMapper.selectByTeacherId - ==> Parameters: 1(Long)
2025-06-15 20:56:08.716 [http-nio-8082-exec-7] DEBUG h.c.s.m.TeacherEducationMapper.selectByTeacherId - <==      Total: 3
2025-06-15 20:56:13.119 [http-nio-8082-exec-5] INFO  hit.cs.sciencefms.util.JwtUtil - JWT验证成功
2025-06-15 20:56:13.172 [http-nio-8082-exec-5] DEBUG hit.cs.sciencefms.mapper.TeacherMapper.selectById - ==>  Preparing: SELECT id,username,real_name,gender,birth_date,title,department,position,research_area,email,phone,office_location,avatar_url,create_time,update_time,is_deleted FROM t_teacher WHERE id=? AND is_deleted=0
2025-06-15 20:56:13.173 [http-nio-8082-exec-5] DEBUG hit.cs.sciencefms.mapper.TeacherMapper.selectById - ==> Parameters: 1(Long)
2025-06-15 20:56:13.204 [http-nio-8082-exec-5] DEBUG hit.cs.sciencefms.mapper.TeacherMapper.selectById - <==      Total: 1
2025-06-15 20:56:13.297 [http-nio-8082-exec-5] INFO  hit.cs.sciencefms.util.StaticResourceUtil - 文件删除成功: avatar_20250604153653_2281bfc5.JPG
2025-06-15 20:56:13.298 [http-nio-8082-exec-5] INFO  h.c.s.service.impl.TeacherProfileServiceImpl - 旧头像已删除: http://120.46.48.74:9000/avatar_20250604153653_2281bfc5.JPG
2025-06-15 20:56:13.304 [http-nio-8082-exec-5] DEBUG hit.cs.sciencefms.mapper.TeacherMapper.updateById - ==>  Preparing: UPDATE t_teacher SET username=?, real_name=?, gender=?, birth_date=?, title=?, department=?, position=?, research_area=?, email=?, phone=?, office_location=?, avatar_url=?, create_time=?, update_time=? WHERE id=? AND is_deleted=0
2025-06-15 20:56:13.306 [http-nio-8082-exec-5] DEBUG hit.cs.sciencefms.mapper.TeacherMapper.updateById - ==> Parameters: teacher1(String), 张小hui(String), 男(String), 1976-01-15(LocalDate), 教授(String), 计算机科学与技术学院(String), 教授(String), 人工智能、大数据分析(String), zhang@example.wwwwww(String), 22222222(String), 科研楼A座301室(String), http://120.46.48.74:9000/avatar_20250615205612_8466c7b7.jpg(String), 2025-05-26T13:52:55.852980(LocalDateTime), 2025-06-15T20:56:13.298989800(LocalDateTime), 1(Long)
2025-06-15 20:56:13.333 [http-nio-8082-exec-5] DEBUG hit.cs.sciencefms.mapper.TeacherMapper.updateById - <==    Updates: 1
2025-06-15 20:56:13.333 [http-nio-8082-exec-5] INFO  h.c.s.service.impl.TeacherProfileServiceImpl - 教师头像URL已更新: teacherId=1, url=http://120.46.48.74:9000/avatar_20250615205612_8466c7b7.jpg
2025-06-15 20:56:22.862 [http-nio-8082-exec-6] INFO  hit.cs.sciencefms.util.JwtUtil - JWT验证成功
2025-06-15 20:56:22.894 [http-nio-8082-exec-6] DEBUG h.c.s.mapper.TeacherMapper.selectByUsername - ==>  Preparing: SELECT * FROM t_teacher WHERE username = ? AND is_deleted = 0
2025-06-15 20:56:22.894 [http-nio-8082-exec-6] DEBUG h.c.s.mapper.TeacherMapper.selectByUsername - ==> Parameters: teacher1(String)
2025-06-15 20:56:22.921 [http-nio-8082-exec-6] DEBUG h.c.s.mapper.TeacherMapper.selectByUsername - <==      Total: 1
2025-06-15 20:56:22.922 [http-nio-8082-exec-6] DEBUG h.c.s.m.TeacherEducationMapper.selectByTeacherId - ==>  Preparing: SELECT * FROM t_teacher_education WHERE teacher_id = ? AND is_deleted = 0 ORDER BY end_year DESC
2025-06-15 20:56:22.922 [http-nio-8082-exec-6] DEBUG h.c.s.m.TeacherEducationMapper.selectByTeacherId - ==> Parameters: 1(Long)
2025-06-15 20:56:22.953 [http-nio-8082-exec-6] DEBUG h.c.s.m.TeacherEducationMapper.selectByTeacherId - <==      Total: 3
2025-06-15 20:56:25.688 [http-nio-8082-exec-3] INFO  hit.cs.sciencefms.util.JwtUtil - JWT验证成功
2025-06-15 20:56:25.715 [http-nio-8082-exec-3] DEBUG h.c.s.mapper.TeacherMapper.selectByUsername - ==>  Preparing: SELECT * FROM t_teacher WHERE username = ? AND is_deleted = 0
2025-06-15 20:56:25.716 [http-nio-8082-exec-3] DEBUG h.c.s.mapper.TeacherMapper.selectByUsername - ==> Parameters: teacher1(String)
2025-06-15 20:56:25.743 [http-nio-8082-exec-3] DEBUG h.c.s.mapper.TeacherMapper.selectByUsername - <==      Total: 1
2025-06-15 20:56:25.743 [http-nio-8082-exec-3] DEBUG h.c.s.m.TeacherEducationMapper.selectByTeacherId - ==>  Preparing: SELECT * FROM t_teacher_education WHERE teacher_id = ? AND is_deleted = 0 ORDER BY end_year DESC
2025-06-15 20:56:25.744 [http-nio-8082-exec-3] DEBUG h.c.s.m.TeacherEducationMapper.selectByTeacherId - ==> Parameters: 1(Long)
2025-06-15 20:56:25.771 [http-nio-8082-exec-3] DEBUG h.c.s.m.TeacherEducationMapper.selectByTeacherId - <==      Total: 3
2025-06-15 20:56:40.618 [http-nio-8082-exec-8] INFO  hit.cs.sciencefms.util.JwtUtil - JWT验证成功
2025-06-15 20:56:40.653 [http-nio-8082-exec-8] DEBUG hit.cs.sciencefms.mapper.TeacherMapper.selectById - ==>  Preparing: SELECT id,username,real_name,gender,birth_date,title,department,position,research_area,email,phone,office_location,avatar_url,create_time,update_time,is_deleted FROM t_teacher WHERE id=? AND is_deleted=0
2025-06-15 20:56:40.654 [http-nio-8082-exec-8] DEBUG hit.cs.sciencefms.mapper.TeacherMapper.selectById - ==> Parameters: 1(Long)
2025-06-15 20:56:40.683 [http-nio-8082-exec-8] DEBUG hit.cs.sciencefms.mapper.TeacherMapper.selectById - <==      Total: 1
2025-06-15 20:56:40.743 [http-nio-8082-exec-8] INFO  hit.cs.sciencefms.util.StaticResourceUtil - 文件删除成功: avatar_20250615205612_8466c7b7.jpg
2025-06-15 20:56:40.743 [http-nio-8082-exec-8] INFO  h.c.s.service.impl.TeacherProfileServiceImpl - 旧头像已删除: http://120.46.48.74:9000/avatar_20250615205612_8466c7b7.jpg
2025-06-15 20:56:40.743 [http-nio-8082-exec-8] DEBUG hit.cs.sciencefms.mapper.TeacherMapper.updateById - ==>  Preparing: UPDATE t_teacher SET username=?, real_name=?, gender=?, birth_date=?, title=?, department=?, position=?, research_area=?, email=?, phone=?, office_location=?, avatar_url=?, create_time=?, update_time=? WHERE id=? AND is_deleted=0
2025-06-15 20:56:40.744 [http-nio-8082-exec-8] DEBUG hit.cs.sciencefms.mapper.TeacherMapper.updateById - ==> Parameters: teacher1(String), 张小hui(String), 男(String), 1976-01-15(LocalDate), 教授(String), 计算机科学与技术学院(String), 教授(String), 人工智能、大数据分析(String), zhang@example.wwwwww(String), 22222222(String), 科研楼A座301室(String), http://120.46.48.74:9000/avatar_20250615205640_612bd02c.jpeg(String), 2025-05-26T13:52:55.852980(LocalDateTime), 2025-06-15T20:56:40.743888700(LocalDateTime), 1(Long)
2025-06-15 20:56:40.771 [http-nio-8082-exec-8] DEBUG hit.cs.sciencefms.mapper.TeacherMapper.updateById - <==    Updates: 1
2025-06-15 20:56:40.771 [http-nio-8082-exec-8] INFO  h.c.s.service.impl.TeacherProfileServiceImpl - 教师头像URL已更新: teacherId=1, url=http://120.46.48.74:9000/avatar_20250615205640_612bd02c.jpeg
2025-06-15 20:56:45.888 [http-nio-8082-exec-10] INFO  hit.cs.sciencefms.util.JwtUtil - JWT验证成功
2025-06-15 20:56:45.922 [http-nio-8082-exec-10] DEBUG hit.cs.sciencefms.mapper.TeacherMapper.selectById - ==>  Preparing: SELECT id,username,real_name,gender,birth_date,title,department,position,research_area,email,phone,office_location,avatar_url,create_time,update_time,is_deleted FROM t_teacher WHERE id=? AND is_deleted=0
2025-06-15 20:56:45.922 [http-nio-8082-exec-10] DEBUG hit.cs.sciencefms.mapper.TeacherMapper.selectById - ==> Parameters: 1(Long)
2025-06-15 20:56:45.949 [http-nio-8082-exec-10] DEBUG hit.cs.sciencefms.mapper.TeacherMapper.selectById - <==      Total: 1
2025-06-15 20:56:45.951 [http-nio-8082-exec-10] DEBUG hit.cs.sciencefms.mapper.TeacherMapper.updateById - ==>  Preparing: UPDATE t_teacher SET username=?, real_name=?, gender=?, birth_date=?, title=?, department=?, position=?, research_area=?, email=?, phone=?, office_location=?, avatar_url=?, create_time=?, update_time=? WHERE id=? AND is_deleted=0
2025-06-15 20:56:45.953 [http-nio-8082-exec-10] DEBUG hit.cs.sciencefms.mapper.TeacherMapper.updateById - ==> Parameters: teacher1(String), 张小hui(String), 男(String), 1976-01-15(LocalDate), 教授(String), 计算机科学与技术学院(String), 教授(String), 人工智能、大数据分析(String), zhang@example.wwwwww(String), 22222222(String), 科研楼A座301室(String), http://120.46.48.74:9000/avatar_20250615205612_8466c7b7.jpg(String), 2025-05-26T13:52:55.852980(LocalDateTime), 2025-06-15T20:56:45.950735400(LocalDateTime), 1(Long)
2025-06-15 20:56:45.981 [http-nio-8082-exec-10] DEBUG hit.cs.sciencefms.mapper.TeacherMapper.updateById - <==    Updates: 1
2025-06-15 20:56:45.981 [http-nio-8082-exec-10] DEBUG hit.cs.sciencefms.mapper.UserMapper.selectById - ==>  Preparing: SELECT id,username,password,role,real_name,email,phone,status,login_fail_count,create_time,update_time FROM t_user WHERE id=?
2025-06-15 20:56:45.981 [http-nio-8082-exec-10] DEBUG hit.cs.sciencefms.mapper.UserMapper.selectById - ==> Parameters: 1(Long)
2025-06-15 20:56:46.024 [http-nio-8082-exec-10] DEBUG hit.cs.sciencefms.mapper.UserMapper.selectById - <==      Total: 1
2025-06-15 20:56:46.031 [http-nio-8082-exec-10] DEBUG hit.cs.sciencefms.mapper.UserMapper.updateById - ==>  Preparing: UPDATE t_user SET username=?, password=?, role=?, real_name=?, email=?, phone=?, status=?, login_fail_count=?, create_time=?, update_time=? WHERE id=?
2025-06-15 20:56:46.033 [http-nio-8082-exec-10] DEBUG hit.cs.sciencefms.mapper.UserMapper.updateById - ==> Parameters: admin1(String), 123456(String), admin(String), 张小hui(String), zhang@example.wwwwww(String), 22222222(String), 0(Integer), 0(Integer), 2025-05-26T13:52:55.852980(LocalDateTime), 2025-06-15T20:56:46.025272600(LocalDateTime), 1(Long)
2025-06-15 20:56:46.059 [http-nio-8082-exec-10] DEBUG hit.cs.sciencefms.mapper.UserMapper.updateById - <==    Updates: 1
2025-06-15 20:56:46.059 [http-nio-8082-exec-10] DEBUG h.c.s.m.TeacherEducationMapper.selectByTeacherId - ==>  Preparing: SELECT * FROM t_teacher_education WHERE teacher_id = ? AND is_deleted = 0 ORDER BY end_year DESC
2025-06-15 20:56:46.060 [http-nio-8082-exec-10] DEBUG h.c.s.m.TeacherEducationMapper.selectByTeacherId - ==> Parameters: 1(Long)
2025-06-15 20:56:46.087 [http-nio-8082-exec-10] DEBUG h.c.s.m.TeacherEducationMapper.selectByTeacherId - <==      Total: 3
2025-06-15 20:56:48.139 [http-nio-8082-exec-1] INFO  hit.cs.sciencefms.util.JwtUtil - JWT验证成功
2025-06-15 20:56:48.167 [http-nio-8082-exec-1] DEBUG h.c.s.mapper.TeacherMapper.selectByUsername - ==>  Preparing: SELECT * FROM t_teacher WHERE username = ? AND is_deleted = 0
2025-06-15 20:56:48.168 [http-nio-8082-exec-1] DEBUG h.c.s.mapper.TeacherMapper.selectByUsername - ==> Parameters: teacher1(String)
2025-06-15 20:56:48.198 [http-nio-8082-exec-1] DEBUG h.c.s.mapper.TeacherMapper.selectByUsername - <==      Total: 1
2025-06-15 20:56:48.198 [http-nio-8082-exec-1] DEBUG h.c.s.m.TeacherEducationMapper.selectByTeacherId - ==>  Preparing: SELECT * FROM t_teacher_education WHERE teacher_id = ? AND is_deleted = 0 ORDER BY end_year DESC
2025-06-15 20:56:48.198 [http-nio-8082-exec-1] DEBUG h.c.s.m.TeacherEducationMapper.selectByTeacherId - ==> Parameters: 1(Long)
2025-06-15 20:56:48.225 [http-nio-8082-exec-1] DEBUG h.c.s.m.TeacherEducationMapper.selectByTeacherId - <==      Total: 3
2025-06-15 20:56:49.925 [http-nio-8082-exec-2] INFO  hit.cs.sciencefms.util.JwtUtil - JWT验证成功
2025-06-15 20:56:49.958 [http-nio-8082-exec-2] DEBUG h.c.s.mapper.TeacherMapper.selectByUsername - ==>  Preparing: SELECT * FROM t_teacher WHERE username = ? AND is_deleted = 0
2025-06-15 20:56:49.958 [http-nio-8082-exec-2] DEBUG h.c.s.mapper.TeacherMapper.selectByUsername - ==> Parameters: teacher1(String)
2025-06-15 20:56:49.989 [http-nio-8082-exec-2] DEBUG h.c.s.mapper.TeacherMapper.selectByUsername - <==      Total: 1
2025-06-15 20:56:49.989 [http-nio-8082-exec-2] DEBUG h.c.s.m.TeacherEducationMapper.selectByTeacherId - ==>  Preparing: SELECT * FROM t_teacher_education WHERE teacher_id = ? AND is_deleted = 0 ORDER BY end_year DESC
2025-06-15 20:56:49.989 [http-nio-8082-exec-2] DEBUG h.c.s.m.TeacherEducationMapper.selectByTeacherId - ==> Parameters: 1(Long)
2025-06-15 20:56:50.016 [http-nio-8082-exec-2] DEBUG h.c.s.m.TeacherEducationMapper.selectByTeacherId - <==      Total: 3
2025-06-15 20:56:50.615 [http-nio-8082-exec-7] INFO  hit.cs.sciencefms.util.JwtUtil - JWT验证成功
2025-06-15 20:56:50.644 [http-nio-8082-exec-7] DEBUG h.c.s.mapper.TeacherMapper.selectByUsername - ==>  Preparing: SELECT * FROM t_teacher WHERE username = ? AND is_deleted = 0
2025-06-15 20:56:50.644 [http-nio-8082-exec-7] DEBUG h.c.s.mapper.TeacherMapper.selectByUsername - ==> Parameters: teacher1(String)
2025-06-15 20:56:50.676 [http-nio-8082-exec-7] DEBUG h.c.s.mapper.TeacherMapper.selectByUsername - <==      Total: 1
2025-06-15 20:56:50.677 [http-nio-8082-exec-7] DEBUG h.c.s.m.TeacherEducationMapper.selectByTeacherId - ==>  Preparing: SELECT * FROM t_teacher_education WHERE teacher_id = ? AND is_deleted = 0 ORDER BY end_year DESC
2025-06-15 20:56:50.677 [http-nio-8082-exec-7] DEBUG h.c.s.m.TeacherEducationMapper.selectByTeacherId - ==> Parameters: 1(Long)
2025-06-15 20:56:50.706 [http-nio-8082-exec-7] DEBUG h.c.s.m.TeacherEducationMapper.selectByTeacherId - <==      Total: 3
2025-06-15 20:56:51.253 [http-nio-8082-exec-4] INFO  hit.cs.sciencefms.util.JwtUtil - JWT验证成功
2025-06-15 20:56:51.284 [http-nio-8082-exec-4] DEBUG h.c.s.mapper.TeacherMapper.selectByUsername - ==>  Preparing: SELECT * FROM t_teacher WHERE username = ? AND is_deleted = 0
2025-06-15 20:56:51.284 [http-nio-8082-exec-4] DEBUG h.c.s.mapper.TeacherMapper.selectByUsername - ==> Parameters: teacher1(String)
2025-06-15 20:56:51.311 [http-nio-8082-exec-4] DEBUG h.c.s.mapper.TeacherMapper.selectByUsername - <==      Total: 1
2025-06-15 20:56:51.312 [http-nio-8082-exec-4] DEBUG h.c.s.m.TeacherEducationMapper.selectByTeacherId - ==>  Preparing: SELECT * FROM t_teacher_education WHERE teacher_id = ? AND is_deleted = 0 ORDER BY end_year DESC
2025-06-15 20:56:51.312 [http-nio-8082-exec-4] DEBUG h.c.s.m.TeacherEducationMapper.selectByTeacherId - ==> Parameters: 1(Long)
2025-06-15 20:56:51.338 [http-nio-8082-exec-4] DEBUG h.c.s.m.TeacherEducationMapper.selectByTeacherId - <==      Total: 3
2025-06-15 20:56:51.889 [http-nio-8082-exec-5] INFO  hit.cs.sciencefms.util.JwtUtil - JWT验证成功
2025-06-15 20:56:51.917 [http-nio-8082-exec-5] DEBUG h.c.s.mapper.TeacherMapper.selectByUsername - ==>  Preparing: SELECT * FROM t_teacher WHERE username = ? AND is_deleted = 0
2025-06-15 20:56:51.918 [http-nio-8082-exec-5] DEBUG h.c.s.mapper.TeacherMapper.selectByUsername - ==> Parameters: teacher1(String)
2025-06-15 20:56:51.951 [http-nio-8082-exec-5] DEBUG h.c.s.mapper.TeacherMapper.selectByUsername - <==      Total: 1
2025-06-15 20:56:51.951 [http-nio-8082-exec-5] DEBUG h.c.s.m.TeacherEducationMapper.selectByTeacherId - ==>  Preparing: SELECT * FROM t_teacher_education WHERE teacher_id = ? AND is_deleted = 0 ORDER BY end_year DESC
2025-06-15 20:56:51.951 [http-nio-8082-exec-5] DEBUG h.c.s.m.TeacherEducationMapper.selectByTeacherId - ==> Parameters: 1(Long)
2025-06-15 20:56:51.979 [http-nio-8082-exec-5] DEBUG h.c.s.m.TeacherEducationMapper.selectByTeacherId - <==      Total: 3
2025-06-15 20:56:52.657 [http-nio-8082-exec-6] INFO  hit.cs.sciencefms.util.JwtUtil - JWT验证成功
2025-06-15 20:56:52.685 [http-nio-8082-exec-6] DEBUG h.c.s.mapper.TeacherMapper.selectByUsername - ==>  Preparing: SELECT * FROM t_teacher WHERE username = ? AND is_deleted = 0
2025-06-15 20:56:52.685 [http-nio-8082-exec-6] DEBUG h.c.s.mapper.TeacherMapper.selectByUsername - ==> Parameters: teacher1(String)
2025-06-15 20:56:52.715 [http-nio-8082-exec-6] DEBUG h.c.s.mapper.TeacherMapper.selectByUsername - <==      Total: 1
2025-06-15 20:56:52.716 [http-nio-8082-exec-6] DEBUG h.c.s.m.TeacherEducationMapper.selectByTeacherId - ==>  Preparing: SELECT * FROM t_teacher_education WHERE teacher_id = ? AND is_deleted = 0 ORDER BY end_year DESC
2025-06-15 20:56:52.716 [http-nio-8082-exec-6] DEBUG h.c.s.m.TeacherEducationMapper.selectByTeacherId - ==> Parameters: 1(Long)
2025-06-15 20:56:52.743 [http-nio-8082-exec-6] DEBUG h.c.s.m.TeacherEducationMapper.selectByTeacherId - <==      Total: 3
2025-06-15 20:56:53.315 [http-nio-8082-exec-3] INFO  hit.cs.sciencefms.util.JwtUtil - JWT验证成功
2025-06-15 20:56:53.342 [http-nio-8082-exec-3] DEBUG h.c.s.mapper.TeacherMapper.selectByUsername - ==>  Preparing: SELECT * FROM t_teacher WHERE username = ? AND is_deleted = 0
2025-06-15 20:56:53.342 [http-nio-8082-exec-3] DEBUG h.c.s.mapper.TeacherMapper.selectByUsername - ==> Parameters: teacher1(String)
2025-06-15 20:56:53.372 [http-nio-8082-exec-3] DEBUG h.c.s.mapper.TeacherMapper.selectByUsername - <==      Total: 1
2025-06-15 20:56:53.373 [http-nio-8082-exec-3] DEBUG h.c.s.m.TeacherEducationMapper.selectByTeacherId - ==>  Preparing: SELECT * FROM t_teacher_education WHERE teacher_id = ? AND is_deleted = 0 ORDER BY end_year DESC
2025-06-15 20:56:53.373 [http-nio-8082-exec-3] DEBUG h.c.s.m.TeacherEducationMapper.selectByTeacherId - ==> Parameters: 1(Long)
2025-06-15 20:56:53.400 [http-nio-8082-exec-3] DEBUG h.c.s.m.TeacherEducationMapper.selectByTeacherId - <==      Total: 3
2025-06-15 20:57:06.776 [http-nio-8082-exec-8] INFO  hit.cs.sciencefms.util.JwtUtil - JWT验证成功
2025-06-15 20:57:06.803 [http-nio-8082-exec-8] DEBUG hit.cs.sciencefms.mapper.TeacherMapper.selectById - ==>  Preparing: SELECT id,username,real_name,gender,birth_date,title,department,position,research_area,email,phone,office_location,avatar_url,create_time,update_time,is_deleted FROM t_teacher WHERE id=? AND is_deleted=0
2025-06-15 20:57:06.804 [http-nio-8082-exec-8] DEBUG hit.cs.sciencefms.mapper.TeacherMapper.selectById - ==> Parameters: 1(Long)
2025-06-15 20:57:06.831 [http-nio-8082-exec-8] DEBUG hit.cs.sciencefms.mapper.TeacherMapper.selectById - <==      Total: 1
2025-06-15 20:57:06.900 [http-nio-8082-exec-8] ERROR hit.cs.sciencefms.util.StaticResourceUtil - 文件删除过程中发生错误
org.springframework.web.client.HttpClientErrorException$NotFound: 404 Not Found: "{"success":false,"message":"文件不存在"}"
	at org.springframework.web.client.HttpClientErrorException.create(HttpClientErrorException.java:112)
	at org.springframework.web.client.DefaultResponseErrorHandler.handleError(DefaultResponseErrorHandler.java:183)
	at org.springframework.web.client.DefaultResponseErrorHandler.handleError(DefaultResponseErrorHandler.java:137)
	at org.springframework.web.client.ResponseErrorHandler.handleError(ResponseErrorHandler.java:63)
	at org.springframework.web.client.RestTemplate.handleResponse(RestTemplate.java:915)
	at org.springframework.web.client.RestTemplate.doExecute(RestTemplate.java:864)
	at org.springframework.web.client.RestTemplate.execute(RestTemplate.java:764)
	at org.springframework.web.client.RestTemplate.getForEntity(RestTemplate.java:405)
	at hit.cs.sciencefms.util.StaticResourceUtil.deleteFile(StaticResourceUtil.java:145)
	at hit.cs.sciencefms.service.impl.TeacherProfileServiceImpl.updateAvatarUrl(TeacherProfileServiceImpl.java:294)
	at java.base/jdk.internal.reflect.NativeMethodAccessorImpl.invoke0(Native Method)
	at java.base/jdk.internal.reflect.NativeMethodAccessorImpl.invoke(NativeMethodAccessorImpl.java:77)
	at java.base/jdk.internal.reflect.DelegatingMethodAccessorImpl.invoke(DelegatingMethodAccessorImpl.java:43)
	at java.base/java.lang.reflect.Method.invoke(Method.java:568)
	at org.springframework.aop.support.AopUtils.invokeJoinpointUsingReflection(AopUtils.java:343)
	at org.springframework.aop.framework.ReflectiveMethodInvocation.invokeJoinpoint(ReflectiveMethodInvocation.java:196)
	at org.springframework.aop.framework.ReflectiveMethodInvocation.proceed(ReflectiveMethodInvocation.java:163)
	at org.springframework.aop.framework.CglibAopProxy$CglibMethodInvocation.proceed(CglibAopProxy.java:752)
	at org.springframework.transaction.interceptor.TransactionInterceptor$1.proceedWithInvocation(TransactionInterceptor.java:123)
	at org.springframework.transaction.interceptor.TransactionAspectSupport.invokeWithinTransaction(TransactionAspectSupport.java:388)
	at org.springframework.transaction.interceptor.TransactionInterceptor.invoke(TransactionInterceptor.java:119)
	at org.springframework.aop.framework.ReflectiveMethodInvocation.proceed(ReflectiveMethodInvocation.java:184)
	at org.springframework.aop.framework.CglibAopProxy$CglibMethodInvocation.proceed(CglibAopProxy.java:752)
	at org.springframework.aop.framework.CglibAopProxy$DynamicAdvisedInterceptor.intercept(CglibAopProxy.java:703)
	at hit.cs.sciencefms.service.impl.TeacherProfileServiceImpl$$SpringCGLIB$$0.updateAvatarUrl(<generated>)
	at hit.cs.sciencefms.controller.TeacherProfileController.updateAvatarUrl(TeacherProfileController.java:180)
	at java.base/jdk.internal.reflect.NativeMethodAccessorImpl.invoke0(Native Method)
	at java.base/jdk.internal.reflect.NativeMethodAccessorImpl.invoke(NativeMethodAccessorImpl.java:77)
	at java.base/jdk.internal.reflect.DelegatingMethodAccessorImpl.invoke(DelegatingMethodAccessorImpl.java:43)
	at java.base/java.lang.reflect.Method.invoke(Method.java:568)
	at org.springframework.web.method.support.InvocableHandlerMethod.doInvoke(InvocableHandlerMethod.java:207)
	at org.springframework.web.method.support.InvocableHandlerMethod.invokeForRequest(InvocableHandlerMethod.java:152)
	at org.springframework.web.servlet.mvc.method.annotation.ServletInvocableHandlerMethod.invokeAndHandle(ServletInvocableHandlerMethod.java:117)
	at org.springframework.web.servlet.mvc.method.annotation.RequestMappingHandlerAdapter.invokeHandlerMethod(RequestMappingHandlerAdapter.java:884)
	at org.springframework.web.servlet.mvc.method.annotation.RequestMappingHandlerAdapter.handleInternal(RequestMappingHandlerAdapter.java:797)
	at org.springframework.web.servlet.mvc.method.AbstractHandlerMethodAdapter.handle(AbstractHandlerMethodAdapter.java:87)
	at org.springframework.web.servlet.DispatcherServlet.doDispatch(DispatcherServlet.java:1080)
	at org.springframework.web.servlet.DispatcherServlet.doService(DispatcherServlet.java:973)
	at org.springframework.web.servlet.FrameworkServlet.processRequest(FrameworkServlet.java:1011)
	at org.springframework.web.servlet.FrameworkServlet.doPost(FrameworkServlet.java:914)
	at jakarta.servlet.http.HttpServlet.service(HttpServlet.java:731)
	at org.springframework.web.servlet.FrameworkServlet.service(FrameworkServlet.java:885)
	at jakarta.servlet.http.HttpServlet.service(HttpServlet.java:814)
	at org.apache.catalina.core.ApplicationFilterChain.internalDoFilter(ApplicationFilterChain.java:223)
	at org.apache.catalina.core.ApplicationFilterChain.doFilter(ApplicationFilterChain.java:158)
	at org.apache.tomcat.websocket.server.WsFilter.doFilter(WsFilter.java:53)
	at org.apache.catalina.core.ApplicationFilterChain.internalDoFilter(ApplicationFilterChain.java:185)
	at org.apache.catalina.core.ApplicationFilterChain.doFilter(ApplicationFilterChain.java:158)
	at org.springframework.web.filter.RequestContextFilter.doFilterInternal(RequestContextFilter.java:100)
	at org.springframework.web.filter.OncePerRequestFilter.doFilter(OncePerRequestFilter.java:116)
	at org.apache.catalina.core.ApplicationFilterChain.internalDoFilter(ApplicationFilterChain.java:185)
	at org.apache.catalina.core.ApplicationFilterChain.doFilter(ApplicationFilterChain.java:158)
	at org.springframework.web.filter.FormContentFilter.doFilterInternal(FormContentFilter.java:93)
	at org.springframework.web.filter.OncePerRequestFilter.doFilter(OncePerRequestFilter.java:116)
	at org.apache.catalina.core.ApplicationFilterChain.internalDoFilter(ApplicationFilterChain.java:185)
	at org.apache.catalina.core.ApplicationFilterChain.doFilter(ApplicationFilterChain.java:158)
	at hit.cs.sciencefms.config.JwtFilter.doFilterInternal(JwtFilter.java:91)
	at org.springframework.web.filter.OncePerRequestFilter.doFilter(OncePerRequestFilter.java:116)
	at org.apache.catalina.core.ApplicationFilterChain.internalDoFilter(ApplicationFilterChain.java:185)
	at org.apache.catalina.core.ApplicationFilterChain.doFilter(ApplicationFilterChain.java:158)
	at org.springframework.web.filter.CharacterEncodingFilter.doFilterInternal(CharacterEncodingFilter.java:201)
	at org.springframework.web.filter.OncePerRequestFilter.doFilter(OncePerRequestFilter.java:116)
	at org.apache.catalina.core.ApplicationFilterChain.internalDoFilter(ApplicationFilterChain.java:185)
	at org.apache.catalina.core.ApplicationFilterChain.doFilter(ApplicationFilterChain.java:158)
	at hit.cs.sciencefms.config.CorsFilter.doFilter(CorsFilter.java:44)
	at org.apache.catalina.core.ApplicationFilterChain.internalDoFilter(ApplicationFilterChain.java:185)
	at org.apache.catalina.core.ApplicationFilterChain.doFilter(ApplicationFilterChain.java:158)
	at org.apache.catalina.core.StandardWrapperValve.invoke(StandardWrapperValve.java:177)
	at org.apache.catalina.core.StandardContextValve.invoke(StandardContextValve.java:97)
	at org.apache.catalina.authenticator.AuthenticatorBase.invoke(AuthenticatorBase.java:542)
	at org.apache.catalina.core.StandardHostValve.invoke(StandardHostValve.java:119)
	at org.apache.catalina.valves.ErrorReportValve.invoke(ErrorReportValve.java:92)
	at org.apache.catalina.core.StandardEngineValve.invoke(StandardEngineValve.java:78)
	at org.apache.catalina.connector.CoyoteAdapter.service(CoyoteAdapter.java:357)
	at org.apache.coyote.http11.Http11Processor.service(Http11Processor.java:400)
	at org.apache.coyote.AbstractProcessorLight.process(AbstractProcessorLight.java:65)
	at org.apache.coyote.AbstractProtocol$ConnectionHandler.process(AbstractProtocol.java:859)
	at org.apache.tomcat.util.net.NioEndpoint$SocketProcessor.doRun(NioEndpoint.java:1734)
	at org.apache.tomcat.util.net.SocketProcessorBase.run(SocketProcessorBase.java:52)
	at org.apache.tomcat.util.threads.ThreadPoolExecutor.runWorker(ThreadPoolExecutor.java:1191)
	at org.apache.tomcat.util.threads.ThreadPoolExecutor$Worker.run(ThreadPoolExecutor.java:659)
	at org.apache.tomcat.util.threads.TaskThread$WrappingRunnable.run(TaskThread.java:61)
	at java.base/java.lang.Thread.run(Thread.java:842)
2025-06-15 20:57:06.904 [http-nio-8082-exec-8] WARN  h.c.s.service.impl.TeacherProfileServiceImpl - 旧头像删除失败: http://120.46.48.74:9000/avatar_20250615205612_8466c7b7.jpg
2025-06-15 20:57:06.905 [http-nio-8082-exec-8] DEBUG hit.cs.sciencefms.mapper.TeacherMapper.updateById - ==>  Preparing: UPDATE t_teacher SET username=?, real_name=?, gender=?, birth_date=?, title=?, department=?, position=?, research_area=?, email=?, phone=?, office_location=?, avatar_url=?, create_time=?, update_time=? WHERE id=? AND is_deleted=0
2025-06-15 20:57:06.906 [http-nio-8082-exec-8] DEBUG hit.cs.sciencefms.mapper.TeacherMapper.updateById - ==> Parameters: teacher1(String), 张小hui(String), 男(String), 1976-01-15(LocalDate), 教授(String), 计算机科学与技术学院(String), 教授(String), 人工智能、大数据分析(String), zhang@example.wwwwww(String), 22222222(String), 科研楼A座301室(String), http://120.46.48.74:9000/avatar_20250615205706_ef1d2956.jpeg(String), 2025-05-26T13:52:55.852980(LocalDateTime), 2025-06-15T20:57:06.904250400(LocalDateTime), 1(Long)
2025-06-15 20:57:06.934 [http-nio-8082-exec-8] DEBUG hit.cs.sciencefms.mapper.TeacherMapper.updateById - <==    Updates: 1
2025-06-15 20:57:06.935 [http-nio-8082-exec-8] INFO  h.c.s.service.impl.TeacherProfileServiceImpl - 教师头像URL已更新: teacherId=1, url=http://120.46.48.74:9000/avatar_20250615205706_ef1d2956.jpeg
2025-06-15 20:58:11.927 [http-nio-8082-exec-10] INFO  hit.cs.sciencefms.util.JwtUtil - JWT验证成功
2025-06-15 20:58:11.972 [http-nio-8082-exec-10] DEBUG h.c.s.mapper.TeacherMapper.selectByUsername - ==>  Preparing: SELECT * FROM t_teacher WHERE username = ? AND is_deleted = 0
2025-06-15 20:58:11.972 [http-nio-8082-exec-10] DEBUG h.c.s.mapper.TeacherMapper.selectByUsername - ==> Parameters: teacher1(String)
2025-06-15 20:58:12.007 [http-nio-8082-exec-10] DEBUG h.c.s.mapper.TeacherMapper.selectByUsername - <==      Total: 1
2025-06-15 20:58:12.009 [http-nio-8082-exec-10] DEBUG h.c.s.m.TeacherEducationMapper.selectByTeacherId - ==>  Preparing: SELECT * FROM t_teacher_education WHERE teacher_id = ? AND is_deleted = 0 ORDER BY end_year DESC
2025-06-15 20:58:12.009 [http-nio-8082-exec-10] DEBUG h.c.s.m.TeacherEducationMapper.selectByTeacherId - ==> Parameters: 1(Long)
2025-06-15 20:58:12.042 [http-nio-8082-exec-10] DEBUG h.c.s.m.TeacherEducationMapper.selectByTeacherId - <==      Total: 3
2025-06-15 20:58:15.334 [http-nio-8082-exec-1] INFO  hit.cs.sciencefms.util.JwtUtil - JWT验证成功
2025-06-15 20:58:15.377 [http-nio-8082-exec-1] DEBUG h.c.s.mapper.TeacherMapper.selectByUsername - ==>  Preparing: SELECT * FROM t_teacher WHERE username = ? AND is_deleted = 0
2025-06-15 20:58:15.377 [http-nio-8082-exec-1] DEBUG h.c.s.mapper.TeacherMapper.selectByUsername - ==> Parameters: teacher1(String)
2025-06-15 20:58:15.409 [http-nio-8082-exec-1] DEBUG h.c.s.mapper.TeacherMapper.selectByUsername - <==      Total: 1
2025-06-15 20:58:15.409 [http-nio-8082-exec-1] DEBUG h.c.s.m.TeacherEducationMapper.selectByTeacherId - ==>  Preparing: SELECT * FROM t_teacher_education WHERE teacher_id = ? AND is_deleted = 0 ORDER BY end_year DESC
2025-06-15 20:58:15.409 [http-nio-8082-exec-1] DEBUG h.c.s.m.TeacherEducationMapper.selectByTeacherId - ==> Parameters: 1(Long)
2025-06-15 20:58:15.442 [http-nio-8082-exec-1] DEBUG h.c.s.m.TeacherEducationMapper.selectByTeacherId - <==      Total: 3
2025-06-15 20:58:25.050 [http-nio-8082-exec-2] INFO  hit.cs.sciencefms.util.JwtUtil - JWT验证成功
2025-06-15 20:58:25.086 [http-nio-8082-exec-2] DEBUG hit.cs.sciencefms.mapper.TeacherMapper.selectById - ==>  Preparing: SELECT id,username,real_name,gender,birth_date,title,department,position,research_area,email,phone,office_location,avatar_url,create_time,update_time,is_deleted FROM t_teacher WHERE id=? AND is_deleted=0
2025-06-15 20:58:25.086 [http-nio-8082-exec-2] DEBUG hit.cs.sciencefms.mapper.TeacherMapper.selectById - ==> Parameters: 1(Long)
2025-06-15 20:58:25.117 [http-nio-8082-exec-2] DEBUG hit.cs.sciencefms.mapper.TeacherMapper.selectById - <==      Total: 1
2025-06-15 20:58:25.181 [http-nio-8082-exec-2] INFO  hit.cs.sciencefms.util.StaticResourceUtil - 文件删除成功: avatar_20250615205706_ef1d2956.jpeg
2025-06-15 20:58:25.181 [http-nio-8082-exec-2] INFO  h.c.s.service.impl.TeacherProfileServiceImpl - 旧头像已删除: http://120.46.48.74:9000/avatar_20250615205706_ef1d2956.jpeg
2025-06-15 20:58:25.182 [http-nio-8082-exec-2] DEBUG hit.cs.sciencefms.mapper.TeacherMapper.updateById - ==>  Preparing: UPDATE t_teacher SET username=?, real_name=?, gender=?, birth_date=?, title=?, department=?, position=?, research_area=?, email=?, phone=?, office_location=?, avatar_url=?, create_time=?, update_time=? WHERE id=? AND is_deleted=0
2025-06-15 20:58:25.184 [http-nio-8082-exec-2] DEBUG hit.cs.sciencefms.mapper.TeacherMapper.updateById - ==> Parameters: teacher1(String), 张小hui(String), 男(String), 1976-01-15(LocalDate), 教授(String), 计算机科学与技术学院(String), 教授(String), 人工智能、大数据分析(String), zhang@example.wwwwww(String), 22222222(String), 科研楼A座301室(String), http://120.46.48.74:9000/avatar_20250615205824_378ccdf3.jpg(String), 2025-05-26T13:52:55.852980(LocalDateTime), 2025-06-15T20:58:25.181727700(LocalDateTime), 1(Long)
2025-06-15 20:58:25.210 [http-nio-8082-exec-2] DEBUG hit.cs.sciencefms.mapper.TeacherMapper.updateById - <==    Updates: 1
2025-06-15 20:58:25.211 [http-nio-8082-exec-2] INFO  h.c.s.service.impl.TeacherProfileServiceImpl - 教师头像URL已更新: teacherId=1, url=http://120.46.48.74:9000/avatar_20250615205824_378ccdf3.jpg
2025-06-15 20:58:41.156 [http-nio-8082-exec-7] INFO  hit.cs.sciencefms.util.JwtUtil - JWT验证成功
2025-06-15 20:58:41.194 [http-nio-8082-exec-7] DEBUG hit.cs.sciencefms.mapper.TeacherMapper.selectById - ==>  Preparing: SELECT id,username,real_name,gender,birth_date,title,department,position,research_area,email,phone,office_location,avatar_url,create_time,update_time,is_deleted FROM t_teacher WHERE id=? AND is_deleted=0
2025-06-15 20:58:41.195 [http-nio-8082-exec-7] DEBUG hit.cs.sciencefms.mapper.TeacherMapper.selectById - ==> Parameters: 1(Long)
2025-06-15 20:58:41.223 [http-nio-8082-exec-7] DEBUG hit.cs.sciencefms.mapper.TeacherMapper.selectById - <==      Total: 1
2025-06-15 20:58:41.227 [http-nio-8082-exec-7] DEBUG hit.cs.sciencefms.mapper.TeacherMapper.updateById - ==>  Preparing: UPDATE t_teacher SET username=?, real_name=?, gender=?, birth_date=?, title=?, department=?, position=?, research_area=?, email=?, phone=?, office_location=?, avatar_url=?, create_time=?, update_time=? WHERE id=? AND is_deleted=0
2025-06-15 20:58:41.229 [http-nio-8082-exec-7] DEBUG hit.cs.sciencefms.mapper.TeacherMapper.updateById - ==> Parameters: teacher1(String), 张小hui(String), 男(String), 1976-01-15(LocalDate), 教授(String), 计算机科学与技术学院(String), 教授(String), 人工智能、大数据分析(String), zhang@example.wwwwww(String), 22222222(String), 科研楼A座301室(String), http://120.46.48.74:9000/avatar_20250615205706_ef1d2956.jpeg(String), 2025-05-26T13:52:55.852980(LocalDateTime), 2025-06-15T20:58:41.223790100(LocalDateTime), 1(Long)
2025-06-15 20:58:41.257 [http-nio-8082-exec-7] DEBUG hit.cs.sciencefms.mapper.TeacherMapper.updateById - <==    Updates: 1
2025-06-15 20:58:41.257 [http-nio-8082-exec-7] DEBUG hit.cs.sciencefms.mapper.UserMapper.selectById - ==>  Preparing: SELECT id,username,password,role,real_name,email,phone,status,login_fail_count,create_time,update_time FROM t_user WHERE id=?
2025-06-15 20:58:41.257 [http-nio-8082-exec-7] DEBUG hit.cs.sciencefms.mapper.UserMapper.selectById - ==> Parameters: 1(Long)
2025-06-15 20:58:41.285 [http-nio-8082-exec-7] DEBUG hit.cs.sciencefms.mapper.UserMapper.selectById - <==      Total: 1
2025-06-15 20:58:41.286 [http-nio-8082-exec-7] DEBUG hit.cs.sciencefms.mapper.UserMapper.updateById - ==>  Preparing: UPDATE t_user SET username=?, password=?, role=?, real_name=?, email=?, phone=?, status=?, login_fail_count=?, create_time=?, update_time=? WHERE id=?
2025-06-15 20:58:41.287 [http-nio-8082-exec-7] DEBUG hit.cs.sciencefms.mapper.UserMapper.updateById - ==> Parameters: admin1(String), 123456(String), admin(String), 张小hui(String), zhang@example.wwwwww(String), 22222222(String), 0(Integer), 0(Integer), 2025-05-26T13:52:55.852980(LocalDateTime), 2025-06-15T20:58:41.285798900(LocalDateTime), 1(Long)
2025-06-15 20:58:41.320 [http-nio-8082-exec-7] DEBUG hit.cs.sciencefms.mapper.UserMapper.updateById - <==    Updates: 1
2025-06-15 20:58:41.321 [http-nio-8082-exec-7] DEBUG h.c.s.m.TeacherEducationMapper.selectByTeacherId - ==>  Preparing: SELECT * FROM t_teacher_education WHERE teacher_id = ? AND is_deleted = 0 ORDER BY end_year DESC
2025-06-15 20:58:41.321 [http-nio-8082-exec-7] DEBUG h.c.s.m.TeacherEducationMapper.selectByTeacherId - ==> Parameters: 1(Long)
2025-06-15 20:58:41.349 [http-nio-8082-exec-7] DEBUG h.c.s.m.TeacherEducationMapper.selectByTeacherId - <==      Total: 3
2025-06-15 21:00:44.668 [http-nio-8082-exec-5] INFO  hit.cs.sciencefms.util.JwtUtil - JWT验证成功
2025-06-15 21:00:44.703 [http-nio-8082-exec-5] DEBUG h.c.s.mapper.TeacherMapper.selectByUsername - ==>  Preparing: SELECT * FROM t_teacher WHERE username = ? AND is_deleted = 0
2025-06-15 21:00:44.703 [http-nio-8082-exec-5] DEBUG h.c.s.mapper.TeacherMapper.selectByUsername - ==> Parameters: teacher1(String)
2025-06-15 21:00:44.732 [http-nio-8082-exec-5] DEBUG h.c.s.mapper.TeacherMapper.selectByUsername - <==      Total: 1
2025-06-15 21:00:44.733 [http-nio-8082-exec-5] DEBUG h.c.s.m.TeacherEducationMapper.selectByTeacherId - ==>  Preparing: SELECT * FROM t_teacher_education WHERE teacher_id = ? AND is_deleted = 0 ORDER BY end_year DESC
2025-06-15 21:00:44.733 [http-nio-8082-exec-5] DEBUG h.c.s.m.TeacherEducationMapper.selectByTeacherId - ==> Parameters: 1(Long)
2025-06-15 21:00:44.769 [http-nio-8082-exec-5] DEBUG h.c.s.m.TeacherEducationMapper.selectByTeacherId - <==      Total: 3
2025-06-15 21:00:48.441 [http-nio-8082-exec-6] INFO  hit.cs.sciencefms.util.JwtUtil - JWT验证成功
2025-06-15 21:00:48.487 [http-nio-8082-exec-6] DEBUG h.c.s.mapper.TeacherMapper.selectByUsername - ==>  Preparing: SELECT * FROM t_teacher WHERE username = ? AND is_deleted = 0
2025-06-15 21:00:48.488 [http-nio-8082-exec-6] DEBUG h.c.s.mapper.TeacherMapper.selectByUsername - ==> Parameters: teacher1(String)
2025-06-15 21:00:48.518 [http-nio-8082-exec-6] DEBUG h.c.s.mapper.TeacherMapper.selectByUsername - <==      Total: 1
2025-06-15 21:00:48.519 [http-nio-8082-exec-6] DEBUG h.c.s.m.TeacherEducationMapper.selectByTeacherId - ==>  Preparing: SELECT * FROM t_teacher_education WHERE teacher_id = ? AND is_deleted = 0 ORDER BY end_year DESC
2025-06-15 21:00:48.519 [http-nio-8082-exec-6] DEBUG h.c.s.m.TeacherEducationMapper.selectByTeacherId - ==> Parameters: 1(Long)
2025-06-15 21:00:48.554 [http-nio-8082-exec-6] DEBUG h.c.s.m.TeacherEducationMapper.selectByTeacherId - <==      Total: 3
2025-06-15 21:00:55.814 [http-nio-8082-exec-3] INFO  hit.cs.sciencefms.util.JwtUtil - JWT验证成功
2025-06-15 21:00:55.849 [http-nio-8082-exec-3] DEBUG hit.cs.sciencefms.mapper.TeacherMapper.selectById - ==>  Preparing: SELECT id,username,real_name,gender,birth_date,title,department,position,research_area,email,phone,office_location,avatar_url,create_time,update_time,is_deleted FROM t_teacher WHERE id=? AND is_deleted=0
2025-06-15 21:00:55.849 [http-nio-8082-exec-3] DEBUG hit.cs.sciencefms.mapper.TeacherMapper.selectById - ==> Parameters: 1(Long)
2025-06-15 21:00:55.885 [http-nio-8082-exec-3] DEBUG hit.cs.sciencefms.mapper.TeacherMapper.selectById - <==      Total: 1
2025-06-15 21:00:55.959 [http-nio-8082-exec-3] ERROR hit.cs.sciencefms.util.StaticResourceUtil - 文件删除过程中发生错误
org.springframework.web.client.HttpClientErrorException$NotFound: 404 Not Found: "{"success":false,"message":"文件不存在"}"
	at org.springframework.web.client.HttpClientErrorException.create(HttpClientErrorException.java:112)
	at org.springframework.web.client.DefaultResponseErrorHandler.handleError(DefaultResponseErrorHandler.java:183)
	at org.springframework.web.client.DefaultResponseErrorHandler.handleError(DefaultResponseErrorHandler.java:137)
	at org.springframework.web.client.ResponseErrorHandler.handleError(ResponseErrorHandler.java:63)
	at org.springframework.web.client.RestTemplate.handleResponse(RestTemplate.java:915)
	at org.springframework.web.client.RestTemplate.doExecute(RestTemplate.java:864)
	at org.springframework.web.client.RestTemplate.execute(RestTemplate.java:764)
	at org.springframework.web.client.RestTemplate.getForEntity(RestTemplate.java:405)
	at hit.cs.sciencefms.util.StaticResourceUtil.deleteFile(StaticResourceUtil.java:145)
	at hit.cs.sciencefms.service.impl.TeacherProfileServiceImpl.updateAvatarUrl(TeacherProfileServiceImpl.java:294)
	at java.base/jdk.internal.reflect.NativeMethodAccessorImpl.invoke0(Native Method)
	at java.base/jdk.internal.reflect.NativeMethodAccessorImpl.invoke(NativeMethodAccessorImpl.java:77)
	at java.base/jdk.internal.reflect.DelegatingMethodAccessorImpl.invoke(DelegatingMethodAccessorImpl.java:43)
	at java.base/java.lang.reflect.Method.invoke(Method.java:568)
	at org.springframework.aop.support.AopUtils.invokeJoinpointUsingReflection(AopUtils.java:343)
	at org.springframework.aop.framework.ReflectiveMethodInvocation.invokeJoinpoint(ReflectiveMethodInvocation.java:196)
	at org.springframework.aop.framework.ReflectiveMethodInvocation.proceed(ReflectiveMethodInvocation.java:163)
	at org.springframework.aop.framework.CglibAopProxy$CglibMethodInvocation.proceed(CglibAopProxy.java:752)
	at org.springframework.transaction.interceptor.TransactionInterceptor$1.proceedWithInvocation(TransactionInterceptor.java:123)
	at org.springframework.transaction.interceptor.TransactionAspectSupport.invokeWithinTransaction(TransactionAspectSupport.java:388)
	at org.springframework.transaction.interceptor.TransactionInterceptor.invoke(TransactionInterceptor.java:119)
	at org.springframework.aop.framework.ReflectiveMethodInvocation.proceed(ReflectiveMethodInvocation.java:184)
	at org.springframework.aop.framework.CglibAopProxy$CglibMethodInvocation.proceed(CglibAopProxy.java:752)
	at org.springframework.aop.framework.CglibAopProxy$DynamicAdvisedInterceptor.intercept(CglibAopProxy.java:703)
	at hit.cs.sciencefms.service.impl.TeacherProfileServiceImpl$$SpringCGLIB$$0.updateAvatarUrl(<generated>)
	at hit.cs.sciencefms.controller.TeacherProfileController.updateAvatarUrl(TeacherProfileController.java:180)
	at java.base/jdk.internal.reflect.NativeMethodAccessorImpl.invoke0(Native Method)
	at java.base/jdk.internal.reflect.NativeMethodAccessorImpl.invoke(NativeMethodAccessorImpl.java:77)
	at java.base/jdk.internal.reflect.DelegatingMethodAccessorImpl.invoke(DelegatingMethodAccessorImpl.java:43)
	at java.base/java.lang.reflect.Method.invoke(Method.java:568)
	at org.springframework.web.method.support.InvocableHandlerMethod.doInvoke(InvocableHandlerMethod.java:207)
	at org.springframework.web.method.support.InvocableHandlerMethod.invokeForRequest(InvocableHandlerMethod.java:152)
	at org.springframework.web.servlet.mvc.method.annotation.ServletInvocableHandlerMethod.invokeAndHandle(ServletInvocableHandlerMethod.java:117)
	at org.springframework.web.servlet.mvc.method.annotation.RequestMappingHandlerAdapter.invokeHandlerMethod(RequestMappingHandlerAdapter.java:884)
	at org.springframework.web.servlet.mvc.method.annotation.RequestMappingHandlerAdapter.handleInternal(RequestMappingHandlerAdapter.java:797)
	at org.springframework.web.servlet.mvc.method.AbstractHandlerMethodAdapter.handle(AbstractHandlerMethodAdapter.java:87)
	at org.springframework.web.servlet.DispatcherServlet.doDispatch(DispatcherServlet.java:1080)
	at org.springframework.web.servlet.DispatcherServlet.doService(DispatcherServlet.java:973)
	at org.springframework.web.servlet.FrameworkServlet.processRequest(FrameworkServlet.java:1011)
	at org.springframework.web.servlet.FrameworkServlet.doPost(FrameworkServlet.java:914)
	at jakarta.servlet.http.HttpServlet.service(HttpServlet.java:731)
	at org.springframework.web.servlet.FrameworkServlet.service(FrameworkServlet.java:885)
	at jakarta.servlet.http.HttpServlet.service(HttpServlet.java:814)
	at org.apache.catalina.core.ApplicationFilterChain.internalDoFilter(ApplicationFilterChain.java:223)
	at org.apache.catalina.core.ApplicationFilterChain.doFilter(ApplicationFilterChain.java:158)
	at org.apache.tomcat.websocket.server.WsFilter.doFilter(WsFilter.java:53)
	at org.apache.catalina.core.ApplicationFilterChain.internalDoFilter(ApplicationFilterChain.java:185)
	at org.apache.catalina.core.ApplicationFilterChain.doFilter(ApplicationFilterChain.java:158)
	at org.springframework.web.filter.RequestContextFilter.doFilterInternal(RequestContextFilter.java:100)
	at org.springframework.web.filter.OncePerRequestFilter.doFilter(OncePerRequestFilter.java:116)
	at org.apache.catalina.core.ApplicationFilterChain.internalDoFilter(ApplicationFilterChain.java:185)
	at org.apache.catalina.core.ApplicationFilterChain.doFilter(ApplicationFilterChain.java:158)
	at org.springframework.web.filter.FormContentFilter.doFilterInternal(FormContentFilter.java:93)
	at org.springframework.web.filter.OncePerRequestFilter.doFilter(OncePerRequestFilter.java:116)
	at org.apache.catalina.core.ApplicationFilterChain.internalDoFilter(ApplicationFilterChain.java:185)
	at org.apache.catalina.core.ApplicationFilterChain.doFilter(ApplicationFilterChain.java:158)
	at hit.cs.sciencefms.config.JwtFilter.doFilterInternal(JwtFilter.java:91)
	at org.springframework.web.filter.OncePerRequestFilter.doFilter(OncePerRequestFilter.java:116)
	at org.apache.catalina.core.ApplicationFilterChain.internalDoFilter(ApplicationFilterChain.java:185)
	at org.apache.catalina.core.ApplicationFilterChain.doFilter(ApplicationFilterChain.java:158)
	at org.springframework.web.filter.CharacterEncodingFilter.doFilterInternal(CharacterEncodingFilter.java:201)
	at org.springframework.web.filter.OncePerRequestFilter.doFilter(OncePerRequestFilter.java:116)
	at org.apache.catalina.core.ApplicationFilterChain.internalDoFilter(ApplicationFilterChain.java:185)
	at org.apache.catalina.core.ApplicationFilterChain.doFilter(ApplicationFilterChain.java:158)
	at hit.cs.sciencefms.config.CorsFilter.doFilter(CorsFilter.java:44)
	at org.apache.catalina.core.ApplicationFilterChain.internalDoFilter(ApplicationFilterChain.java:185)
	at org.apache.catalina.core.ApplicationFilterChain.doFilter(ApplicationFilterChain.java:158)
	at org.apache.catalina.core.StandardWrapperValve.invoke(StandardWrapperValve.java:177)
	at org.apache.catalina.core.StandardContextValve.invoke(StandardContextValve.java:97)
	at org.apache.catalina.authenticator.AuthenticatorBase.invoke(AuthenticatorBase.java:542)
	at org.apache.catalina.core.StandardHostValve.invoke(StandardHostValve.java:119)
	at org.apache.catalina.valves.ErrorReportValve.invoke(ErrorReportValve.java:92)
	at org.apache.catalina.core.StandardEngineValve.invoke(StandardEngineValve.java:78)
	at org.apache.catalina.connector.CoyoteAdapter.service(CoyoteAdapter.java:357)
	at org.apache.coyote.http11.Http11Processor.service(Http11Processor.java:400)
	at org.apache.coyote.AbstractProcessorLight.process(AbstractProcessorLight.java:65)
	at org.apache.coyote.AbstractProtocol$ConnectionHandler.process(AbstractProtocol.java:859)
	at org.apache.tomcat.util.net.NioEndpoint$SocketProcessor.doRun(NioEndpoint.java:1734)
	at org.apache.tomcat.util.net.SocketProcessorBase.run(SocketProcessorBase.java:52)
	at org.apache.tomcat.util.threads.ThreadPoolExecutor.runWorker(ThreadPoolExecutor.java:1191)
	at org.apache.tomcat.util.threads.ThreadPoolExecutor$Worker.run(ThreadPoolExecutor.java:659)
	at org.apache.tomcat.util.threads.TaskThread$WrappingRunnable.run(TaskThread.java:61)
	at java.base/java.lang.Thread.run(Thread.java:842)
2025-06-15 21:00:55.964 [http-nio-8082-exec-3] WARN  h.c.s.service.impl.TeacherProfileServiceImpl - 旧头像删除失败: http://120.46.48.74:9000/avatar_20250615205706_ef1d2956.jpeg
2025-06-15 21:00:55.965 [http-nio-8082-exec-3] DEBUG hit.cs.sciencefms.mapper.TeacherMapper.updateById - ==>  Preparing: UPDATE t_teacher SET username=?, real_name=?, gender=?, birth_date=?, title=?, department=?, position=?, research_area=?, email=?, phone=?, office_location=?, avatar_url=?, create_time=?, update_time=? WHERE id=? AND is_deleted=0
2025-06-15 21:00:55.966 [http-nio-8082-exec-3] DEBUG hit.cs.sciencefms.mapper.TeacherMapper.updateById - ==> Parameters: teacher1(String), 张小hui(String), 男(String), 1976-01-15(LocalDate), 教授(String), 计算机科学与技术学院(String), 教授(String), 人工智能、大数据分析(String), zhang@example.wwwwww(String), 22222222(String), 科研楼A座301室(String), http://120.46.48.74:9000/avatar_20250615210055_af901db0.jpg(String), 2025-05-26T13:52:55.852980(LocalDateTime), 2025-06-15T21:00:55.964848100(LocalDateTime), 1(Long)
2025-06-15 21:00:56.006 [http-nio-8082-exec-3] DEBUG hit.cs.sciencefms.mapper.TeacherMapper.updateById - <==    Updates: 1
2025-06-15 21:00:56.006 [http-nio-8082-exec-3] INFO  h.c.s.service.impl.TeacherProfileServiceImpl - 教师头像URL已更新: teacherId=1, url=http://120.46.48.74:9000/avatar_20250615210055_af901db0.jpg
2025-06-15 21:00:56.773 [http-nio-8082-exec-8] INFO  hit.cs.sciencefms.util.JwtUtil - JWT验证成功
2025-06-15 21:00:56.811 [http-nio-8082-exec-8] DEBUG hit.cs.sciencefms.mapper.TeacherMapper.selectById - ==>  Preparing: SELECT id,username,real_name,gender,birth_date,title,department,position,research_area,email,phone,office_location,avatar_url,create_time,update_time,is_deleted FROM t_teacher WHERE id=? AND is_deleted=0
2025-06-15 21:00:56.812 [http-nio-8082-exec-8] DEBUG hit.cs.sciencefms.mapper.TeacherMapper.selectById - ==> Parameters: 1(Long)
2025-06-15 21:00:56.851 [http-nio-8082-exec-8] DEBUG hit.cs.sciencefms.mapper.TeacherMapper.selectById - <==      Total: 1
2025-06-15 21:00:56.853 [http-nio-8082-exec-8] DEBUG hit.cs.sciencefms.mapper.TeacherMapper.updateById - ==>  Preparing: UPDATE t_teacher SET username=?, real_name=?, gender=?, birth_date=?, title=?, department=?, position=?, research_area=?, email=?, phone=?, office_location=?, avatar_url=?, create_time=?, update_time=? WHERE id=? AND is_deleted=0
2025-06-15 21:00:56.864 [http-nio-8082-exec-8] DEBUG hit.cs.sciencefms.mapper.TeacherMapper.updateById - ==> Parameters: teacher1(String), 张小hui(String), 男(String), 1976-01-15(LocalDate), 教授(String), 计算机科学与技术学院(String), 教授(String), 人工智能、大数据分析(String), zhang@example.wwwwww(String), 22222222(String), 科研楼A座301室(String), http://120.46.48.74:9000/avatar_20250615205706_ef1d2956.jpeg(String), 2025-05-26T13:52:55.852980(LocalDateTime), 2025-06-15T21:00:56.852092600(LocalDateTime), 1(Long)
2025-06-15 21:00:56.899 [http-nio-8082-exec-8] DEBUG hit.cs.sciencefms.mapper.TeacherMapper.updateById - <==    Updates: 1
2025-06-15 21:00:56.900 [http-nio-8082-exec-8] DEBUG hit.cs.sciencefms.mapper.UserMapper.selectById - ==>  Preparing: SELECT id,username,password,role,real_name,email,phone,status,login_fail_count,create_time,update_time FROM t_user WHERE id=?
2025-06-15 21:00:56.900 [http-nio-8082-exec-8] DEBUG hit.cs.sciencefms.mapper.UserMapper.selectById - ==> Parameters: 1(Long)
2025-06-15 21:00:56.935 [http-nio-8082-exec-8] DEBUG hit.cs.sciencefms.mapper.UserMapper.selectById - <==      Total: 1
2025-06-15 21:00:56.935 [http-nio-8082-exec-8] DEBUG hit.cs.sciencefms.mapper.UserMapper.updateById - ==>  Preparing: UPDATE t_user SET username=?, password=?, role=?, real_name=?, email=?, phone=?, status=?, login_fail_count=?, create_time=?, update_time=? WHERE id=?
2025-06-15 21:00:56.935 [http-nio-8082-exec-8] DEBUG hit.cs.sciencefms.mapper.UserMapper.updateById - ==> Parameters: admin1(String), 123456(String), admin(String), 张小hui(String), zhang@example.wwwwww(String), 22222222(String), 0(Integer), 0(Integer), 2025-05-26T13:52:55.852980(LocalDateTime), 2025-06-15T21:00:56.935901(LocalDateTime), 1(Long)
2025-06-15 21:00:56.977 [http-nio-8082-exec-8] DEBUG hit.cs.sciencefms.mapper.UserMapper.updateById - <==    Updates: 1
2025-06-15 21:00:56.977 [http-nio-8082-exec-8] DEBUG h.c.s.m.TeacherEducationMapper.selectByTeacherId - ==>  Preparing: SELECT * FROM t_teacher_education WHERE teacher_id = ? AND is_deleted = 0 ORDER BY end_year DESC
2025-06-15 21:00:56.977 [http-nio-8082-exec-8] DEBUG h.c.s.m.TeacherEducationMapper.selectByTeacherId - ==> Parameters: 1(Long)
2025-06-15 21:00:57.015 [http-nio-8082-exec-8] DEBUG h.c.s.m.TeacherEducationMapper.selectByTeacherId - <==      Total: 3
2025-06-15 21:01:52.033 [http-nio-8082-exec-9] INFO  hit.cs.sciencefms.util.JwtUtil - JWT验证成功
2025-06-15 21:01:52.062 [http-nio-8082-exec-9] DEBUG h.c.s.mapper.TeacherMapper.selectByUsername - ==>  Preparing: SELECT * FROM t_teacher WHERE username = ? AND is_deleted = 0
2025-06-15 21:01:52.062 [http-nio-8082-exec-9] DEBUG h.c.s.mapper.TeacherMapper.selectByUsername - ==> Parameters: teacher1(String)
2025-06-15 21:01:52.089 [http-nio-8082-exec-9] DEBUG h.c.s.mapper.TeacherMapper.selectByUsername - <==      Total: 1
2025-06-15 21:01:52.090 [http-nio-8082-exec-9] DEBUG h.c.s.m.TeacherEducationMapper.selectByTeacherId - ==>  Preparing: SELECT * FROM t_teacher_education WHERE teacher_id = ? AND is_deleted = 0 ORDER BY end_year DESC
2025-06-15 21:01:52.090 [http-nio-8082-exec-9] DEBUG h.c.s.m.TeacherEducationMapper.selectByTeacherId - ==> Parameters: 1(Long)
2025-06-15 21:01:52.118 [http-nio-8082-exec-9] DEBUG h.c.s.m.TeacherEducationMapper.selectByTeacherId - <==      Total: 3
2025-06-15 21:02:03.179 [http-nio-8082-exec-10] INFO  hit.cs.sciencefms.util.JwtUtil - JWT验证成功
2025-06-15 21:02:03.207 [http-nio-8082-exec-10] DEBUG h.c.s.mapper.TeacherMapper.selectByUsername - ==>  Preparing: SELECT * FROM t_teacher WHERE username = ? AND is_deleted = 0
2025-06-15 21:02:03.207 [http-nio-8082-exec-10] DEBUG h.c.s.mapper.TeacherMapper.selectByUsername - ==> Parameters: teacher1(String)
2025-06-15 21:02:03.233 [http-nio-8082-exec-10] DEBUG h.c.s.mapper.TeacherMapper.selectByUsername - <==      Total: 1
2025-06-15 21:02:03.234 [http-nio-8082-exec-10] DEBUG h.c.s.m.TeacherEducationMapper.selectByTeacherId - ==>  Preparing: SELECT * FROM t_teacher_education WHERE teacher_id = ? AND is_deleted = 0 ORDER BY end_year DESC
2025-06-15 21:02:03.234 [http-nio-8082-exec-10] DEBUG h.c.s.m.TeacherEducationMapper.selectByTeacherId - ==> Parameters: 1(Long)
2025-06-15 21:02:03.263 [http-nio-8082-exec-10] DEBUG h.c.s.m.TeacherEducationMapper.selectByTeacherId - <==      Total: 3
2025-06-15 21:02:10.602 [http-nio-8082-exec-1] INFO  hit.cs.sciencefms.util.JwtUtil - JWT验证成功
2025-06-15 21:02:10.631 [http-nio-8082-exec-1] DEBUG hit.cs.sciencefms.mapper.TeacherMapper.selectById - ==>  Preparing: SELECT id,username,real_name,gender,birth_date,title,department,position,research_area,email,phone,office_location,avatar_url,create_time,update_time,is_deleted FROM t_teacher WHERE id=? AND is_deleted=0
2025-06-15 21:02:10.631 [http-nio-8082-exec-1] DEBUG hit.cs.sciencefms.mapper.TeacherMapper.selectById - ==> Parameters: 1(Long)
2025-06-15 21:02:10.659 [http-nio-8082-exec-1] DEBUG hit.cs.sciencefms.mapper.TeacherMapper.selectById - <==      Total: 1
2025-06-15 21:02:10.661 [http-nio-8082-exec-1] DEBUG hit.cs.sciencefms.mapper.TeacherMapper.updateById - ==>  Preparing: UPDATE t_teacher SET username=?, real_name=?, gender=?, birth_date=?, title=?, department=?, position=?, research_area=?, email=?, phone=?, office_location=?, avatar_url=?, create_time=?, update_time=? WHERE id=? AND is_deleted=0
2025-06-15 21:02:10.662 [http-nio-8082-exec-1] DEBUG hit.cs.sciencefms.mapper.TeacherMapper.updateById - ==> Parameters: teacher1(String), 张小hui(String), 男(String), 1976-01-15(LocalDate), 教授(String), 计算机科学与技术学院(String), 教授(String), 人工智能、大数据分析(String), zhang@example.wwwwww(String), 22222222(String), 科研楼A座301室(String), http://120.46.48.74:9000/avatar_20250615205706_ef1d2956.jpeg(String), 2025-05-26T13:52:55.852980(LocalDateTime), 2025-06-15T21:02:10.659002800(LocalDateTime), 1(Long)
2025-06-15 21:02:10.689 [http-nio-8082-exec-1] DEBUG hit.cs.sciencefms.mapper.TeacherMapper.updateById - <==    Updates: 1
2025-06-15 21:02:10.690 [http-nio-8082-exec-1] DEBUG hit.cs.sciencefms.mapper.UserMapper.selectById - ==>  Preparing: SELECT id,username,password,role,real_name,email,phone,status,login_fail_count,create_time,update_time FROM t_user WHERE id=?
2025-06-15 21:02:10.690 [http-nio-8082-exec-1] DEBUG hit.cs.sciencefms.mapper.UserMapper.selectById - ==> Parameters: 1(Long)
2025-06-15 21:02:10.718 [http-nio-8082-exec-1] DEBUG hit.cs.sciencefms.mapper.UserMapper.selectById - <==      Total: 1
2025-06-15 21:02:10.720 [http-nio-8082-exec-1] DEBUG hit.cs.sciencefms.mapper.UserMapper.updateById - ==>  Preparing: UPDATE t_user SET username=?, password=?, role=?, real_name=?, email=?, phone=?, status=?, login_fail_count=?, create_time=?, update_time=? WHERE id=?
2025-06-15 21:02:10.721 [http-nio-8082-exec-1] DEBUG hit.cs.sciencefms.mapper.UserMapper.updateById - ==> Parameters: admin1(String), 123456(String), admin(String), 张小hui(String), zhang@example.wwwwww(String), 22222222(String), 0(Integer), 0(Integer), 2025-05-26T13:52:55.852980(LocalDateTime), 2025-06-15T21:02:10.719772(LocalDateTime), 1(Long)
2025-06-15 21:02:10.748 [http-nio-8082-exec-1] DEBUG hit.cs.sciencefms.mapper.UserMapper.updateById - <==    Updates: 1
2025-06-15 21:02:10.749 [http-nio-8082-exec-1] DEBUG h.c.s.m.TeacherEducationMapper.selectByTeacherId - ==>  Preparing: SELECT * FROM t_teacher_education WHERE teacher_id = ? AND is_deleted = 0 ORDER BY end_year DESC
2025-06-15 21:02:10.749 [http-nio-8082-exec-1] DEBUG h.c.s.m.TeacherEducationMapper.selectByTeacherId - ==> Parameters: 1(Long)
2025-06-15 21:02:10.776 [http-nio-8082-exec-1] DEBUG h.c.s.m.TeacherEducationMapper.selectByTeacherId - <==      Total: 3
2025-06-15 21:02:15.027 [http-nio-8082-exec-2] INFO  hit.cs.sciencefms.util.JwtUtil - JWT验证成功
2025-06-15 21:02:15.063 [http-nio-8082-exec-2] DEBUG hit.cs.sciencefms.mapper.TeacherMapper.selectById - ==>  Preparing: SELECT id,username,real_name,gender,birth_date,title,department,position,research_area,email,phone,office_location,avatar_url,create_time,update_time,is_deleted FROM t_teacher WHERE id=? AND is_deleted=0
2025-06-15 21:02:15.063 [http-nio-8082-exec-2] DEBUG hit.cs.sciencefms.mapper.TeacherMapper.selectById - ==> Parameters: 1(Long)
2025-06-15 21:02:15.093 [http-nio-8082-exec-2] DEBUG hit.cs.sciencefms.mapper.TeacherMapper.selectById - <==      Total: 1
2025-06-15 21:02:15.149 [http-nio-8082-exec-2] ERROR hit.cs.sciencefms.util.StaticResourceUtil - 文件删除过程中发生错误
org.springframework.web.client.HttpClientErrorException$NotFound: 404 Not Found: "{"success":false,"message":"文件不存在"}"
	at org.springframework.web.client.HttpClientErrorException.create(HttpClientErrorException.java:112)
	at org.springframework.web.client.DefaultResponseErrorHandler.handleError(DefaultResponseErrorHandler.java:183)
	at org.springframework.web.client.DefaultResponseErrorHandler.handleError(DefaultResponseErrorHandler.java:137)
	at org.springframework.web.client.ResponseErrorHandler.handleError(ResponseErrorHandler.java:63)
	at org.springframework.web.client.RestTemplate.handleResponse(RestTemplate.java:915)
	at org.springframework.web.client.RestTemplate.doExecute(RestTemplate.java:864)
	at org.springframework.web.client.RestTemplate.execute(RestTemplate.java:764)
	at org.springframework.web.client.RestTemplate.getForEntity(RestTemplate.java:405)
	at hit.cs.sciencefms.util.StaticResourceUtil.deleteFile(StaticResourceUtil.java:145)
	at hit.cs.sciencefms.service.impl.TeacherProfileServiceImpl.updateAvatarUrl(TeacherProfileServiceImpl.java:294)
	at java.base/jdk.internal.reflect.NativeMethodAccessorImpl.invoke0(Native Method)
	at java.base/jdk.internal.reflect.NativeMethodAccessorImpl.invoke(NativeMethodAccessorImpl.java:77)
	at java.base/jdk.internal.reflect.DelegatingMethodAccessorImpl.invoke(DelegatingMethodAccessorImpl.java:43)
	at java.base/java.lang.reflect.Method.invoke(Method.java:568)
	at org.springframework.aop.support.AopUtils.invokeJoinpointUsingReflection(AopUtils.java:343)
	at org.springframework.aop.framework.ReflectiveMethodInvocation.invokeJoinpoint(ReflectiveMethodInvocation.java:196)
	at org.springframework.aop.framework.ReflectiveMethodInvocation.proceed(ReflectiveMethodInvocation.java:163)
	at org.springframework.aop.framework.CglibAopProxy$CglibMethodInvocation.proceed(CglibAopProxy.java:752)
	at org.springframework.transaction.interceptor.TransactionInterceptor$1.proceedWithInvocation(TransactionInterceptor.java:123)
	at org.springframework.transaction.interceptor.TransactionAspectSupport.invokeWithinTransaction(TransactionAspectSupport.java:388)
	at org.springframework.transaction.interceptor.TransactionInterceptor.invoke(TransactionInterceptor.java:119)
	at org.springframework.aop.framework.ReflectiveMethodInvocation.proceed(ReflectiveMethodInvocation.java:184)
	at org.springframework.aop.framework.CglibAopProxy$CglibMethodInvocation.proceed(CglibAopProxy.java:752)
	at org.springframework.aop.framework.CglibAopProxy$DynamicAdvisedInterceptor.intercept(CglibAopProxy.java:703)
	at hit.cs.sciencefms.service.impl.TeacherProfileServiceImpl$$SpringCGLIB$$0.updateAvatarUrl(<generated>)
	at hit.cs.sciencefms.controller.TeacherProfileController.updateAvatarUrl(TeacherProfileController.java:180)
	at java.base/jdk.internal.reflect.NativeMethodAccessorImpl.invoke0(Native Method)
	at java.base/jdk.internal.reflect.NativeMethodAccessorImpl.invoke(NativeMethodAccessorImpl.java:77)
	at java.base/jdk.internal.reflect.DelegatingMethodAccessorImpl.invoke(DelegatingMethodAccessorImpl.java:43)
	at java.base/java.lang.reflect.Method.invoke(Method.java:568)
	at org.springframework.web.method.support.InvocableHandlerMethod.doInvoke(InvocableHandlerMethod.java:207)
	at org.springframework.web.method.support.InvocableHandlerMethod.invokeForRequest(InvocableHandlerMethod.java:152)
	at org.springframework.web.servlet.mvc.method.annotation.ServletInvocableHandlerMethod.invokeAndHandle(ServletInvocableHandlerMethod.java:117)
	at org.springframework.web.servlet.mvc.method.annotation.RequestMappingHandlerAdapter.invokeHandlerMethod(RequestMappingHandlerAdapter.java:884)
	at org.springframework.web.servlet.mvc.method.annotation.RequestMappingHandlerAdapter.handleInternal(RequestMappingHandlerAdapter.java:797)
	at org.springframework.web.servlet.mvc.method.AbstractHandlerMethodAdapter.handle(AbstractHandlerMethodAdapter.java:87)
	at org.springframework.web.servlet.DispatcherServlet.doDispatch(DispatcherServlet.java:1080)
	at org.springframework.web.servlet.DispatcherServlet.doService(DispatcherServlet.java:973)
	at org.springframework.web.servlet.FrameworkServlet.processRequest(FrameworkServlet.java:1011)
	at org.springframework.web.servlet.FrameworkServlet.doPost(FrameworkServlet.java:914)
	at jakarta.servlet.http.HttpServlet.service(HttpServlet.java:731)
	at org.springframework.web.servlet.FrameworkServlet.service(FrameworkServlet.java:885)
	at jakarta.servlet.http.HttpServlet.service(HttpServlet.java:814)
	at org.apache.catalina.core.ApplicationFilterChain.internalDoFilter(ApplicationFilterChain.java:223)
	at org.apache.catalina.core.ApplicationFilterChain.doFilter(ApplicationFilterChain.java:158)
	at org.apache.tomcat.websocket.server.WsFilter.doFilter(WsFilter.java:53)
	at org.apache.catalina.core.ApplicationFilterChain.internalDoFilter(ApplicationFilterChain.java:185)
	at org.apache.catalina.core.ApplicationFilterChain.doFilter(ApplicationFilterChain.java:158)
	at org.springframework.web.filter.RequestContextFilter.doFilterInternal(RequestContextFilter.java:100)
	at org.springframework.web.filter.OncePerRequestFilter.doFilter(OncePerRequestFilter.java:116)
	at org.apache.catalina.core.ApplicationFilterChain.internalDoFilter(ApplicationFilterChain.java:185)
	at org.apache.catalina.core.ApplicationFilterChain.doFilter(ApplicationFilterChain.java:158)
	at org.springframework.web.filter.FormContentFilter.doFilterInternal(FormContentFilter.java:93)
	at org.springframework.web.filter.OncePerRequestFilter.doFilter(OncePerRequestFilter.java:116)
	at org.apache.catalina.core.ApplicationFilterChain.internalDoFilter(ApplicationFilterChain.java:185)
	at org.apache.catalina.core.ApplicationFilterChain.doFilter(ApplicationFilterChain.java:158)
	at hit.cs.sciencefms.config.JwtFilter.doFilterInternal(JwtFilter.java:91)
	at org.springframework.web.filter.OncePerRequestFilter.doFilter(OncePerRequestFilter.java:116)
	at org.apache.catalina.core.ApplicationFilterChain.internalDoFilter(ApplicationFilterChain.java:185)
	at org.apache.catalina.core.ApplicationFilterChain.doFilter(ApplicationFilterChain.java:158)
	at org.springframework.web.filter.CharacterEncodingFilter.doFilterInternal(CharacterEncodingFilter.java:201)
	at org.springframework.web.filter.OncePerRequestFilter.doFilter(OncePerRequestFilter.java:116)
	at org.apache.catalina.core.ApplicationFilterChain.internalDoFilter(ApplicationFilterChain.java:185)
	at org.apache.catalina.core.ApplicationFilterChain.doFilter(ApplicationFilterChain.java:158)
	at hit.cs.sciencefms.config.CorsFilter.doFilter(CorsFilter.java:44)
	at org.apache.catalina.core.ApplicationFilterChain.internalDoFilter(ApplicationFilterChain.java:185)
	at org.apache.catalina.core.ApplicationFilterChain.doFilter(ApplicationFilterChain.java:158)
	at org.apache.catalina.core.StandardWrapperValve.invoke(StandardWrapperValve.java:177)
	at org.apache.catalina.core.StandardContextValve.invoke(StandardContextValve.java:97)
	at org.apache.catalina.authenticator.AuthenticatorBase.invoke(AuthenticatorBase.java:542)
	at org.apache.catalina.core.StandardHostValve.invoke(StandardHostValve.java:119)
	at org.apache.catalina.valves.ErrorReportValve.invoke(ErrorReportValve.java:92)
	at org.apache.catalina.core.StandardEngineValve.invoke(StandardEngineValve.java:78)
	at org.apache.catalina.connector.CoyoteAdapter.service(CoyoteAdapter.java:357)
	at org.apache.coyote.http11.Http11Processor.service(Http11Processor.java:400)
	at org.apache.coyote.AbstractProcessorLight.process(AbstractProcessorLight.java:65)
	at org.apache.coyote.AbstractProtocol$ConnectionHandler.process(AbstractProtocol.java:859)
	at org.apache.tomcat.util.net.NioEndpoint$SocketProcessor.doRun(NioEndpoint.java:1734)
	at org.apache.tomcat.util.net.SocketProcessorBase.run(SocketProcessorBase.java:52)
	at org.apache.tomcat.util.threads.ThreadPoolExecutor.runWorker(ThreadPoolExecutor.java:1191)
	at org.apache.tomcat.util.threads.ThreadPoolExecutor$Worker.run(ThreadPoolExecutor.java:659)
	at org.apache.tomcat.util.threads.TaskThread$WrappingRunnable.run(TaskThread.java:61)
	at java.base/java.lang.Thread.run(Thread.java:842)
2025-06-15 21:02:15.151 [http-nio-8082-exec-2] WARN  h.c.s.service.impl.TeacherProfileServiceImpl - 旧头像删除失败: http://120.46.48.74:9000/avatar_20250615205706_ef1d2956.jpeg
2025-06-15 21:02:15.152 [http-nio-8082-exec-2] DEBUG hit.cs.sciencefms.mapper.TeacherMapper.updateById - ==>  Preparing: UPDATE t_teacher SET username=?, real_name=?, gender=?, birth_date=?, title=?, department=?, position=?, research_area=?, email=?, phone=?, office_location=?, avatar_url=?, create_time=?, update_time=? WHERE id=? AND is_deleted=0
2025-06-15 21:02:15.152 [http-nio-8082-exec-2] DEBUG hit.cs.sciencefms.mapper.TeacherMapper.updateById - ==> Parameters: teacher1(String), 张小hui(String), 男(String), 1976-01-15(LocalDate), 教授(String), 计算机科学与技术学院(String), 教授(String), 人工智能、大数据分析(String), zhang@example.wwwwww(String), 22222222(String), 科研楼A座301室(String), http://120.46.48.74:9000/avatar_20250615210214_4f83cf9c.jpg(String), 2025-05-26T13:52:55.852980(LocalDateTime), 2025-06-15T21:02:15.151254500(LocalDateTime), 1(Long)
2025-06-15 21:02:15.179 [http-nio-8082-exec-2] DEBUG hit.cs.sciencefms.mapper.TeacherMapper.updateById - <==    Updates: 1
2025-06-15 21:02:15.179 [http-nio-8082-exec-2] INFO  h.c.s.service.impl.TeacherProfileServiceImpl - 教师头像URL已更新: teacherId=1, url=http://120.46.48.74:9000/avatar_20250615210214_4f83cf9c.jpg
2025-06-15 21:02:21.689 [http-nio-8082-exec-7] INFO  hit.cs.sciencefms.util.JwtUtil - JWT验证成功
2025-06-15 21:02:21.747 [http-nio-8082-exec-7] DEBUG hit.cs.sciencefms.mapper.TeacherMapper.selectById - ==>  Preparing: SELECT id,username,real_name,gender,birth_date,title,department,position,research_area,email,phone,office_location,avatar_url,create_time,update_time,is_deleted FROM t_teacher WHERE id=? AND is_deleted=0
2025-06-15 21:02:21.747 [http-nio-8082-exec-7] DEBUG hit.cs.sciencefms.mapper.TeacherMapper.selectById - ==> Parameters: 1(Long)
2025-06-15 21:02:21.816 [http-nio-8082-exec-7] DEBUG hit.cs.sciencefms.mapper.TeacherMapper.selectById - <==      Total: 1
2025-06-15 21:02:21.954 [http-nio-8082-exec-7] INFO  hit.cs.sciencefms.util.StaticResourceUtil - 文件删除成功: avatar_20250615210214_4f83cf9c.jpg
2025-06-15 21:02:21.954 [http-nio-8082-exec-7] INFO  h.c.s.service.impl.TeacherProfileServiceImpl - 旧头像已删除: http://120.46.48.74:9000/avatar_20250615210214_4f83cf9c.jpg
2025-06-15 21:02:21.955 [http-nio-8082-exec-7] DEBUG hit.cs.sciencefms.mapper.TeacherMapper.updateById - ==>  Preparing: UPDATE t_teacher SET username=?, real_name=?, gender=?, birth_date=?, title=?, department=?, position=?, research_area=?, email=?, phone=?, office_location=?, avatar_url=?, create_time=?, update_time=? WHERE id=? AND is_deleted=0
2025-06-15 21:02:21.955 [http-nio-8082-exec-7] DEBUG hit.cs.sciencefms.mapper.TeacherMapper.updateById - ==> Parameters: teacher1(String), 张小hui(String), 男(String), 1976-01-15(LocalDate), 教授(String), 计算机科学与技术学院(String), 教授(String), 人工智能、大数据分析(String), zhang@example.wwwwww(String), 22222222(String), 科研楼A座301室(String), http://120.46.48.74:9000/avatar_20250615210221_5ac4b048.jpg(String), 2025-05-26T13:52:55.852980(LocalDateTime), 2025-06-15T21:02:21.954327200(LocalDateTime), 1(Long)
2025-06-15 21:02:22.021 [http-nio-8082-exec-7] DEBUG hit.cs.sciencefms.mapper.TeacherMapper.updateById - <==    Updates: 1
2025-06-15 21:02:22.022 [http-nio-8082-exec-7] INFO  h.c.s.service.impl.TeacherProfileServiceImpl - 教师头像URL已更新: teacherId=1, url=http://120.46.48.74:9000/avatar_20250615210221_5ac4b048.jpg
2025-06-15 21:04:15.045 [http-nio-8082-exec-5] INFO  hit.cs.sciencefms.util.JwtUtil - JWT验证成功
2025-06-15 21:04:15.078 [http-nio-8082-exec-5] DEBUG h.c.s.mapper.TeacherMapper.selectByUsername - ==>  Preparing: SELECT * FROM t_teacher WHERE username = ? AND is_deleted = 0
2025-06-15 21:04:15.078 [http-nio-8082-exec-5] DEBUG h.c.s.mapper.TeacherMapper.selectByUsername - ==> Parameters: teacher1(String)
2025-06-15 21:04:15.112 [http-nio-8082-exec-5] DEBUG h.c.s.mapper.TeacherMapper.selectByUsername - <==      Total: 1
2025-06-15 21:04:15.113 [http-nio-8082-exec-5] DEBUG h.c.s.m.TeacherEducationMapper.selectByTeacherId - ==>  Preparing: SELECT * FROM t_teacher_education WHERE teacher_id = ? AND is_deleted = 0 ORDER BY end_year DESC
2025-06-15 21:04:15.113 [http-nio-8082-exec-5] DEBUG h.c.s.m.TeacherEducationMapper.selectByTeacherId - ==> Parameters: 1(Long)
2025-06-15 21:04:15.144 [http-nio-8082-exec-5] DEBUG h.c.s.m.TeacherEducationMapper.selectByTeacherId - <==      Total: 3
2025-06-15 21:04:17.603 [http-nio-8082-exec-6] INFO  hit.cs.sciencefms.util.JwtUtil - JWT验证成功
2025-06-15 21:04:17.638 [http-nio-8082-exec-6] DEBUG h.c.s.mapper.TeacherMapper.selectByUsername - ==>  Preparing: SELECT * FROM t_teacher WHERE username = ? AND is_deleted = 0
2025-06-15 21:04:17.638 [http-nio-8082-exec-6] DEBUG h.c.s.mapper.TeacherMapper.selectByUsername - ==> Parameters: teacher1(String)
2025-06-15 21:04:17.665 [http-nio-8082-exec-6] DEBUG h.c.s.mapper.TeacherMapper.selectByUsername - <==      Total: 1
2025-06-15 21:04:17.666 [http-nio-8082-exec-6] DEBUG h.c.s.m.TeacherEducationMapper.selectByTeacherId - ==>  Preparing: SELECT * FROM t_teacher_education WHERE teacher_id = ? AND is_deleted = 0 ORDER BY end_year DESC
2025-06-15 21:04:17.666 [http-nio-8082-exec-6] DEBUG h.c.s.m.TeacherEducationMapper.selectByTeacherId - ==> Parameters: 1(Long)
2025-06-15 21:04:17.694 [http-nio-8082-exec-6] DEBUG h.c.s.m.TeacherEducationMapper.selectByTeacherId - <==      Total: 3
2025-06-15 21:04:22.146 [http-nio-8082-exec-3] INFO  hit.cs.sciencefms.util.JwtUtil - JWT验证成功
2025-06-15 21:04:22.175 [http-nio-8082-exec-3] DEBUG hit.cs.sciencefms.mapper.TeacherMapper.selectById - ==>  Preparing: SELECT id,username,real_name,gender,birth_date,title,department,position,research_area,email,phone,office_location,avatar_url,create_time,update_time,is_deleted FROM t_teacher WHERE id=? AND is_deleted=0
2025-06-15 21:04:22.175 [http-nio-8082-exec-3] DEBUG hit.cs.sciencefms.mapper.TeacherMapper.selectById - ==> Parameters: 1(Long)
2025-06-15 21:04:22.202 [http-nio-8082-exec-3] DEBUG hit.cs.sciencefms.mapper.TeacherMapper.selectById - <==      Total: 1
2025-06-15 21:04:22.263 [http-nio-8082-exec-3] INFO  hit.cs.sciencefms.util.StaticResourceUtil - 文件删除成功: avatar_20250615210221_5ac4b048.jpg
2025-06-15 21:04:22.263 [http-nio-8082-exec-3] INFO  h.c.s.service.impl.TeacherProfileServiceImpl - 旧头像已删除: http://120.46.48.74:9000/avatar_20250615210221_5ac4b048.jpg
2025-06-15 21:04:22.264 [http-nio-8082-exec-3] DEBUG hit.cs.sciencefms.mapper.TeacherMapper.updateById - ==>  Preparing: UPDATE t_teacher SET username=?, real_name=?, gender=?, birth_date=?, title=?, department=?, position=?, research_area=?, email=?, phone=?, office_location=?, avatar_url=?, create_time=?, update_time=? WHERE id=? AND is_deleted=0
2025-06-15 21:04:22.264 [http-nio-8082-exec-3] DEBUG hit.cs.sciencefms.mapper.TeacherMapper.updateById - ==> Parameters: teacher1(String), 张小hui(String), 男(String), 1976-01-15(LocalDate), 教授(String), 计算机科学与技术学院(String), 教授(String), 人工智能、大数据分析(String), zhang@example.wwwwww(String), 22222222(String), 科研楼A座301室(String), http://120.46.48.74:9000/avatar_20250615210421_5adced87.jpg(String), 2025-05-26T13:52:55.852980(LocalDateTime), 2025-06-15T21:04:22.263713200(LocalDateTime), 1(Long)
2025-06-15 21:04:22.296 [http-nio-8082-exec-3] DEBUG hit.cs.sciencefms.mapper.TeacherMapper.updateById - <==    Updates: 1
2025-06-15 21:04:22.296 [http-nio-8082-exec-3] INFO  h.c.s.service.impl.TeacherProfileServiceImpl - 教师头像URL已更新: teacherId=1, url=http://120.46.48.74:9000/avatar_20250615210421_5adced87.jpg
2025-06-15 21:04:36.911 [http-nio-8082-exec-8] INFO  hit.cs.sciencefms.util.JwtUtil - JWT验证成功
2025-06-15 21:04:36.949 [http-nio-8082-exec-8] DEBUG h.c.s.mapper.TeacherMapper.selectByUsername - ==>  Preparing: SELECT * FROM t_teacher WHERE username = ? AND is_deleted = 0
2025-06-15 21:04:36.949 [http-nio-8082-exec-8] DEBUG h.c.s.mapper.TeacherMapper.selectByUsername - ==> Parameters: teacher1(String)
2025-06-15 21:04:36.991 [http-nio-8082-exec-8] DEBUG h.c.s.mapper.TeacherMapper.selectByUsername - <==      Total: 1
2025-06-15 21:04:36.992 [http-nio-8082-exec-8] DEBUG h.c.s.m.TeacherEducationMapper.selectByTeacherId - ==>  Preparing: SELECT * FROM t_teacher_education WHERE teacher_id = ? AND is_deleted = 0 ORDER BY end_year DESC
2025-06-15 21:04:36.992 [http-nio-8082-exec-8] DEBUG h.c.s.m.TeacherEducationMapper.selectByTeacherId - ==> Parameters: 1(Long)
2025-06-15 21:04:37.038 [http-nio-8082-exec-8] DEBUG h.c.s.m.TeacherEducationMapper.selectByTeacherId - <==      Total: 3
2025-06-15 21:04:44.329 [http-nio-8082-exec-9] INFO  hit.cs.sciencefms.util.JwtUtil - JWT验证成功
2025-06-15 21:04:44.366 [http-nio-8082-exec-9] DEBUG hit.cs.sciencefms.mapper.TeacherMapper.selectById - ==>  Preparing: SELECT id,username,real_name,gender,birth_date,title,department,position,research_area,email,phone,office_location,avatar_url,create_time,update_time,is_deleted FROM t_teacher WHERE id=? AND is_deleted=0
2025-06-15 21:04:44.366 [http-nio-8082-exec-9] DEBUG hit.cs.sciencefms.mapper.TeacherMapper.selectById - ==> Parameters: 1(Long)
2025-06-15 21:04:44.401 [http-nio-8082-exec-9] DEBUG hit.cs.sciencefms.mapper.TeacherMapper.selectById - <==      Total: 1
2025-06-15 21:04:44.467 [http-nio-8082-exec-9] INFO  hit.cs.sciencefms.util.StaticResourceUtil - 文件删除成功: avatar_20250615210421_5adced87.jpg
2025-06-15 21:04:44.468 [http-nio-8082-exec-9] INFO  h.c.s.service.impl.TeacherProfileServiceImpl - 旧头像已删除: http://120.46.48.74:9000/avatar_20250615210421_5adced87.jpg
2025-06-15 21:04:44.469 [http-nio-8082-exec-9] DEBUG hit.cs.sciencefms.mapper.TeacherMapper.updateById - ==>  Preparing: UPDATE t_teacher SET username=?, real_name=?, gender=?, birth_date=?, title=?, department=?, position=?, research_area=?, email=?, phone=?, office_location=?, avatar_url=?, create_time=?, update_time=? WHERE id=? AND is_deleted=0
2025-06-15 21:04:44.471 [http-nio-8082-exec-9] DEBUG hit.cs.sciencefms.mapper.TeacherMapper.updateById - ==> Parameters: teacher1(String), 张小hui(String), 男(String), 1976-01-15(LocalDate), 教授(String), 计算机科学与技术学院(String), 教授(String), 人工智能、大数据分析(String), zhang@example.wwwwww(String), 22222222(String), 科研楼A座301室(String), http://120.46.48.74:9000/avatar_20250615210444_84c17261.jpg(String), 2025-05-26T13:52:55.852980(LocalDateTime), 2025-06-15T21:04:44.468764200(LocalDateTime), 1(Long)
2025-06-15 21:04:44.503 [http-nio-8082-exec-9] DEBUG hit.cs.sciencefms.mapper.TeacherMapper.updateById - <==    Updates: 1
2025-06-15 21:04:44.503 [http-nio-8082-exec-9] INFO  h.c.s.service.impl.TeacherProfileServiceImpl - 教师头像URL已更新: teacherId=1, url=http://120.46.48.74:9000/avatar_20250615210444_84c17261.jpg
2025-06-15 21:15:45.161 [SpringApplicationShutdownHook] INFO  com.zaxxer.hikari.HikariDataSource - HikariPool-1 - Shutdown initiated...
2025-06-15 21:15:45.165 [SpringApplicationShutdownHook] INFO  com.zaxxer.hikari.HikariDataSource - HikariPool-1 - Shutdown completed.
2025-06-15 21:16:27.630 [main] INFO  hit.cs.sciencefms.ScienceFmsApplication - Starting ScienceFmsApplication using Java 17.0.10 with PID 37768 (D:\Codes\SchoolProject\Java\SoftwareProjection\scienceSystem\BackEnd\scienceFMS\target\classes started by DELL in D:\Codes\SchoolProject\Java\SoftwareProjection\scienceSystem\BackEnd\scienceFMS)
2025-06-15 21:16:27.631 [main] DEBUG hit.cs.sciencefms.ScienceFmsApplication - Running with Spring Boot v3.0.2, Spring v6.0.4
2025-06-15 21:16:27.632 [main] INFO  hit.cs.sciencefms.ScienceFmsApplication - No active profile set, falling back to 1 default profile: "default"
2025-06-15 21:16:28.311 [main] INFO  o.s.boot.web.embedded.tomcat.TomcatWebServer - Tomcat initialized with port(s): 8082 (http)
2025-06-15 21:16:28.320 [main] INFO  org.apache.catalina.core.StandardService - Starting service [Tomcat]
2025-06-15 21:16:28.320 [main] INFO  org.apache.catalina.core.StandardEngine - Starting Servlet engine: [Apache Tomcat/10.1.5]
2025-06-15 21:16:28.387 [main] INFO  o.a.c.core.ContainerBase.[Tomcat].[localhost].[/] - Initializing Spring embedded WebApplicationContext
2025-06-15 21:16:28.388 [main] INFO  o.s.b.w.s.c.ServletWebServerApplicationContext - Root WebApplicationContext: initialization completed in 726 ms
2025-06-15 21:16:28.471 [main] DEBUG hit.cs.sciencefms.config.JwtFilter - Filter 'jwtFilter' configured for use
2025-06-15 21:16:29.069 [main] INFO  o.s.b.a.web.servlet.WelcomePageHandlerMapping - Adding welcome page: class path resource [static/index.html]
2025-06-15 21:16:29.201 [main] INFO  o.s.boot.web.embedded.tomcat.TomcatWebServer - Tomcat started on port(s): 8082 (http) with context path ''
2025-06-15 21:16:29.207 [main] INFO  hit.cs.sciencefms.ScienceFmsApplication - Started ScienceFmsApplication in 1.892 seconds (process running for 2.241)
2025-06-15 21:17:01.607 [http-nio-8082-exec-3] INFO  o.a.c.core.ContainerBase.[Tomcat].[localhost].[/] - Initializing Spring DispatcherServlet 'dispatcherServlet'
2025-06-15 21:17:01.607 [http-nio-8082-exec-3] INFO  org.springframework.web.servlet.DispatcherServlet - Initializing Servlet 'dispatcherServlet'
2025-06-15 21:17:01.608 [http-nio-8082-exec-3] INFO  org.springframework.web.servlet.DispatcherServlet - Completed initialization in 0 ms
2025-06-15 21:19:18.620 [main] INFO  hit.cs.sciencefms.ScienceFmsApplication - Starting ScienceFmsApplication using Java 17.0.10 with PID 31576 (D:\Codes\SchoolProject\Java\SoftwareProjection\scienceSystem\BackEnd\scienceFMS\target\classes started by DELL in D:\Codes\SchoolProject\Java\SoftwareProjection\scienceSystem\BackEnd\scienceFMS)
2025-06-15 21:19:18.622 [main] DEBUG hit.cs.sciencefms.ScienceFmsApplication - Running with Spring Boot v3.0.2, Spring v6.0.4
2025-06-15 21:19:18.622 [main] INFO  hit.cs.sciencefms.ScienceFmsApplication - No active profile set, falling back to 1 default profile: "default"
2025-06-15 21:19:19.299 [main] INFO  o.s.boot.web.embedded.tomcat.TomcatWebServer - Tomcat initialized with port(s): 8082 (http)
2025-06-15 21:19:19.304 [main] INFO  org.apache.catalina.core.StandardService - Starting service [Tomcat]
2025-06-15 21:19:19.304 [main] INFO  org.apache.catalina.core.StandardEngine - Starting Servlet engine: [Apache Tomcat/10.1.5]
2025-06-15 21:19:19.368 [main] INFO  o.a.c.core.ContainerBase.[Tomcat].[localhost].[/] - Initializing Spring embedded WebApplicationContext
2025-06-15 21:19:19.368 [main] INFO  o.s.b.w.s.c.ServletWebServerApplicationContext - Root WebApplicationContext: initialization completed in 715 ms
2025-06-15 21:19:19.446 [main] DEBUG hit.cs.sciencefms.config.JwtFilter - Filter 'jwtFilter' configured for use
2025-06-15 21:19:20.020 [main] INFO  o.s.b.a.web.servlet.WelcomePageHandlerMapping - Adding welcome page: class path resource [static/index.html]
2025-06-15 21:19:20.147 [main] INFO  o.s.boot.web.embedded.tomcat.TomcatWebServer - Tomcat started on port(s): 8082 (http) with context path ''
2025-06-15 21:19:20.152 [main] INFO  hit.cs.sciencefms.ScienceFmsApplication - Started ScienceFmsApplication in 1.831 seconds (process running for 2.202)
2025-06-15 21:20:48.626 [http-nio-8082-exec-1] INFO  o.a.c.core.ContainerBase.[Tomcat].[localhost].[/] - Initializing Spring DispatcherServlet 'dispatcherServlet'
2025-06-15 21:20:48.626 [http-nio-8082-exec-1] INFO  org.springframework.web.servlet.DispatcherServlet - Initializing Servlet 'dispatcherServlet'
2025-06-15 21:20:48.628 [http-nio-8082-exec-1] INFO  org.springframework.web.servlet.DispatcherServlet - Completed initialization in 2 ms
2025-06-15 21:20:48.665 [http-nio-8082-exec-1] ERROR hit.cs.sciencefms.util.JwtUtil - JWT验证失败: JWT signature does not match locally computed signature. JWT validity cannot be asserted and should not be trusted.
2025-06-15 21:20:48.736 [http-nio-8082-exec-3] ERROR hit.cs.sciencefms.util.JwtUtil - JWT验证失败: JWT signature does not match locally computed signature. JWT validity cannot be asserted and should not be trusted.
2025-06-15 21:20:52.736 [http-nio-8082-exec-10] INFO  hit.cs.sciencefms.service.impl.UserServiceImpl - 用户登录: teacher1
2025-06-15 21:20:52.766 [http-nio-8082-exec-10] WARN  c.b.m.core.toolkit.support.ReflectLambdaMeta - Unable to make field private final java.lang.Class java.lang.invoke.SerializedLambda.capturingClass accessible: module java.base does not "opens java.lang.invoke" to unnamed module @75d4a5c2
2025-06-15 21:20:52.775 [http-nio-8082-exec-10] INFO  com.zaxxer.hikari.HikariDataSource - HikariPool-1 - Starting...
2025-06-15 21:20:53.046 [http-nio-8082-exec-10] INFO  com.zaxxer.hikari.pool.HikariPool - HikariPool-1 - Added connection org.postgresql.jdbc.PgConnection@30985730
2025-06-15 21:20:53.047 [http-nio-8082-exec-10] INFO  com.zaxxer.hikari.HikariDataSource - HikariPool-1 - Start completed.
2025-06-15 21:20:53.058 [http-nio-8082-exec-10] DEBUG hit.cs.sciencefms.mapper.UserMapper.selectList - ==>  Preparing: SELECT id,username,password,role,real_name,email,phone,status,login_fail_count,create_time,update_time FROM t_user WHERE (username = ?)
2025-06-15 21:20:53.067 [http-nio-8082-exec-10] DEBUG hit.cs.sciencefms.mapper.UserMapper.selectList - ==> Parameters: teacher1(String)
2025-06-15 21:20:53.109 [http-nio-8082-exec-10] DEBUG hit.cs.sciencefms.mapper.UserMapper.selectList - <==      Total: 1
2025-06-15 21:20:53.114 [http-nio-8082-exec-10] DEBUG h.c.s.mapper.UserMapper.resetLoginFailCount - ==>  Preparing: UPDATE t_user SET login_fail_count = 0 WHERE username = ?
2025-06-15 21:20:53.114 [http-nio-8082-exec-10] DEBUG h.c.s.mapper.UserMapper.resetLoginFailCount - ==> Parameters: teacher1(String)
2025-06-15 21:20:53.146 [http-nio-8082-exec-10] DEBUG h.c.s.mapper.UserMapper.resetLoginFailCount - <==    Updates: 1
2025-06-15 21:20:53.158 [http-nio-8082-exec-10] INFO  hit.cs.sciencefms.service.impl.UserServiceImpl - JWT token: eyJhbGciOiJIUzUxMiJ9.eyJyb2xlIjoidGVhY2hlciIsInVzZXJJZCI6MiwidXNlcm5hbWUiOiJ0ZWFjaGVyMSIsImlhdCI6MTc0OTk5MzY1MywiZXhwIjoxNzUwMDgwMDUzfQ.Idju_WXBwZWHuDPak5_cJeVEfvxhLa_AlrkSbeSyluQnKIQfE5NF4xsy1eizVrgZEnFgnCeqBHhMscz1EmetsA
2025-06-15 21:20:53.162 [http-nio-8082-exec-10] DEBUG hit.cs.sciencefms.mapper.TeacherMapper.selectList - ==>  Preparing: SELECT id,username,real_name,gender,birth_date,title,department,position,research_area,email,phone,office_location,avatar_url,create_time,update_time,is_deleted FROM t_teacher WHERE is_deleted=0 AND (username = ?)
2025-06-15 21:20:53.162 [http-nio-8082-exec-10] DEBUG hit.cs.sciencefms.mapper.TeacherMapper.selectList - ==> Parameters: teacher1(String)
2025-06-15 21:20:53.190 [http-nio-8082-exec-10] DEBUG hit.cs.sciencefms.mapper.TeacherMapper.selectList - <==      Total: 1
2025-06-15 21:20:53.231 [http-nio-8082-exec-4] INFO  hit.cs.sciencefms.util.JwtUtil - JWT验证成功
2025-06-15 21:20:53.259 [http-nio-8082-exec-4] WARN  o.s.core.LocalVariableTableParameterNameDiscoverer - Using deprecated '-debug' fallback for parameter name resolution. Compile the affected code with '-parameters' instead or avoid its introspection: hit.cs.sciencefms.controller.TeacherProfileController
2025-06-15 21:20:53.261 [http-nio-8082-exec-4] DEBUG h.c.s.mapper.TeacherMapper.selectByUsername - ==>  Preparing: SELECT * FROM t_teacher WHERE username = ? AND is_deleted = 0
2025-06-15 21:20:53.261 [http-nio-8082-exec-4] DEBUG h.c.s.mapper.TeacherMapper.selectByUsername - ==> Parameters: teacher1(String)
2025-06-15 21:20:53.289 [http-nio-8082-exec-4] DEBUG h.c.s.mapper.TeacherMapper.selectByUsername - <==      Total: 1
2025-06-15 21:20:53.290 [http-nio-8082-exec-4] DEBUG h.c.s.m.TeacherEducationMapper.selectByTeacherId - ==>  Preparing: SELECT * FROM t_teacher_education WHERE teacher_id = ? AND is_deleted = 0 ORDER BY end_year DESC
2025-06-15 21:20:53.291 [http-nio-8082-exec-4] DEBUG h.c.s.m.TeacherEducationMapper.selectByTeacherId - ==> Parameters: 1(Long)
2025-06-15 21:20:53.327 [http-nio-8082-exec-4] DEBUG h.c.s.m.TeacherEducationMapper.selectByTeacherId - <==      Total: 3
2025-06-15 21:21:17.823 [http-nio-8082-exec-5] INFO  hit.cs.sciencefms.service.impl.UserServiceImpl - 用户登录: admin1
2025-06-15 21:21:17.856 [http-nio-8082-exec-5] DEBUG hit.cs.sciencefms.mapper.UserMapper.selectList - ==>  Preparing: SELECT id,username,password,role,real_name,email,phone,status,login_fail_count,create_time,update_time FROM t_user WHERE (username = ?)
2025-06-15 21:21:17.856 [http-nio-8082-exec-5] DEBUG hit.cs.sciencefms.mapper.UserMapper.selectList - ==> Parameters: admin1(String)
2025-06-15 21:21:17.886 [http-nio-8082-exec-5] DEBUG hit.cs.sciencefms.mapper.UserMapper.selectList - <==      Total: 1
2025-06-15 21:21:17.887 [http-nio-8082-exec-5] DEBUG h.c.s.mapper.UserMapper.resetLoginFailCount - ==>  Preparing: UPDATE t_user SET login_fail_count = 0 WHERE username = ?
2025-06-15 21:21:17.888 [http-nio-8082-exec-5] DEBUG h.c.s.mapper.UserMapper.resetLoginFailCount - ==> Parameters: admin1(String)
2025-06-15 21:21:17.916 [http-nio-8082-exec-5] DEBUG h.c.s.mapper.UserMapper.resetLoginFailCount - <==    Updates: 1
2025-06-15 21:21:17.917 [http-nio-8082-exec-5] INFO  hit.cs.sciencefms.service.impl.UserServiceImpl - JWT token: eyJhbGciOiJIUzUxMiJ9.eyJyb2xlIjoiYWRtaW4iLCJ1c2VySWQiOjEsInVzZXJuYW1lIjoiYWRtaW4xIiwiaWF0IjoxNzQ5OTkzNjc3LCJleHAiOjE3NTAwODAwNzd9.5UzdDEkWqbmDNoBWnUepq6I1ee2ujWsBbI3XdjHHFFyeml6BbiYO6z6D4OMUaHfGh6YFHQqhLe-KUa00DaoFuQ
2025-06-15 21:21:17.951 [http-nio-8082-exec-7] INFO  hit.cs.sciencefms.util.JwtUtil - JWT验证成功
2025-06-15 21:21:17.958 [http-nio-8082-exec-7] DEBUG hit.cs.sciencefms.mapper.UserMapper.selectCount - ==>  Preparing: SELECT COUNT( * ) AS total FROM t_user
2025-06-15 21:21:17.958 [http-nio-8082-exec-7] DEBUG hit.cs.sciencefms.mapper.UserMapper.selectCount - ==> Parameters: 
2025-06-15 21:21:17.988 [http-nio-8082-exec-7] DEBUG hit.cs.sciencefms.mapper.UserMapper.selectCount - <==      Total: 1
2025-06-15 21:21:17.989 [http-nio-8082-exec-7] DEBUG h.c.s.m.IntellectualPropertyMapper.selectCount - ==>  Preparing: SELECT COUNT( * ) AS total FROM t_intellectual_property WHERE is_deleted=0
2025-06-15 21:21:17.989 [http-nio-8082-exec-7] DEBUG h.c.s.m.IntellectualPropertyMapper.selectCount - ==> Parameters: 
2025-06-15 21:21:18.015 [http-nio-8082-exec-7] DEBUG h.c.s.m.IntellectualPropertyMapper.selectCount - <==      Total: 1
2025-06-15 21:21:18.016 [http-nio-8082-exec-7] DEBUG hit.cs.sciencefms.mapper.AwardMapper.selectCount - ==>  Preparing: SELECT COUNT( * ) AS total FROM t_award WHERE is_deleted=0
2025-06-15 21:21:18.017 [http-nio-8082-exec-7] DEBUG hit.cs.sciencefms.mapper.AwardMapper.selectCount - ==> Parameters: 
2025-06-15 21:21:18.051 [http-nio-8082-exec-7] DEBUG hit.cs.sciencefms.mapper.AwardMapper.selectCount - <==      Total: 1
2025-06-15 21:21:18.051 [http-nio-8082-exec-7] DEBUG h.c.s.mapper.ResearchProjectMapper.selectCount - ==>  Preparing: SELECT COUNT( * ) AS total FROM t_research_project WHERE is_deleted=0
2025-06-15 21:21:18.051 [http-nio-8082-exec-7] DEBUG h.c.s.mapper.ResearchProjectMapper.selectCount - ==> Parameters: 
2025-06-15 21:21:18.087 [http-nio-8082-exec-7] DEBUG h.c.s.mapper.ResearchProjectMapper.selectCount - <==      Total: 1
2025-06-15 21:21:18.088 [http-nio-8082-exec-7] DEBUG h.c.s.mapper.VisitRecordMapper.selectCount - ==>  Preparing: SELECT COUNT( * ) AS total FROM t_visit_record WHERE is_deleted=0
2025-06-15 21:21:18.088 [http-nio-8082-exec-7] DEBUG h.c.s.mapper.VisitRecordMapper.selectCount - ==> Parameters: 
2025-06-15 21:21:18.129 [http-nio-8082-exec-7] DEBUG h.c.s.mapper.VisitRecordMapper.selectCount - <==      Total: 1
2025-06-15 21:21:23.837 [http-nio-8082-exec-9] INFO  hit.cs.sciencefms.util.JwtUtil - JWT验证成功
2025-06-15 21:21:25.134 [http-nio-8082-exec-2] INFO  hit.cs.sciencefms.util.JwtUtil - JWT验证成功
2025-06-15 21:21:26.164 [http-nio-8082-exec-3] INFO  hit.cs.sciencefms.util.JwtUtil - JWT验证成功
2025-06-15 21:21:26.196 [http-nio-8082-exec-3] DEBUG hit.cs.sciencefms.mapper.TeacherMapper.selectList - ==>  Preparing: SELECT id,username,real_name,gender,birth_date,title,department,position,research_area,email,phone,office_location,avatar_url,create_time,update_time,is_deleted FROM t_teacher WHERE is_deleted=0
2025-06-15 21:21:26.196 [http-nio-8082-exec-3] DEBUG hit.cs.sciencefms.mapper.TeacherMapper.selectList - ==> Parameters: 
2025-06-15 21:21:26.225 [http-nio-8082-exec-3] DEBUG hit.cs.sciencefms.mapper.TeacherMapper.selectList - <==      Total: 10
2025-06-15 21:21:26.411 [http-nio-8082-exec-10] INFO  hit.cs.sciencefms.util.JwtUtil - JWT验证成功
2025-06-15 21:21:26.412 [http-nio-8082-exec-10] DEBUG hit.cs.sciencefms.mapper.UserMapper.selectCount - ==>  Preparing: SELECT COUNT( * ) AS total FROM t_user
2025-06-15 21:21:26.412 [http-nio-8082-exec-10] DEBUG hit.cs.sciencefms.mapper.UserMapper.selectCount - ==> Parameters: 
2025-06-15 21:21:26.441 [http-nio-8082-exec-10] DEBUG hit.cs.sciencefms.mapper.UserMapper.selectCount - <==      Total: 1
2025-06-15 21:21:26.442 [http-nio-8082-exec-10] DEBUG h.c.s.m.IntellectualPropertyMapper.selectCount - ==>  Preparing: SELECT COUNT( * ) AS total FROM t_intellectual_property WHERE is_deleted=0
2025-06-15 21:21:26.442 [http-nio-8082-exec-10] DEBUG h.c.s.m.IntellectualPropertyMapper.selectCount - ==> Parameters: 
2025-06-15 21:21:26.467 [http-nio-8082-exec-10] DEBUG h.c.s.m.IntellectualPropertyMapper.selectCount - <==      Total: 1
2025-06-15 21:21:26.468 [http-nio-8082-exec-10] DEBUG hit.cs.sciencefms.mapper.AwardMapper.selectCount - ==>  Preparing: SELECT COUNT( * ) AS total FROM t_award WHERE is_deleted=0
2025-06-15 21:21:26.469 [http-nio-8082-exec-10] DEBUG hit.cs.sciencefms.mapper.AwardMapper.selectCount - ==> Parameters: 
2025-06-15 21:21:26.495 [http-nio-8082-exec-10] DEBUG hit.cs.sciencefms.mapper.AwardMapper.selectCount - <==      Total: 1
2025-06-15 21:21:26.495 [http-nio-8082-exec-10] DEBUG h.c.s.mapper.ResearchProjectMapper.selectCount - ==>  Preparing: SELECT COUNT( * ) AS total FROM t_research_project WHERE is_deleted=0
2025-06-15 21:21:26.495 [http-nio-8082-exec-10] DEBUG h.c.s.mapper.ResearchProjectMapper.selectCount - ==> Parameters: 
2025-06-15 21:21:26.521 [http-nio-8082-exec-10] DEBUG h.c.s.mapper.ResearchProjectMapper.selectCount - <==      Total: 1
2025-06-15 21:21:26.522 [http-nio-8082-exec-10] DEBUG h.c.s.mapper.VisitRecordMapper.selectCount - ==>  Preparing: SELECT COUNT( * ) AS total FROM t_visit_record WHERE is_deleted=0
2025-06-15 21:21:26.522 [http-nio-8082-exec-10] DEBUG h.c.s.mapper.VisitRecordMapper.selectCount - ==> Parameters: 
2025-06-15 21:21:26.548 [http-nio-8082-exec-10] DEBUG h.c.s.mapper.VisitRecordMapper.selectCount - <==      Total: 1
2025-06-15 21:26:17.533 [SpringApplicationShutdownHook] INFO  com.zaxxer.hikari.HikariDataSource - HikariPool-1 - Shutdown initiated...
2025-06-15 21:26:17.535 [SpringApplicationShutdownHook] INFO  com.zaxxer.hikari.HikariDataSource - HikariPool-1 - Shutdown completed.
2025-06-15 21:33:25.721 [main] INFO  hit.cs.sciencefms.ScienceFmsApplication - Starting ScienceFmsApplication using Java 17.0.10 with PID 37100 (D:\Codes\SchoolProject\Java\SoftwareProjection\scienceSystem\BackEnd\scienceFMS\target\classes started by DELL in D:\Codes\SchoolProject\Java\SoftwareProjection\scienceSystem\BackEnd\scienceFMS)
2025-06-15 21:33:25.723 [main] DEBUG hit.cs.sciencefms.ScienceFmsApplication - Running with Spring Boot v3.0.2, Spring v6.0.4
2025-06-15 21:33:25.724 [main] INFO  hit.cs.sciencefms.ScienceFmsApplication - No active profile set, falling back to 1 default profile: "default"
2025-06-15 21:33:27.282 [main] INFO  o.s.boot.web.embedded.tomcat.TomcatWebServer - Tomcat initialized with port(s): 8082 (http)
2025-06-15 21:33:27.289 [main] INFO  org.apache.catalina.core.StandardService - Starting service [Tomcat]
2025-06-15 21:33:27.289 [main] INFO  org.apache.catalina.core.StandardEngine - Starting Servlet engine: [Apache Tomcat/10.1.5]
2025-06-15 21:33:27.344 [main] INFO  o.a.c.core.ContainerBase.[Tomcat].[localhost].[/] - Initializing Spring embedded WebApplicationContext
2025-06-15 21:33:27.344 [main] INFO  o.s.b.w.s.c.ServletWebServerApplicationContext - Root WebApplicationContext: initialization completed in 1580 ms
2025-06-15 21:33:27.418 [main] DEBUG hit.cs.sciencefms.config.JwtFilter - Filter 'jwtFilter' configured for use
2025-06-15 21:33:28.010 [main] INFO  o.s.b.a.web.servlet.WelcomePageHandlerMapping - Adding welcome page: class path resource [static/index.html]
2025-06-15 21:33:28.152 [main] INFO  o.s.boot.web.embedded.tomcat.TomcatWebServer - Tomcat started on port(s): 8082 (http) with context path ''
2025-06-15 21:33:28.158 [main] INFO  hit.cs.sciencefms.ScienceFmsApplication - Started ScienceFmsApplication in 2.796 seconds (process running for 3.216)
2025-06-15 21:33:29.049 [http-nio-8082-exec-2] INFO  o.a.c.core.ContainerBase.[Tomcat].[localhost].[/] - Initializing Spring DispatcherServlet 'dispatcherServlet'
2025-06-15 21:33:29.049 [http-nio-8082-exec-2] INFO  org.springframework.web.servlet.DispatcherServlet - Initializing Servlet 'dispatcherServlet'
2025-06-15 21:33:29.050 [http-nio-8082-exec-2] INFO  org.springframework.web.servlet.DispatcherServlet - Completed initialization in 1 ms
2025-06-15 21:33:29.101 [http-nio-8082-exec-4] ERROR hit.cs.sciencefms.util.JwtUtil - JWT验证失败: JWT signature does not match locally computed signature. JWT validity cannot be asserted and should not be trusted.
2025-06-15 21:33:29.101 [http-nio-8082-exec-3] ERROR hit.cs.sciencefms.util.JwtUtil - JWT验证失败: JWT signature does not match locally computed signature. JWT validity cannot be asserted and should not be trusted.
2025-06-15 21:33:42.520 [http-nio-8082-exec-6] INFO  hit.cs.sciencefms.service.impl.UserServiceImpl - 用户登录: teacher1
2025-06-15 21:33:42.552 [http-nio-8082-exec-6] WARN  c.b.m.core.toolkit.support.ReflectLambdaMeta - Unable to make field private final java.lang.Class java.lang.invoke.SerializedLambda.capturingClass accessible: module java.base does not "opens java.lang.invoke" to unnamed module @75d4a5c2
2025-06-15 21:33:42.561 [http-nio-8082-exec-6] INFO  com.zaxxer.hikari.HikariDataSource - HikariPool-1 - Starting...
2025-06-15 21:33:42.885 [http-nio-8082-exec-6] INFO  com.zaxxer.hikari.pool.HikariPool - HikariPool-1 - Added connection org.postgresql.jdbc.PgConnection@5d751a8d
2025-06-15 21:33:42.887 [http-nio-8082-exec-6] INFO  com.zaxxer.hikari.HikariDataSource - HikariPool-1 - Start completed.
2025-06-15 21:33:42.893 [http-nio-8082-exec-6] DEBUG hit.cs.sciencefms.mapper.UserMapper.selectList - ==>  Preparing: SELECT id,username,password,role,real_name,email,phone,status,login_fail_count,create_time,update_time FROM t_user WHERE (username = ?)
2025-06-15 21:33:42.903 [http-nio-8082-exec-6] DEBUG hit.cs.sciencefms.mapper.UserMapper.selectList - ==> Parameters: teacher1(String)
2025-06-15 21:33:42.945 [http-nio-8082-exec-6] DEBUG hit.cs.sciencefms.mapper.UserMapper.selectList - <==      Total: 1
2025-06-15 21:33:42.954 [http-nio-8082-exec-6] DEBUG h.c.s.mapper.UserMapper.resetLoginFailCount - ==>  Preparing: UPDATE t_user SET login_fail_count = 0 WHERE username = ?
2025-06-15 21:33:42.955 [http-nio-8082-exec-6] DEBUG h.c.s.mapper.UserMapper.resetLoginFailCount - ==> Parameters: teacher1(String)
2025-06-15 21:33:42.987 [http-nio-8082-exec-6] DEBUG h.c.s.mapper.UserMapper.resetLoginFailCount - <==    Updates: 1
2025-06-15 21:33:43.006 [http-nio-8082-exec-6] INFO  hit.cs.sciencefms.service.impl.UserServiceImpl - JWT token: eyJhbGciOiJIUzUxMiJ9.eyJyb2xlIjoidGVhY2hlciIsInVzZXJJZCI6MiwidXNlcm5hbWUiOiJ0ZWFjaGVyMSIsImlhdCI6MTc0OTk5NDQyMiwiZXhwIjoxNzUwMDgwODIyfQ.Ik2g5rwWrPJ_kJzC6kRa7CzWR-jwZ8fV3eMJTktOVEAWV8rSSvZiQp0R6QqoPZeWS8x36qV8dqo0k1JOzFDHqw
2025-06-15 21:33:43.009 [http-nio-8082-exec-6] DEBUG hit.cs.sciencefms.mapper.TeacherMapper.selectList - ==>  Preparing: SELECT id,username,real_name,gender,birth_date,title,department,position,research_area,email,phone,office_location,avatar_url,create_time,update_time,is_deleted FROM t_teacher WHERE is_deleted=0 AND (username = ?)
2025-06-15 21:33:43.010 [http-nio-8082-exec-6] DEBUG hit.cs.sciencefms.mapper.TeacherMapper.selectList - ==> Parameters: teacher1(String)
2025-06-15 21:33:43.044 [http-nio-8082-exec-6] DEBUG hit.cs.sciencefms.mapper.TeacherMapper.selectList - <==      Total: 1
2025-06-15 21:33:43.108 [http-nio-8082-exec-7] INFO  hit.cs.sciencefms.util.JwtUtil - JWT验证成功
2025-06-15 21:33:43.115 [http-nio-8082-exec-7] WARN  o.s.core.LocalVariableTableParameterNameDiscoverer - Using deprecated '-debug' fallback for parameter name resolution. Compile the affected code with '-parameters' instead or avoid its introspection: hit.cs.sciencefms.controller.TeacherProfileController
2025-06-15 21:33:43.116 [http-nio-8082-exec-7] DEBUG h.c.s.mapper.TeacherMapper.selectByUsername - ==>  Preparing: SELECT * FROM t_teacher WHERE username = ? AND is_deleted = 0
2025-06-15 21:33:43.117 [http-nio-8082-exec-7] DEBUG h.c.s.mapper.TeacherMapper.selectByUsername - ==> Parameters: teacher1(String)
2025-06-15 21:33:43.148 [http-nio-8082-exec-7] DEBUG h.c.s.mapper.TeacherMapper.selectByUsername - <==      Total: 1
2025-06-15 21:33:43.149 [http-nio-8082-exec-7] DEBUG h.c.s.m.TeacherEducationMapper.selectByTeacherId - ==>  Preparing: SELECT * FROM t_teacher_education WHERE teacher_id = ? AND is_deleted = 0 ORDER BY end_year DESC
2025-06-15 21:33:43.151 [http-nio-8082-exec-7] DEBUG h.c.s.m.TeacherEducationMapper.selectByTeacherId - ==> Parameters: 1(Long)
2025-06-15 21:33:43.184 [http-nio-8082-exec-7] DEBUG h.c.s.m.TeacherEducationMapper.selectByTeacherId - <==      Total: 3
2025-06-15 21:33:56.293 [http-nio-8082-exec-5] INFO  hit.cs.sciencefms.service.impl.UserServiceImpl - 用户登录: admin1
2025-06-15 21:33:56.324 [http-nio-8082-exec-5] DEBUG hit.cs.sciencefms.mapper.UserMapper.selectList - ==>  Preparing: SELECT id,username,password,role,real_name,email,phone,status,login_fail_count,create_time,update_time FROM t_user WHERE (username = ?)
2025-06-15 21:33:56.324 [http-nio-8082-exec-5] DEBUG hit.cs.sciencefms.mapper.UserMapper.selectList - ==> Parameters: admin1(String)
2025-06-15 21:33:56.355 [http-nio-8082-exec-5] DEBUG hit.cs.sciencefms.mapper.UserMapper.selectList - <==      Total: 1
2025-06-15 21:33:56.356 [http-nio-8082-exec-5] DEBUG h.c.s.mapper.UserMapper.resetLoginFailCount - ==>  Preparing: UPDATE t_user SET login_fail_count = 0 WHERE username = ?
2025-06-15 21:33:56.356 [http-nio-8082-exec-5] DEBUG h.c.s.mapper.UserMapper.resetLoginFailCount - ==> Parameters: admin1(String)
2025-06-15 21:33:56.388 [http-nio-8082-exec-5] DEBUG h.c.s.mapper.UserMapper.resetLoginFailCount - <==    Updates: 1
2025-06-15 21:33:56.389 [http-nio-8082-exec-5] INFO  hit.cs.sciencefms.service.impl.UserServiceImpl - JWT token: eyJhbGciOiJIUzUxMiJ9.eyJyb2xlIjoiYWRtaW4iLCJ1c2VySWQiOjEsInVzZXJuYW1lIjoiYWRtaW4xIiwiaWF0IjoxNzQ5OTk0NDM2LCJleHAiOjE3NTAwODA4MzZ9.6u60kMT-8ZprTiU5tMegj4zvlAaig9lPf1ueyjM_BdBgl0BOkbMtmhyRCz9iOZk6hfx_vrUT_xp7b9Ow_wbpRQ
2025-06-15 21:33:56.441 [http-nio-8082-exec-9] INFO  hit.cs.sciencefms.util.JwtUtil - JWT验证成功
2025-06-15 21:33:56.450 [http-nio-8082-exec-9] DEBUG hit.cs.sciencefms.mapper.UserMapper.selectCount - ==>  Preparing: SELECT COUNT( * ) AS total FROM t_user
2025-06-15 21:33:56.451 [http-nio-8082-exec-9] DEBUG hit.cs.sciencefms.mapper.UserMapper.selectCount - ==> Parameters: 
2025-06-15 21:33:56.485 [http-nio-8082-exec-9] DEBUG hit.cs.sciencefms.mapper.UserMapper.selectCount - <==      Total: 1
2025-06-15 21:33:56.486 [http-nio-8082-exec-9] DEBUG h.c.s.m.IntellectualPropertyMapper.selectCount - ==>  Preparing: SELECT COUNT( * ) AS total FROM t_intellectual_property WHERE is_deleted=0
2025-06-15 21:33:56.486 [http-nio-8082-exec-9] DEBUG h.c.s.m.IntellectualPropertyMapper.selectCount - ==> Parameters: 
2025-06-15 21:33:56.517 [http-nio-8082-exec-9] DEBUG h.c.s.m.IntellectualPropertyMapper.selectCount - <==      Total: 1
2025-06-15 21:33:56.518 [http-nio-8082-exec-9] DEBUG hit.cs.sciencefms.mapper.AwardMapper.selectCount - ==>  Preparing: SELECT COUNT( * ) AS total FROM t_award WHERE is_deleted=0
2025-06-15 21:33:56.518 [http-nio-8082-exec-9] DEBUG hit.cs.sciencefms.mapper.AwardMapper.selectCount - ==> Parameters: 
2025-06-15 21:33:56.552 [http-nio-8082-exec-9] DEBUG hit.cs.sciencefms.mapper.AwardMapper.selectCount - <==      Total: 1
2025-06-15 21:33:56.553 [http-nio-8082-exec-9] DEBUG h.c.s.mapper.ResearchProjectMapper.selectCount - ==>  Preparing: SELECT COUNT( * ) AS total FROM t_research_project WHERE is_deleted=0
2025-06-15 21:33:56.553 [http-nio-8082-exec-9] DEBUG h.c.s.mapper.ResearchProjectMapper.selectCount - ==> Parameters: 
2025-06-15 21:33:56.584 [http-nio-8082-exec-9] DEBUG h.c.s.mapper.ResearchProjectMapper.selectCount - <==      Total: 1
2025-06-15 21:33:56.584 [http-nio-8082-exec-9] DEBUG h.c.s.mapper.VisitRecordMapper.selectCount - ==>  Preparing: SELECT COUNT( * ) AS total FROM t_visit_record WHERE is_deleted=0
2025-06-15 21:33:56.585 [http-nio-8082-exec-9] DEBUG h.c.s.mapper.VisitRecordMapper.selectCount - ==> Parameters: 
2025-06-15 21:33:56.614 [http-nio-8082-exec-9] DEBUG h.c.s.mapper.VisitRecordMapper.selectCount - <==      Total: 1
2025-06-15 21:33:58.437 [http-nio-8082-exec-2] INFO  hit.cs.sciencefms.util.JwtUtil - JWT验证成功
2025-06-15 21:33:58.470 [http-nio-8082-exec-2] DEBUG hit.cs.sciencefms.mapper.TeacherMapper.selectList - ==>  Preparing: SELECT id,username,real_name,gender,birth_date,title,department,position,research_area,email,phone,office_location,avatar_url,create_time,update_time,is_deleted FROM t_teacher WHERE is_deleted=0
2025-06-15 21:33:58.471 [http-nio-8082-exec-2] DEBUG hit.cs.sciencefms.mapper.TeacherMapper.selectList - ==> Parameters: 
2025-06-15 21:33:58.505 [http-nio-8082-exec-2] DEBUG hit.cs.sciencefms.mapper.TeacherMapper.selectList - <==      Total: 10
2025-06-15 21:34:00.416 [http-nio-8082-exec-3] INFO  hit.cs.sciencefms.util.JwtUtil - JWT验证成功
2025-06-15 21:34:01.835 [http-nio-8082-exec-4] INFO  hit.cs.sciencefms.util.JwtUtil - JWT验证成功
2025-06-15 21:34:04.143 [http-nio-8082-exec-6] INFO  hit.cs.sciencefms.util.JwtUtil - JWT验证成功
2025-06-15 21:34:04.177 [http-nio-8082-exec-6] DEBUG hit.cs.sciencefms.mapper.TeacherMapper.selectList - ==>  Preparing: SELECT id,username,real_name,gender,birth_date,title,department,position,research_area,email,phone,office_location,avatar_url,create_time,update_time,is_deleted FROM t_teacher WHERE is_deleted=0
2025-06-15 21:34:04.177 [http-nio-8082-exec-6] DEBUG hit.cs.sciencefms.mapper.TeacherMapper.selectList - ==> Parameters: 
2025-06-15 21:34:04.216 [http-nio-8082-exec-6] DEBUG hit.cs.sciencefms.mapper.TeacherMapper.selectList - <==      Total: 10
2025-06-15 21:34:08.745 [http-nio-8082-exec-7] INFO  hit.cs.sciencefms.util.JwtUtil - JWT验证成功
2025-06-15 21:34:08.777 [http-nio-8082-exec-7] DEBUG hit.cs.sciencefms.mapper.UserMapper.selectCount - ==>  Preparing: SELECT COUNT( * ) AS total FROM t_user
2025-06-15 21:34:08.777 [http-nio-8082-exec-7] DEBUG hit.cs.sciencefms.mapper.UserMapper.selectCount - ==> Parameters: 
2025-06-15 21:34:08.807 [http-nio-8082-exec-7] DEBUG hit.cs.sciencefms.mapper.UserMapper.selectCount - <==      Total: 1
2025-06-15 21:34:08.808 [http-nio-8082-exec-7] DEBUG h.c.s.m.IntellectualPropertyMapper.selectCount - ==>  Preparing: SELECT COUNT( * ) AS total FROM t_intellectual_property WHERE is_deleted=0
2025-06-15 21:34:08.808 [http-nio-8082-exec-7] DEBUG h.c.s.m.IntellectualPropertyMapper.selectCount - ==> Parameters: 
2025-06-15 21:34:08.838 [http-nio-8082-exec-7] DEBUG h.c.s.m.IntellectualPropertyMapper.selectCount - <==      Total: 1
2025-06-15 21:34:08.839 [http-nio-8082-exec-7] DEBUG hit.cs.sciencefms.mapper.AwardMapper.selectCount - ==>  Preparing: SELECT COUNT( * ) AS total FROM t_award WHERE is_deleted=0
2025-06-15 21:34:08.840 [http-nio-8082-exec-7] DEBUG hit.cs.sciencefms.mapper.AwardMapper.selectCount - ==> Parameters: 
2025-06-15 21:34:08.869 [http-nio-8082-exec-7] DEBUG hit.cs.sciencefms.mapper.AwardMapper.selectCount - <==      Total: 1
2025-06-15 21:34:08.870 [http-nio-8082-exec-7] DEBUG h.c.s.mapper.ResearchProjectMapper.selectCount - ==>  Preparing: SELECT COUNT( * ) AS total FROM t_research_project WHERE is_deleted=0
2025-06-15 21:34:08.870 [http-nio-8082-exec-7] DEBUG h.c.s.mapper.ResearchProjectMapper.selectCount - ==> Parameters: 
2025-06-15 21:34:08.901 [http-nio-8082-exec-7] DEBUG h.c.s.mapper.ResearchProjectMapper.selectCount - <==      Total: 1
2025-06-15 21:34:08.902 [http-nio-8082-exec-7] DEBUG h.c.s.mapper.VisitRecordMapper.selectCount - ==>  Preparing: SELECT COUNT( * ) AS total FROM t_visit_record WHERE is_deleted=0
2025-06-15 21:34:08.903 [http-nio-8082-exec-7] DEBUG h.c.s.mapper.VisitRecordMapper.selectCount - ==> Parameters: 
2025-06-15 21:34:08.932 [http-nio-8082-exec-7] DEBUG h.c.s.mapper.VisitRecordMapper.selectCount - <==      Total: 1
2025-06-15 21:34:14.686 [http-nio-8082-exec-5] INFO  hit.cs.sciencefms.util.JwtUtil - JWT验证成功
2025-06-15 21:34:14.717 [http-nio-8082-exec-5] DEBUG hit.cs.sciencefms.mapper.TeacherMapper.selectList - ==>  Preparing: SELECT id,username,real_name,gender,birth_date,title,department,position,research_area,email,phone,office_location,avatar_url,create_time,update_time,is_deleted FROM t_teacher WHERE is_deleted=0
2025-06-15 21:34:14.718 [http-nio-8082-exec-5] DEBUG hit.cs.sciencefms.mapper.TeacherMapper.selectList - ==> Parameters: 
2025-06-15 21:34:14.749 [http-nio-8082-exec-5] DEBUG hit.cs.sciencefms.mapper.TeacherMapper.selectList - <==      Total: 10
2025-06-15 21:34:20.687 [http-nio-8082-exec-8] INFO  hit.cs.sciencefms.util.JwtUtil - JWT验证成功
2025-06-15 21:34:30.523 [SpringApplicationShutdownHook] INFO  com.zaxxer.hikari.HikariDataSource - HikariPool-1 - Shutdown initiated...
2025-06-15 21:34:30.529 [SpringApplicationShutdownHook] INFO  com.zaxxer.hikari.HikariDataSource - HikariPool-1 - Shutdown completed.
2025-06-18 13:07:15.922 [main] INFO  hit.cs.sciencefms.ScienceFmsApplication - Starting ScienceFmsApplication using Java 17.0.10 with PID 16976 (D:\Codes\SchoolProject\Java\SoftwareProjection\scienceSystem\BackEnd\scienceFMS\target\classes started by DELL in D:\Codes\SchoolProject\Java\SoftwareProjection\scienceSystem\BackEnd\scienceFMS)
2025-06-18 13:07:15.924 [main] DEBUG hit.cs.sciencefms.ScienceFmsApplication - Running with Spring Boot v3.0.2, Spring v6.0.4
2025-06-18 13:07:15.924 [main] INFO  hit.cs.sciencefms.ScienceFmsApplication - No active profile set, falling back to 1 default profile: "default"
2025-06-18 13:07:17.053 [main] INFO  o.s.boot.web.embedded.tomcat.TomcatWebServer - Tomcat initialized with port(s): 8082 (http)
2025-06-18 13:07:17.060 [main] INFO  org.apache.catalina.core.StandardService - Starting service [Tomcat]
2025-06-18 13:07:17.061 [main] INFO  org.apache.catalina.core.StandardEngine - Starting Servlet engine: [Apache Tomcat/10.1.5]
2025-06-18 13:07:17.122 [main] INFO  o.a.c.core.ContainerBase.[Tomcat].[localhost].[/] - Initializing Spring embedded WebApplicationContext
2025-06-18 13:07:17.122 [main] INFO  o.s.b.w.s.c.ServletWebServerApplicationContext - Root WebApplicationContext: initialization completed in 1169 ms
2025-06-18 13:07:17.194 [main] DEBUG hit.cs.sciencefms.config.JwtFilter - Filter 'jwtFilter' configured for use
2025-06-18 13:07:17.835 [main] INFO  o.s.b.a.web.servlet.WelcomePageHandlerMapping - Adding welcome page: class path resource [static/index.html]
2025-06-18 13:07:17.971 [main] INFO  o.s.boot.web.embedded.tomcat.TomcatWebServer - Tomcat started on port(s): 8082 (http) with context path ''
2025-06-18 13:07:17.977 [main] INFO  hit.cs.sciencefms.ScienceFmsApplication - Started ScienceFmsApplication in 2.354 seconds (process running for 2.748)
2025-06-18 13:07:56.479 [http-nio-8082-exec-1] INFO  o.a.c.core.ContainerBase.[Tomcat].[localhost].[/] - Initializing Spring DispatcherServlet 'dispatcherServlet'
2025-06-18 13:07:56.479 [http-nio-8082-exec-1] INFO  org.springframework.web.servlet.DispatcherServlet - Initializing Servlet 'dispatcherServlet'
2025-06-18 13:07:56.480 [http-nio-8082-exec-1] INFO  org.springframework.web.servlet.DispatcherServlet - Completed initialization in 0 ms
2025-06-18 13:07:56.518 [http-nio-8082-exec-1] ERROR hit.cs.sciencefms.util.JwtUtil - JWT验证失败: JWT signature does not match locally computed signature. JWT validity cannot be asserted and should not be trusted.
2025-06-18 13:08:02.699 [http-nio-8082-exec-6] INFO  hit.cs.sciencefms.service.impl.UserServiceImpl - 用户登录: teacher1
2025-06-18 13:08:02.726 [http-nio-8082-exec-6] WARN  c.b.m.core.toolkit.support.ReflectLambdaMeta - Unable to make field private final java.lang.Class java.lang.invoke.SerializedLambda.capturingClass accessible: module java.base does not "opens java.lang.invoke" to unnamed module @1d296da
2025-06-18 13:08:02.736 [http-nio-8082-exec-6] INFO  com.zaxxer.hikari.HikariDataSource - HikariPool-1 - Starting...
2025-06-18 13:08:03.043 [http-nio-8082-exec-6] INFO  com.zaxxer.hikari.pool.HikariPool - HikariPool-1 - Added connection org.postgresql.jdbc.PgConnection@5a8f481e
2025-06-18 13:08:03.044 [http-nio-8082-exec-6] INFO  com.zaxxer.hikari.HikariDataSource - HikariPool-1 - Start completed.
2025-06-18 13:08:03.052 [http-nio-8082-exec-6] DEBUG hit.cs.sciencefms.mapper.UserMapper.selectList - ==>  Preparing: SELECT id,username,password,role,real_name,email,phone,status,login_fail_count,create_time,update_time FROM t_user WHERE (username = ?)
2025-06-18 13:08:03.059 [http-nio-8082-exec-6] DEBUG hit.cs.sciencefms.mapper.UserMapper.selectList - ==> Parameters: teacher1(String)
2025-06-18 13:08:03.105 [http-nio-8082-exec-6] DEBUG hit.cs.sciencefms.mapper.UserMapper.selectList - <==      Total: 1
2025-06-18 13:08:03.109 [http-nio-8082-exec-6] DEBUG h.c.s.mapper.UserMapper.resetLoginFailCount - ==>  Preparing: UPDATE t_user SET login_fail_count = 0 WHERE username = ?
2025-06-18 13:08:03.110 [http-nio-8082-exec-6] DEBUG h.c.s.mapper.UserMapper.resetLoginFailCount - ==> Parameters: teacher1(String)
2025-06-18 13:08:03.144 [http-nio-8082-exec-6] DEBUG h.c.s.mapper.UserMapper.resetLoginFailCount - <==    Updates: 1
2025-06-18 13:08:03.158 [http-nio-8082-exec-6] INFO  hit.cs.sciencefms.service.impl.UserServiceImpl - JWT token: eyJhbGciOiJIUzUxMiJ9.eyJyb2xlIjoidGVhY2hlciIsInVzZXJJZCI6MiwidXNlcm5hbWUiOiJ0ZWFjaGVyMSIsImlhdCI6MTc1MDIyMzI4MywiZXhwIjoxNzUwMzA5NjgzfQ.2nqiVWR2tfJ5fG-OWtJmVxc-DSJC-k7Daoqe-dE4pbOrQRqyN7oyDkHosqoNIIB7rPl_F3LxJJzhCLefLop3UA
2025-06-18 13:08:03.160 [http-nio-8082-exec-6] DEBUG hit.cs.sciencefms.mapper.TeacherMapper.selectList - ==>  Preparing: SELECT id,username,real_name,gender,birth_date,title,department,position,research_area,email,phone,office_location,avatar_url,create_time,update_time,is_deleted FROM t_teacher WHERE is_deleted=0 AND (username = ?)
2025-06-18 13:08:03.160 [http-nio-8082-exec-6] DEBUG hit.cs.sciencefms.mapper.TeacherMapper.selectList - ==> Parameters: teacher1(String)
2025-06-18 13:08:03.192 [http-nio-8082-exec-6] DEBUG hit.cs.sciencefms.mapper.TeacherMapper.selectList - <==      Total: 1
2025-06-18 13:08:03.250 [http-nio-8082-exec-2] INFO  hit.cs.sciencefms.util.JwtUtil - JWT验证成功
2025-06-18 13:08:03.256 [http-nio-8082-exec-2] WARN  o.s.core.LocalVariableTableParameterNameDiscoverer - Using deprecated '-debug' fallback for parameter name resolution. Compile the affected code with '-parameters' instead or avoid its introspection: hit.cs.sciencefms.controller.TeacherProfileController
2025-06-18 13:08:03.258 [http-nio-8082-exec-2] DEBUG h.c.s.mapper.TeacherMapper.selectByUsername - ==>  Preparing: SELECT * FROM t_teacher WHERE username = ? AND is_deleted = 0
2025-06-18 13:08:03.260 [http-nio-8082-exec-2] DEBUG h.c.s.mapper.TeacherMapper.selectByUsername - ==> Parameters: teacher1(String)
2025-06-18 13:08:03.296 [http-nio-8082-exec-2] DEBUG h.c.s.mapper.TeacherMapper.selectByUsername - <==      Total: 1
2025-06-18 13:08:03.297 [http-nio-8082-exec-2] DEBUG h.c.s.m.TeacherEducationMapper.selectByTeacherId - ==>  Preparing: SELECT * FROM t_teacher_education WHERE teacher_id = ? AND is_deleted = 0 ORDER BY end_year DESC
2025-06-18 13:08:03.299 [http-nio-8082-exec-2] DEBUG h.c.s.m.TeacherEducationMapper.selectByTeacherId - ==> Parameters: 1(Long)
2025-06-18 13:08:03.329 [http-nio-8082-exec-2] DEBUG h.c.s.m.TeacherEducationMapper.selectByTeacherId - <==      Total: 4
2025-06-18 13:08:04.650 [http-nio-8082-exec-4] INFO  hit.cs.sciencefms.util.JwtUtil - JWT验证成功
2025-06-18 13:08:04.652 [http-nio-8082-exec-4] WARN  o.s.core.LocalVariableTableParameterNameDiscoverer - Using deprecated '-debug' fallback for parameter name resolution. Compile the affected code with '-parameters' instead or avoid its introspection: hit.cs.sciencefms.controller.ResearchSummaryController
2025-06-18 13:08:04.685 [http-nio-8082-exec-4] DEBUG hit.cs.sciencefms.mapper.TeacherMapper.selectById - ==>  Preparing: SELECT id,username,real_name,gender,birth_date,title,department,position,research_area,email,phone,office_location,avatar_url,create_time,update_time,is_deleted FROM t_teacher WHERE id=? AND is_deleted=0
2025-06-18 13:08:04.685 [http-nio-8082-exec-4] DEBUG hit.cs.sciencefms.mapper.TeacherMapper.selectById - ==> Parameters: 1(Long)
2025-06-18 13:08:04.718 [http-nio-8082-exec-4] DEBUG hit.cs.sciencefms.mapper.TeacherMapper.selectById - <==      Total: 1
2025-06-18 13:08:04.719 [http-nio-8082-exec-4] DEBUG h.c.s.mapper.ResearchProjectMapper.findByTeacherId - ==>  Preparing: SELECT * FROM t_research_project WHERE teacher_id = ? AND is_deleted = 0 ORDER BY start_date DESC
2025-06-18 13:08:04.719 [http-nio-8082-exec-4] DEBUG h.c.s.mapper.ResearchProjectMapper.findByTeacherId - ==> Parameters: 1(Long)
2025-06-18 13:08:04.755 [http-nio-8082-exec-4] DEBUG h.c.s.mapper.ResearchProjectMapper.findByTeacherId - <==      Total: 8
2025-06-18 13:08:04.756 [http-nio-8082-exec-4] DEBUG h.c.s.m.IntellectualPropertyMapper.findByTeacherId - ==>  Preparing: SELECT * FROM t_intellectual_property WHERE teacher_id = ? AND is_deleted = 0 ORDER BY auth_date DESC
2025-06-18 13:08:04.757 [http-nio-8082-exec-4] DEBUG h.c.s.m.IntellectualPropertyMapper.findByTeacherId - ==> Parameters: 1(Long)
2025-06-18 13:08:04.788 [http-nio-8082-exec-4] DEBUG h.c.s.m.IntellectualPropertyMapper.findByTeacherId - <==      Total: 3
2025-06-18 13:08:04.789 [http-nio-8082-exec-4] DEBUG h.cs.sciencefms.mapper.AwardMapper.findByTeacherId - ==>  Preparing: SELECT * FROM t_award WHERE teacher_id = ? AND is_deleted = 0 ORDER BY award_date DESC
2025-06-18 13:08:04.789 [http-nio-8082-exec-4] DEBUG h.cs.sciencefms.mapper.AwardMapper.findByTeacherId - ==> Parameters: 1(Long)
2025-06-18 13:08:04.821 [http-nio-8082-exec-4] DEBUG h.cs.sciencefms.mapper.AwardMapper.findByTeacherId - <==      Total: 3
2025-06-18 13:08:04.822 [http-nio-8082-exec-4] DEBUG h.c.s.mapper.VisitRecordMapper.findByTeacherId - ==>  Preparing: SELECT * FROM t_visit_record WHERE teacher_id = ? AND is_deleted = 0 ORDER BY start_date DESC
2025-06-18 13:08:04.823 [http-nio-8082-exec-4] DEBUG h.c.s.mapper.VisitRecordMapper.findByTeacherId - ==> Parameters: 1(Long)
2025-06-18 13:08:04.852 [http-nio-8082-exec-4] DEBUG h.c.s.mapper.VisitRecordMapper.findByTeacherId - <==      Total: 4
2025-06-18 13:08:04.862 [http-nio-8082-exec-4] INFO  h.c.s.service.impl.ResearchSummaryServiceImpl - 发送到大模型的请求内容: 你是一位科研助手，请根据以下科研成果详情，生成一段300字以内的中文摘要，语言要求简洁、专业，适合展示在成果展示平台上。

成果详情：
教师姓名：张小hui
职称：教授
研究方向：人工智能、大数据分析

一、科研项目：
1. 项目名称：人工智能辅助教学系统研发
   项目来源：横向项目
   项目经费：350000.00元
   项目时间：2026-03-04 至 2026-03-18
   项目角色：参与者

2. 项目名称：新型储能材料开发
   项目来源：省自然科学基金
   项目经费：332.00元
   项目时间：2025-05-03 至 2025-06-03
   项目角色：主要成员

3. 项目名称：多模态语音识别系统开发	
   项目来源：省自然科学基金
   项目经费：235.00元
   项目时间：2024-05-14 至 2024-06-18
   项目角色：负责人

4. 项目名称：智慧交通数据平台
   项目来源：省部级
   项目经费：1507500.00元
   项目时间：2024-04-10 至 2025-04-22
   项目角色：负责人

5. 项目名称：高效能源管理智能系统
   项目来源：省自然科学基金
   项目经费：520000.00元
   项目时间：2023-11-15 至 2025-11-14
   项目角色：负责人

6. 项目名称：区块链在供应链金融中的理论研究
   项目来源：横向
   项目经费：300000.00元
   项目时间：2023-07-12 至 2026-06-09
   项目角色：主要成员

7. 项目名称：智能驾驶决策系统开发
   项目来源：横向项目
   项目经费：1500000.00元
   项目时间：2020-05-01 至 2022-04-30
   项目角色：负责人

8. 项目名称：多源异构大数据融合技术研究
   项目来源：国家自然科学基金
   项目经费：750000.00元
   项目时间：2018-01-15 至 2020-12-31
   项目角色：负责人

二、知识产权：
1. 名称：云计算资源调度优化方法
   类型：专利 - 发明专利
   授权号：CN202389475D
   授权日期：2023-06-25

2. 名称：一种基于深度学习的图像识别方法
   类型：专利 - 发明专利
   授权号：CN123456789A
   授权日期：2022-05-20

3. 名称：区块链数据安全传输系统
   类型：专利 - 实用新型专利
   授权号：CN987654321B
   授权日期：2021-02-25

三、获奖情况：
1. 奖项名称：全国科技进步奖
   获奖等级：二等奖
   颁发单位：教育部
   获奖日期：2022-12-04

2. 奖项名称：互联网创新应用奖
   获奖等级：金奖
   颁发单位：中国互联网协会
   获奖日期：2022-11-20

3. 奖项名称：省科技创新奖
   获奖等级：一等奖
   颁发单位：省科技厅
   获奖日期：2021-09-15

四、学术交流：
1. 出访目的：参加SIGMOD数据库会议
   出访地点：加拿大·多伦多
   出访时间：2023-07-12 至 2023-07-12
   出访成果：发表高水平论文

2. 出访目的：访学调研
   出访地点：英国剑桥
   出访时间：2023-04-03 至 2023-06-13
   出访成果：撰写SCI论文2篇，申请专利1项

3. 出访目的：访问哈佛大学交流
   出访地点：美国·波士顿
   出访时间：2023-03-05 至 2023-03-20
   出访成果：签署合作协议

4. 出访目的：参加IEEE国际会议
   出访地点：美国·旧金山
   出访时间：2022-10-15 至 2022-10-22
   出访成果：发表论文并建立合作关系



请输出摘要：

2025-06-18 13:08:04.893 [http-nio-8082-exec-4] DEBUG d.l.c.m.qianfan.client.RequestLoggingInterceptor - Request:
- method: GET
- url: https://aip.baidubce.com/oauth/2.0/token?grant_type=client_credentials&client_id=Qy8xDTNUukWWFyY1lEOXdsQl&client_secret=RbCY7XFNjX9KtvSiQvUoZJ85WhvVMScf
- headers: [Content-Type: application/json], [Authorization: Bearer Qy8xDTNUukWWFyY1lEOXdsQl]
- body: 
2025-06-18 13:08:05.237 [http-nio-8082-exec-4] DEBUG d.l.c.m.qianfan.client.ResponseLoggingInterceptor - Response:
- status code: 200
- headers: [cache-control: no-store], [content-type: application/json], [date: Wed, 18 Jun 2025 05:08:05 GMT], [p3p: CP=" OTI DSP COR IVA OUR IND COM "], [server: Apache], [set-cookie: BAIDUID=A367B1F84796E65B4397A295DFEFB9A8:FG=1; expires=Thu, 31-Dec-37 23:55:55 GMT; max-age=2145916555; path=/; domain=.baidubce.com; version=1], [vary: Accept-Encoding]
- body: {"refresh_token":"25.b92fa1400124419b192ab816e8e6044e.315360000.2065583285.282335-119129975","expires_in":2592000,"session_key":"9mzdCPPT9OPnjs8T4OHRI6s8rPiItNYkM+V\/D\/HMFVDmpLXpsBRFQ7lr5zyPiHwaKeFPKdUgGpGO2cPJwIryM0QRaohdFgo=","access_token":"24.37adf588ba26e96eb22b347982c35710.2592000.1752815285.282335-119129975","scope":"public ai_custom_qianfan_bloomz_7b_compressed ai_custom_yiyan_com ai_custom_yiyan_com_128k ai_custom_yiyan_com_agent_speed_32k ai_custom_yiyan_com_aquilachat_7b ai_custom_yiyan_com_bce_reranker_base ai_custom_yiyan_com_bloomz7b1 ai_custom_yiyan_com_chatglm2_6b_32k ai_custom_yiyan_com_codellama_7b_ins ai_custom_yiyan_com_eb_pro ai_custom_yiyan_com_eb_turbo_pro ai_custom_yiyan_com_eb_turbo_pro_128k ai_custom_yiyan_com_emb_bge_large_en ai_custom_yiyan_com_emb_bge_large_zh ai_custom_yiyan_com_emb_tao_8k ai_custom_yiyan_com_emb_text ai_custom_yiyan_com_ernie_3.5_128k_preview ai_custom_yiyan_com_ernie_3.5_8k_0701 ai_custom_yiyan_com_ernie_35_8k_0613 ai_custom_yiyan_com_ernie_35_8k_preview ai_custom_yiyan_com_ernie_4.0_turbo_128k ai_custom_yiyan_com_ernie_4.0_turbo_8k_0628 ai_custom_yiyan_com_ernie_4.0_turbo_8k_latest ai_custom_yiyan_com_ernie_40_8k_0613 ai_custom_yiyan_com_ernie_40_8k_beta ai_custom_yiyan_com_ernie_40_8k_preview ai_custom_yiyan_com_ernie_40_turbo_8k(2) ai_custom_yiyan_com_ernie_40_turbo_8k_preview ai_custom_yiyan_com_ernie_char_8k ai_custom_yiyan_com_ernie_char_fiction_8k ai_custom_yiyan_com_ernie_func_8k ai_custom_yiyan_com_ernie_lite_8k ai_custom_yiyan_com_ernie_lite_pro_128k ai_custom_yiyan_com_ernie_novel_8k ai_custom_yiyan_com_ernie_speed_pro_128k ai_custom_yiyan_com_ernie_tiny_8k ai_custom_yiyan_com_fiction_8k_preview ai_custom_yiyan_com_fuyu_8b ai_custom_yiyan_com_gemma_7b_it ai_custom_yiyan_com_llama2_13b ai_custom_yiyan_com_llama2_70b ai_custom_yiyan_com_llama2_7b ai_custom_yiyan_com_llama3_70b ai_custom_yiyan_com_llama3_8b ai_custom_yiyan_com_mixtral_8x7b ai_custom_yiyan_com_qf_chinese_llama_2_13b ai_custom_yiyan_com_qf_chinese_llama_2_70b ai_custom_yiyan_com_qianfan_agent_lite_8k ai_custom_yiyan_com_qianfan_agent_speed_8k ai_custom_yiyan_com_qianfan_chinese_llama_2_7b ai_custom_yiyan_com_qianfan_dynamic_8k ai_custom_yiyan_com_sd_xl ai_custom_yiyan_com_sqlcoder_7b ai_custom_yiyan_com_tokenizer_eb ai_custom_yiyan_com_xuanyuan_70b_chat ai_custom_yiyan_com_yi_34b brain_all_scope wise_adapt lebo_resource_base lightservice_public hetu_basic lightcms_map_poi kaidian_kaidian ApsMisTest_Test\u6743\u9650 vis-classify_flower lpq_\u5f00\u653e cop_helloScope ApsMis_fangdi_permission smartapp_snsapi_base smartapp_mapp_dev_manage iop_autocar oauth_tp_app smartapp_smart_game_openapi oauth_sessionkey smartapp_swanid_verify smartapp_opensource_openapi smartapp_opensource_recapi fake_face_detect_\u5f00\u653eScope vis-ocr_\u865a\u62df\u4eba\u7269\u52a9\u7406 idl-video_\u865a\u62df\u4eba\u7269\u52a9\u7406 smartapp_component smartapp_search_plugin avatar_video_test b2b_tp_openapi b2b_tp_openapi_online smartapp_gov_aladin_to_xcx","session_secret":"d3731e6535398f6ad05ab0c037b70612"}

2025-06-18 13:08:05.252 [http-nio-8082-exec-4] DEBUG d.l.c.m.qianfan.client.RequestLoggingInterceptor - Request:
- method: POST
- url: https://aip.baidubce.com/rpc/2.0/ai_custom/v1/wenxinworkshop/chat/completions?access_token=24.37adf588ba26e96eb22b347982c35710.2592000.1752815285.282335-119129975
- headers: [Authorization: Bearer Qy8xDTNUukWWFyY1lEOXdsQl]
- body: {
  "messages" : [ {
    "role" : "user",
    "content" : "你是一位科研助手，请根据以下科研成果详情，生成一段300字以内的中文摘要，语言要求简洁、专业，适合展示在成果展示平台上。\n\n成果详情：\n教师姓名：张小hui\n职称：教授\n研究方向：人工智能、大数据分析\n\n一、科研项目：\n1. 项目名称：人工智能辅助教学系统研发\n   项目来源：横向项目\n   项目经费：350000.00元\n   项目时间：2026-03-04 至 2026-03-18\n   项目角色：参与者\n\n2. 项目名称：新型储能材料开发\n   项目来源：省自然科学基金\n   项目经费：332.00元\n   项目时间：2025-05-03 至 2025-06-03\n   项目角色：主要成员\n\n3. 项目名称：多模态语音识别系统开发\t\n   项目来源：省自然科学基金\n   项目经费：235.00元\n   项目时间：2024-05-14 至 2024-06-18\n   项目角色：负责人\n\n4. 项目名称：智慧交通数据平台\n   项目来源：省部级\n   项目经费：1507500.00元\n   项目时间：2024-04-10 至 2025-04-22\n   项目角色：负责人\n\n5. 项目名称：高效能源管理智能系统\n   项目来源：省自然科学基金\n   项目经费：520000.00元\n   项目时间：2023-11-15 至 2025-11-14\n   项目角色：负责人\n\n6. 项目名称：区块链在供应链金融中的理论研究\n   项目来源：横向\n   项目经费：300000.00元\n   项目时间：2023-07-12 至 2026-06-09\n   项目角色：主要成员\n\n7. 项目名称：智能驾驶决策系统开发\n   项目来源：横向项目\n   项目经费：1500000.00元\n   项目时间：2020-05-01 至 2022-04-30\n   项目角色：负责人\n\n8. 项目名称：多源异构大数据融合技术研究\n   项目来源：国家自然科学基金\n   项目经费：750000.00元\n   项目时间：2018-01-15 至 2020-12-31\n   项目角色：负责人\n\n二、知识产权：\n1. 名称：云计算资源调度优化方法\n   类型：专利 - 发明专利\n   授权号：CN202389475D\n   授权日期：2023-06-25\n\n2. 名称：一种基于深度学习的图像识别方法\n   类型：专利 - 发明专利\n   授权号：CN123456789A\n   授权日期：2022-05-20\n\n3. 名称：区块链数据安全传输系统\n   类型：专利 - 实用新型专利\n   授权号：CN987654321B\n   授权日期：2021-02-25\n\n三、获奖情况：\n1. 奖项名称：全国科技进步奖\n   获奖等级：二等奖\n   颁发单位：教育部\n   获奖日期：2022-12-04\n\n2. 奖项名称：互联网创新应用奖\n   获奖等级：金奖\n   颁发单位：中国互联网协会\n   获奖日期：2022-11-20\n\n3. 奖项名称：省科技创新奖\n   获奖等级：一等奖\n   颁发单位：省科技厅\n   获奖日期：2021-09-15\n\n四、学术交流：\n1. 出访目的：参加SIGMOD数据库会议\n   出访地点：加拿大·多伦多\n   出访时间：2023-07-12 至 2023-07-12\n   出访成果：发表高水平论文\n\n2. 出访目的：访学调研\n   出访地点：英国剑桥\n   出访时间：2023-04-03 至 2023-06-13\n   出访成果：撰写SCI论文2篇，申请专利1项\n\n3. 出访目的：访问哈佛大学交流\n   出访地点：美国·波士顿\n   出访时间：2023-03-05 至 2023-03-20\n   出访成果：签署合作协议\n\n4. 出访目的：参加IEEE国际会议\n   出访地点：美国·旧金山\n   出访时间：2022-10-15 至 2022-10-22\n   出访成果：发表论文并建立合作关系\n\n\n\n请输出摘要：\n"
  } ],
  "temperature" : 0.3
}
2025-06-18 13:08:14.265 [http-nio-8082-exec-4] DEBUG d.l.c.m.qianfan.client.ResponseLoggingInterceptor - Response:
- status code: 200
- headers: [access-control-allow-headers: Content-Type], [access-control-allow-origin: *], [appid: 119129975], [content-type: application/json; charset=utf-8], [date: Wed, 18 Jun 2025 05:08:14 GMT], [p3p: CP=" OTI DSP COR IVA OUR IND COM "], [server: Apache], [set-cookie: BAIDUID=A367B1F84796E65B4FB697F2481E7E02:FG=1; expires=Thu, 31-Dec-37 23:55:55 GMT; max-age=2145916555; path=/; domain=.baidubce.com; version=1], [statement: AI-generated], [vary: Accept-Encoding], [x-aipe-self-def: eb_total_tokens:1238,prompt_tokens:1116,id:as-z0d5bc8z01], [x-baidu-request-id: 85c94991ef65bb0ead2a836124d1cfce1000105], [x-openapi-server-timestamp: 1750223285], [x-ratelimit-limit-requests: 10000], [x-ratelimit-limit-tokens: 800000], [x-ratelimit-remaining-requests: 9999], [x-ratelimit-remaining-tokens: 798884]
- body: {"id":"as-z0d5bc8z01","object":"chat.completion","created":1750223285,"result":"张小hui教授专注于人工智能与大数据分析领域，近年来参与了多项重要科研项目，包括人工智能辅助教学、新型储能材料开发、多模态语音识别等，担任多个项目负责人，累计获得项目经费超千万元。在知识产权方面，张小hui教授拥有三项发明专利和一项实用新型专利，涉及云计算资源调度、深度学习图像识别及区块链数据安全传输等领域。其科研成果丰硕，荣获全国科技进步奖二等奖、互联网创新应用金奖及省科技创新奖一等奖等多项荣誉。此外，张小hui教授积极参与国际学术交流，多次出访海外知名学府及参加国际会议，发表高水平论文，建立广泛合作关系，推动了学科发展。","is_truncated":false,"need_clear_history":false,"finish_reason":"normal","usage":{"prompt_tokens":1116,"completion_tokens":122,"total_tokens":1238}}
2025-06-18 13:08:14.269 [http-nio-8082-exec-4] INFO  h.c.s.service.impl.ResearchSummaryServiceImpl - 接收到大模型的响应: 张小hui教授专注于人工智能与大数据分析领域，近年来参与了多项重要科研项目，包括人工智能辅助教学、新型储能材料开发、多模态语音识别等，担任多个项目负责人，累计获得项目经费超千万元。在知识产权方面，张小hui教授拥有三项发明专利和一项实用新型专利，涉及云计算资源调度、深度学习图像识别及区块链数据安全传输等领域。其科研成果丰硕，荣获全国科技进步奖二等奖、互联网创新应用金奖及省科技创新奖一等奖等多项荣誉。此外，张小hui教授积极参与国际学术交流，多次出访海外知名学府及参加国际会议，发表高水平论文，建立广泛合作关系，推动了学科发展。
2025-06-18 13:11:37.660 [SpringApplicationShutdownHook] INFO  com.zaxxer.hikari.HikariDataSource - HikariPool-1 - Shutdown initiated...
2025-06-18 13:11:37.663 [SpringApplicationShutdownHook] INFO  com.zaxxer.hikari.HikariDataSource - HikariPool-1 - Shutdown completed.
